cat_periodo,sector_macro,familia_carrera,total_alumnos
2007,Administración de Empresas y Derecho,Administración de Empresas e Ing. Asociadas,13406
2007,Administración de Empresas y Derecho,Administración Pública,1951
2007,Administración de Empresas y Derecho,Bachillerato y/o Licenciatura en Administración y Comercio,150
2007,Administración de Empresas y Derecho,Comunicación Empresarial y Organizacional,148
2007,Administración de Empresas y Derecho,Contador Auditor,17607
2007,Administración de Empresas y Derecho,Criminalística,8529
2007,Administración de Empresas y Derecho,Derecho,32980
2007,Administración de Empresas y Derecho,Doctorado en Administración y Comercio,83
2007,Administración de Empresas y Derecho,Doctorado en Derecho,104
2007,Administración de Empresas y Derecho,Ingeniería Comercial,25180
2007,Administración de Empresas y Derecho,Ingeniería en Administración Jurídica,17
2007,Administración de Empresas y Derecho,Ingeniería en Comercio Exterior,1986
2007,Administración de Empresas y Derecho,Ingeniería en Control de Gestión,1080
2007,Administración de Empresas y Derecho,Ingeniería en Finanzas,471
2007,Administración de Empresas y Derecho,Ingeniería en Gestión Pública,369
2007,Administración de Empresas y Derecho,Ingeniería en Gestión y Control de Calidad,253
2007,Administración de Empresas y Derecho,Ingeniería en Logística,389
2007,Administración de Empresas y Derecho,Ingeniería en Marketing,623
2007,Administración de Empresas y Derecho,Ingeniería en Recursos Humanos,844
2007,Administración de Empresas y Derecho,Magister en Administración y Comercio,5039
2007,Administración de Empresas y Derecho,Magister en Ciencias Sociales,244
2007,Administración de Empresas y Derecho,Magister en Derecho,850
2007,Administración de Empresas y Derecho,Otros Profesionales de Administración y Comercio,155
2007,Administración de Empresas y Derecho,Otros Profesionales de Ciencias Sociales,13
2007,Administración de Empresas y Derecho,Otros Técnicos de Administración y Comercio,9
2007,Administración de Empresas y Derecho,Postítulo en Administración y Comercio,817
2007,Administración de Empresas y Derecho,Postítulo en Ciencias Sociales,25
2007,Administración de Empresas y Derecho,Postítulo en Derecho,239
2007,Administración de Empresas y Derecho,Publicidad,6042
2007,Administración de Empresas y Derecho,Relaciones Públicas,3130
2007,Administración de Empresas y Derecho,Secretariado Bilingüe,1415
2007,Administración de Empresas y Derecho,Secretariado Computacional,929
2007,Administración de Empresas y Derecho,Secretariado Ejecutivo,1053
2007,Administración de Empresas y Derecho,Técnico Agente o Visitador Médico,823
2007,Administración de Empresas y Derecho,Técnico en Administración de Empresas,11461
2007,Administración de Empresas y Derecho,Técnico en Administración de Recursos Humanos y Personal,1038
2007,Administración de Empresas y Derecho,Técnico en Administración de Ventas,474
2007,Administración de Empresas y Derecho,Técnico en Administración en Marketing,103
2007,Administración de Empresas y Derecho,Técnico en Administración Financiera y Finanzas,2355
2007,Administración de Empresas y Derecho,Técnico en Administración Pública o Municipal,395
2007,Administración de Empresas y Derecho,Técnico en Comercio Exterior,3359
2007,Administración de Empresas y Derecho,Técnico en Contabilidad Computacional,337
2007,Administración de Empresas y Derecho,Técnico en Contabilidad General,3616
2007,Administración de Empresas y Derecho,Técnico en Contabilidad Tributaria,38
2007,Administración de Empresas y Derecho,Técnico en Gestión Previsional,28
2007,Administración de Empresas y Derecho,Técnico en Gestión y Control de Calidad,199
2007,Administración de Empresas y Derecho,Técnico en Logística,921
2007,Administración de Empresas y Derecho,Técnico en Producción de Eventos,623
2007,Administración de Empresas y Derecho,Técnico en Publicidad,191
2007,Administración de Empresas y Derecho,Técnico en Relaciones Públicas,773
2007,Administración de Empresas y Derecho,Técnico Jurídico,11594
2007,Administración de Empresas y Derecho,"Técnico Perito Judicial, Forense o en Criminalística",9157
2007,"Agricultura, Silvicultura, Pesca y Veterinaria",Agronomía,8232
2007,"Agricultura, Silvicultura, Pesca y Veterinaria",Doctorado en Agropecuaria,224
2007,"Agricultura, Silvicultura, Pesca y Veterinaria",Ingeniería Agrícola,1763
2007,"Agricultura, Silvicultura, Pesca y Veterinaria",Ingeniería de Ejecución Forestal,108
2007,"Agricultura, Silvicultura, Pesca y Veterinaria",Ingeniería en Acuicultura y Pesca,1983
2007,"Agricultura, Silvicultura, Pesca y Veterinaria",Ingeniería en Vitivinicultura,23
2007,"Agricultura, Silvicultura, Pesca y Veterinaria",Ingeniería Forestal,1691
2007,"Agricultura, Silvicultura, Pesca y Veterinaria",Magister en Administración y Comercio,17
2007,"Agricultura, Silvicultura, Pesca y Veterinaria",Magister en Agropecuaria,436
2007,"Agricultura, Silvicultura, Pesca y Veterinaria",Medicina Veterinaria,9101
2007,"Agricultura, Silvicultura, Pesca y Veterinaria",Otros Técnicos de Administración y Comercio,26
2007,"Agricultura, Silvicultura, Pesca y Veterinaria",Postítulo en Agropecuaria,16
2007,"Agricultura, Silvicultura, Pesca y Veterinaria",Técnico Agropecuario,2460
2007,"Agricultura, Silvicultura, Pesca y Veterinaria",Técnico en Acuicultura y Pesca,840
2007,"Agricultura, Silvicultura, Pesca y Veterinaria",Técnico en Vitivinicultura y/o Enología,340
2007,"Agricultura, Silvicultura, Pesca y Veterinaria",Técnico Veterinario,812
2007,Artes y Humanidades,Actuación y Teatro,3057
2007,Artes y Humanidades,Animación Digital,222
2007,Artes y Humanidades,Arqueología,142
2007,Artes y Humanidades,Artes y Licenciatura en Artes,3444
2007,Artes y Humanidades,Bachillerato y/o Licenciatura en Humanidades,1075
2007,Artes y Humanidades,Comunicación Audiovisual y/o Multimedia,3463
2007,Artes y Humanidades,Diseño,4898
2007,Artes y Humanidades,Diseño de Ambientes e Interiores,1237
2007,Artes y Humanidades,Diseño de Vestuario,1513
2007,Artes y Humanidades,Diseño Gráfico,8130
2007,Artes y Humanidades,Diseño Teatral,44
2007,Artes y Humanidades,Doctorado en Ciencias Sociales,75
2007,Artes y Humanidades,Doctorado en Humanidades,338
2007,Artes y Humanidades,Filosofía,528
2007,Artes y Humanidades,Fotografía,765
2007,Artes y Humanidades,Historia,2341
2007,Artes y Humanidades,Licenciatura en Letras y Literatura,1537
2007,Artes y Humanidades,Magister en Arte y Arquitectura,171
2007,Artes y Humanidades,Magister en Ciencias Sociales,280
2007,Artes y Humanidades,Magister en Humanidades,797
2007,Artes y Humanidades,"Música, Canto o Danza",2279
2007,Artes y Humanidades,Otros Profesionales de Arte y Arquitectura,64
2007,Artes y Humanidades,Otros Profesionales de Humanidades,332
2007,Artes y Humanidades,Otros Técnicos de Arte y Arquitectura,521
2007,Artes y Humanidades,Otros Técnicos de Humanidades,15
2007,Artes y Humanidades,Postítulo en Arte y Arquitectura,196
2007,Artes y Humanidades,Postítulo en Humanidades,400
2007,Artes y Humanidades,Realizador de Cine y Televisión,821
2007,Artes y Humanidades,Técnico en Ambientes e Interiores,177
2007,Artes y Humanidades,Técnico en Comunicación Audiovisual,1029
2007,Artes y Humanidades,Técnico en Diseño de Vestuario,341
2007,Artes y Humanidades,Técnico en Diseño Gráfico,1480
2007,Artes y Humanidades,Técnico en Fotografía,380
2007,Artes y Humanidades,Técnico en Producción Gráfica y Multimedia,769
2007,Artes y Humanidades,Técnico en Sonido,1767
2007,Artes y Humanidades,Técnico en Teatro,67
2007,Artes y Humanidades,Técnico en Traducción e Interpretariado,1334
2007,Artes y Humanidades,Traducción e Interpretación,3112
2007,"Ciencias naturales, matemáticas y estadística",Analista Químico,513
2007,"Ciencias naturales, matemáticas y estadística",Bachillerato y/o Licenciatura en Ciencias Básicas,2768
2007,"Ciencias naturales, matemáticas y estadística",Biología,1540
2007,"Ciencias naturales, matemáticas y estadística",Biología Marina y Ecología Marina,1532
2007,"Ciencias naturales, matemáticas y estadística",Bioquímica,1732
2007,"Ciencias naturales, matemáticas y estadística",Biotecnología,196
2007,"Ciencias naturales, matemáticas y estadística",Doctorado en Ciencias Básicas,1201
2007,"Ciencias naturales, matemáticas y estadística",Doctorado en Tecnología,63
2007,"Ciencias naturales, matemáticas y estadística",Física y Astronomía,1023
2007,"Ciencias naturales, matemáticas y estadística",Geología,780
2007,"Ciencias naturales, matemáticas y estadística",Ingeniería Civil en Geomática y Geomensura,8
2007,"Ciencias naturales, matemáticas y estadística",Ingeniería Civil Matemática y Estadística,221
2007,"Ciencias naturales, matemáticas y estadística",Ingeniería en Geomensura y Cartografía,826
2007,"Ciencias naturales, matemáticas y estadística",Ingeniería en Matemática y Estadística,859
2007,"Ciencias naturales, matemáticas y estadística",Ingeniería en Recursos Renovables,424
2007,"Ciencias naturales, matemáticas y estadística",Magister en Ciencias Básicas,598
2007,"Ciencias naturales, matemáticas y estadística",Magister en Tecnología,242
2007,"Ciencias naturales, matemáticas y estadística",Matemática y/o Estadística,1087
2007,"Ciencias naturales, matemáticas y estadística",Otras Ingenierías,236
2007,"Ciencias naturales, matemáticas y estadística",Otros Profesionales de Ciencias Básicas,322
2007,"Ciencias naturales, matemáticas y estadística",Postítulo en Ciencias Básicas,69
2007,"Ciencias naturales, matemáticas y estadística",Química Ambiental,186
2007,"Ciencias naturales, matemáticas y estadística","Química, Licenciado en Química",1048
2007,"Ciencias naturales, matemáticas y estadística",Técnico en Geología,26
2007,"Ciencias naturales, matemáticas y estadística",Técnico en Geomensura,4
2007,"Ciencias naturales, matemáticas y estadística",Técnico en Geominería,36
2007,"Ciencias naturales, matemáticas y estadística",Técnico en Medio Ambiente (Control y Gestión),252
2007,"Ciencias naturales, matemáticas y estadística",Técnico en Química (Análisis e Industrial),1262
2007,"Ciencias Sociales, Periodismo e Información",Antropología,1313
2007,"Ciencias Sociales, Periodismo e Información",Bachillerato y/o Licenciatura en Ciencias Sociales,1446
2007,"Ciencias Sociales, Periodismo e Información",Bibliotecología,371
2007,"Ciencias Sociales, Periodismo e Información",Ciencias Políticas,1665
2007,"Ciencias Sociales, Periodismo e Información",Comunicación Social,293
2007,"Ciencias Sociales, Periodismo e Información",Doctorado en Ciencias Sociales,115
2007,"Ciencias Sociales, Periodismo e Información",Geografía,1044
2007,"Ciencias Sociales, Periodismo e Información",Magister en Ciencias Sociales,3079
2007,"Ciencias Sociales, Periodismo e Información",Magister en Humanidades,1
2007,"Ciencias Sociales, Periodismo e Información",Otros Profesionales de Ciencias Sociales,82
2007,"Ciencias Sociales, Periodismo e Información",Periodismo,8129
2007,"Ciencias Sociales, Periodismo e Información",Postítulo en Ciencias Sociales,343
2007,"Ciencias Sociales, Periodismo e Información",Psicología,23937
2007,"Ciencias Sociales, Periodismo e Información",Sociología,3358
2007,"Ciencias Sociales, Periodismo e Información",Técnico en Bibliotecas y Centros de Documentación,227
2007,"Ciencias Sociales, Periodismo e Información",Técnico en Comunicación Social,41
2007,Educación,Bachillerato y/o Licenciatura en Educación,779
2007,Educación,Doctorado en Educación,167
2007,Educación,Magister en Educación,2947
2007,Educación,Otros Técnicos de Educación,39
2007,Educación,Pedagogía en Artes y Música,2932
2007,Educación,Pedagogía en Ciencias,4097
2007,Educación,Pedagogía en Educación Básica,29115
2007,Educación,Pedagogía en Educación de Párvulos,14716
2007,Educación,Pedagogía en Educación Diferencial,6021
2007,Educación,Pedagogía en Educación Física,16237
2007,Educación,Pedagogía en Educación Media,323
2007,Educación,Pedagogía en Educación Técnico Profesional,665
2007,Educación,Pedagogía en Educación Tecnológica,192
2007,Educación,Pedagogía en Filosofía y Religión,1837
2007,Educación,"Pedagogía en Historia, Geografía y Ciencias Sociales",6126
2007,Educación,Pedagogía en Idiomas,9984
2007,Educación,"Pedagogía en Lenguaje, Comunicación y/o Castellano",4064
2007,Educación,Pedagogía en Matemáticas y Computación,3593
2007,Educación,Postítulo en Educación,3045
2007,Educación,Programas de Formación Pedagógica,400
2007,Educación,Psicopedagogía,5084
2007,Educación,Técnico Asistente del Educador de Párvulos,1989
2007,Educación,Técnico Asistente del Educador Diferencial,1755
2007,"Ingeniería, Industria y Construcción",Arquitectura,12784
2007,"Ingeniería, Industria y Construcción",Bachillerato y/o Licenciatura en Tecnología,490
2007,"Ingeniería, Industria y Construcción",Construcción Civil,4156
2007,"Ingeniería, Industria y Construcción",Diseño Industrial,1927
2007,"Ingeniería, Industria y Construcción",Doctorado en Arte y Arquitectura,30
2007,"Ingeniería, Industria y Construcción",Doctorado en Tecnología,343
2007,"Ingeniería, Industria y Construcción",Ingeniería Agroindustrial,649
2007,"Ingeniería, Industria y Construcción",Ingeniería Civil Agrícola,212
2007,"Ingeniería, Industria y Construcción",Ingeniería Civil Ambiental,754
2007,"Ingeniería, Industria y Construcción",Ingeniería Civil Bioquímica,269
2007,"Ingeniería, Industria y Construcción",Ingeniería Civil Eléctrica,1667
2007,"Ingeniería, Industria y Construcción",Ingeniería Civil Electrónica,1850
2007,"Ingeniería, Industria y Construcción",Ingeniería Civil en Agroindustrias,19
2007,"Ingeniería, Industria y Construcción",Ingeniería Civil en Biomédica,150
2007,"Ingeniería, Industria y Construcción",Ingeniería Civil en Biotecnología y/o Bioingeniería,184
2007,"Ingeniería, Industria y Construcción",Ingeniería Civil en Geografía,173
2007,"Ingeniería, Industria y Construcción",Ingeniería Civil en Industrias Forestales,126
2007,"Ingeniería, Industria y Construcción",Ingeniería Civil en Materiales,111
2007,"Ingeniería, Industria y Construcción",Ingeniería Civil en Minas,798
2007,"Ingeniería, Industria y Construcción",Ingeniería Civil en Obras Civiles,1688
2007,"Ingeniería, Industria y Construcción",Ingeniería Civil en Sonido y Acústica,271
2007,"Ingeniería, Industria y Construcción",Ingeniería Civil en Telemática,259
2007,"Ingeniería, Industria y Construcción",Ingeniería Civil Industrial,16250
2007,"Ingeniería, Industria y Construcción",Ingeniería Civil Mecánica,2149
2007,"Ingeniería, Industria y Construcción",Ingeniería Civil Metalúrgica,939
2007,"Ingeniería, Industria y Construcción",Ingeniería Civil Química,1370
2007,"Ingeniería, Industria y Construcción","Ingeniería Civil, plan común y licenciatura en Ciencias de la Ingeniería",10978
2007,"Ingeniería, Industria y Construcción",Ingeniería en Alimentos,2238
2007,"Ingeniería, Industria y Construcción","Ingeniería en Automatización, Instrumentación y Control",1801
2007,"Ingeniería, Industria y Construcción",Ingeniería en Biotecnología y Bioingeniería,1475
2007,"Ingeniería, Industria y Construcción",Ingeniería en Construcción,8749
2007,"Ingeniería, Industria y Construcción",Ingeniería en Electricidad,3365
2007,"Ingeniería, Industria y Construcción",Ingeniería en Electrónica,2684
2007,"Ingeniería, Industria y Construcción",Ingeniería en Geomensura y Cartografía,274
2007,"Ingeniería, Industria y Construcción",Ingeniería en Industria de la Madera,422
2007,"Ingeniería, Industria y Construcción",Ingeniería en Mecánica Automotriz,7073
2007,"Ingeniería, Industria y Construcción",Ingeniería en Mecatrónica,146
2007,"Ingeniería, Industria y Construcción",Ingeniería en Medio Ambiente,2102
2007,"Ingeniería, Industria y Construcción",Ingeniería en Metalurgia,549
2007,"Ingeniería, Industria y Construcción",Ingeniería en Minas,1190
2007,"Ingeniería, Industria y Construcción",Ingeniería en Proyectos Estructurales,72
2007,"Ingeniería, Industria y Construcción",Ingeniería en Química,1021
2007,"Ingeniería, Industria y Construcción",Ingeniería en Refrigeración y Climatización,295
2007,"Ingeniería, Industria y Construcción",Ingeniería en Sonido,1320
2007,"Ingeniería, Industria y Construcción",Ingeniería en Telecomunicaciones,286
2007,"Ingeniería, Industria y Construcción",Ingeniería en Telemática,163
2007,"Ingeniería, Industria y Construcción",Ingeniería Industrial,5385
2007,"Ingeniería, Industria y Construcción",Ingeniería Mecánica,4398
2007,"Ingeniería, Industria y Construcción",Ingeniería Naval,278
2007,"Ingeniería, Industria y Construcción",Ingeniería Textil,8
2007,"Ingeniería, Industria y Construcción",Magister en Arte y Arquitectura,159
2007,"Ingeniería, Industria y Construcción",Magister en Tecnología,1410
2007,"Ingeniería, Industria y Construcción",Otras Ingenierías,604
2007,"Ingeniería, Industria y Construcción",Otras Ingenierías Civiles,727
2007,"Ingeniería, Industria y Construcción",Otros Profesionales de Tecnología,911
2007,"Ingeniería, Industria y Construcción",Otros Técnicos de Arte y Arquitectura,42
2007,"Ingeniería, Industria y Construcción",Otros Técnicos de Tecnología,139
2007,"Ingeniería, Industria y Construcción",Paisajismo,165
2007,"Ingeniería, Industria y Construcción",Postítulo en Arte y Arquitectura,37
2007,"Ingeniería, Industria y Construcción",Postítulo en Tecnología,30
2007,"Ingeniería, Industria y Construcción",Química Industrial,359
2007,"Ingeniería, Industria y Construcción",Técnico en Agroindustria,229
2007,"Ingeniería, Industria y Construcción",Técnico en Alimentos,484
2007,"Ingeniería, Industria y Construcción",Técnico en Biotecnología Industrial,175
2007,"Ingeniería, Industria y Construcción",Técnico en Construcción y Obras Civiles,6175
2007,"Ingeniería, Industria y Construcción",Técnico en Dibujo Arquitectónico,1562
2007,"Ingeniería, Industria y Construcción",Técnico en Dibujo Técnico,455
2007,"Ingeniería, Industria y Construcción",Técnico en Diseño de Áreas Verdes y Paisajismo,142
2007,"Ingeniería, Industria y Construcción",Técnico en Electricidad y Electricidad Industrial,2586
2007,"Ingeniería, Industria y Construcción",Técnico en Electromecánica,446
2007,"Ingeniería, Industria y Construcción",Técnico en Electrónica y Electrónica Industrial,1619
2007,"Ingeniería, Industria y Construcción",Técnico en Industria Forestal o de la Madera,215
2007,"Ingeniería, Industria y Construcción","Técnico en Instrumentación, Automatización y Control Industrial",1884
2007,"Ingeniería, Industria y Construcción",Técnico en Mantenimiento Industrial,1567
2007,"Ingeniería, Industria y Construcción",Técnico en Matriceria,79
2007,"Ingeniería, Industria y Construcción",Técnico en Mecánica Automotriz,6222
2007,"Ingeniería, Industria y Construcción",Técnico en Mecánica Industrial,1175
2007,"Ingeniería, Industria y Construcción",Técnico en Medio Ambiente (Control y Gestión),91
2007,"Ingeniería, Industria y Construcción",Técnico en Metalurgia,157
2007,"Ingeniería, Industria y Construcción",Técnico en Minería,230
2007,"Ingeniería, Industria y Construcción",Técnico en Procesos Industriales,435
2007,"Ingeniería, Industria y Construcción",Técnico en Proyecto y Diseño Mecánico,86
2007,"Ingeniería, Industria y Construcción",Técnico en Proyectos de Ingeniería,139
2007,"Ingeniería, Industria y Construcción",Técnico en Refrigeración y Climatización,380
2007,"Ingeniería, Industria y Construcción",Técnico en Telecomunicaciones,422
2007,"Ingeniería, Industria y Construcción",Técnico en Topografía,844
2007,"Ingeniería, Industria y Construcción",Técnico en Vitivinicultura y/o Enología,100
2007,Salud y Bienestar,Bachillerato y/o Licenciatura en Salud,115
2007,Salud y Bienestar,Doctorado en Salud,246
2007,Salud y Bienestar,Enfermería,15379
2007,Salud y Bienestar,Fonoaudiología,4423
2007,Salud y Bienestar,Kinesiología,16023
2007,Salud y Bienestar,Magister en Ciencias Sociales,114
2007,Salud y Bienestar,Magister en Salud,837
2007,Salud y Bienestar,Medicina,10168
2007,Salud y Bienestar,Naturopatía,141
2007,Salud y Bienestar,Nutrición y Dietética,5773
2007,Salud y Bienestar,Obstetricia y Puericultura,2715
2007,Salud y Bienestar,Odontología,8314
2007,Salud y Bienestar,Orientación Familiar y Relaciones Humanas,193
2007,Salud y Bienestar,Otros Profesionales de Ciencias Sociales,76
2007,Salud y Bienestar,Otros Profesionales de Salud,102
2007,Salud y Bienestar,Otros Técnicos de Ciencias Sociales,524
2007,Salud y Bienestar,Otros Técnicos de Salud,455
2007,Salud y Bienestar,Postítulo en Ciencias Sociales,302
2007,Salud y Bienestar,Postítulo en Salud,2141
2007,Salud y Bienestar,Química y Farmacia,3892
2007,Salud y Bienestar,Técnico Dental y Asistente de Odontología,1594
2007,Salud y Bienestar,Técnico en Arsenaleria Quirúrgica,673
2007,Salud y Bienestar,Técnico en Enfermería,20877
2007,Salud y Bienestar,Técnico en Farmacia,109
2007,Salud y Bienestar,Técnico en Ginecología y Obstetricia,723
2007,Salud y Bienestar,Técnico en Laboratorio Clínico,895
2007,Salud y Bienestar,Técnico en Masoterapia,154
2007,Salud y Bienestar,Técnico en Nutrición y Dietética,65
2007,Salud y Bienestar,Técnico en Óptica,92
2007,Salud y Bienestar,Técnico en Podología,601
2007,Salud y Bienestar,Técnico en Prevención y Rehabilitación,366
2007,Salud y Bienestar,Técnico en Radiología y Radioterapia,585
2007,Salud y Bienestar,Técnico en Servicio Social,1294
2007,Salud y Bienestar,Técnico en Terapias Naturales y Naturopatía,158
2007,Salud y Bienestar,Técnico Laboratorista Dental,1969
2007,Salud y Bienestar,Tecnología Médica,5107
2007,Salud y Bienestar,Terapia Ocupacional,1781
2007,Salud y Bienestar,Trabajo Social,15655
2007,Servicios,Administración Gastronómica,2669
2007,Servicios,Administración Turística y Hotelera,4482
2007,Servicios,Ingeniería en Prevención de Riesgos,8934
2007,Servicios,Ingeniería en Seguridad Privada,56
2007,Servicios,Ingeniería en Transporte y Tránsito,314
2007,Servicios,Ingeniería Marina y Marítimo Portuaria,444
2007,Servicios,Magister en Administración y Comercio,2
2007,Servicios,Magister en Educación,60
2007,Servicios,Magister en Tecnología,26
2007,Servicios,Otras Ingenierías,229
2007,Servicios,Otros Profesionales de Educación,616
2007,Servicios,Otros Profesionales de Tecnología,96
2007,Servicios,Otros Técnicos de Tecnología,66
2007,Servicios,Postítulo en Administración y Comercio,36
2007,Servicios,Postítulo en Tecnología,36
2007,Servicios,"Técnico en Deporte, Recreación y Preparación Física",5004
2007,Servicios,Técnico en Gastronomía y Cocina,8006
2007,Servicios,Técnico en Peluquería y Estética,249
2007,Servicios,Técnico en Prevención de Riesgos,5294
2007,Servicios,Técnico en Seguridad Privada,1
2007,Servicios,Técnico en Transporte Marítimo y Puertos,297
2007,Servicios,Técnico en Turismo y Hotelería,4871
2007,Tecnología de la Información y la Comunicación (TIC),Bachillerato y/o Licenciatura en Tecnología,20
2007,Tecnología de la Información y la Comunicación (TIC),Doctorado en Tecnología,40
2007,Tecnología de la Información y la Comunicación (TIC),Ingeniería Civil en Computación e Informática,6435
2007,Tecnología de la Información y la Comunicación (TIC),Ingeniería en Computación e Informática,17086
2007,Tecnología de la Información y la Comunicación (TIC),Ingeniería en Conectividad y Redes,1797
2007,Tecnología de la Información y la Comunicación (TIC),Magister en Tecnología,355
2007,Tecnología de la Información y la Comunicación (TIC),Otras Ingenierías,147
2007,Tecnología de la Información y la Comunicación (TIC),Otros Profesionales de Tecnología,739
2007,Tecnología de la Información y la Comunicación (TIC),Postítulo en Tecnología,69
2007,Tecnología de la Información y la Comunicación (TIC),Técnico en Administración de Redes y Soporte,4166
2007,Tecnología de la Información y la Comunicación (TIC),Técnico en Análisis de Sistemas,1841
2007,Tecnología de la Información y la Comunicación (TIC),Técnico en Computación e Informática,7915
2007,Tecnología de la Información y la Comunicación (TIC),"Técnico en Producción, Desarrollo y Diseño Web",4
2008,Administración de Empresas y Derecho,Administración de Empresas e Ing. Asociadas,15931
2008,Administración de Empresas y Derecho,Administración Pública,2393
2008,Administración de Empresas y Derecho,Bachillerato y/o Licenciatura en Administración y Comercio,168
2008,Administración de Empresas y Derecho,Comunicación Empresarial y Organizacional,97
2008,Administración de Empresas y Derecho,Contador Auditor,18484
2008,Administración de Empresas y Derecho,Criminalística,2213
2008,Administración de Empresas y Derecho,Derecho,33986
2008,Administración de Empresas y Derecho,Doctorado en Administración y Comercio,6
2008,Administración de Empresas y Derecho,Doctorado en Derecho,115
2008,Administración de Empresas y Derecho,Ingeniería Comercial,27769
2008,Administración de Empresas y Derecho,Ingeniería en Comercio Exterior,2130
2008,Administración de Empresas y Derecho,Ingeniería en Control de Gestión,1497
2008,Administración de Empresas y Derecho,Ingeniería en Finanzas,543
2008,Administración de Empresas y Derecho,Ingeniería en Gestión Pública,224
2008,Administración de Empresas y Derecho,Ingeniería en Gestión y Control de Calidad,99
2008,Administración de Empresas y Derecho,Ingeniería en Logística,412
2008,Administración de Empresas y Derecho,Ingeniería en Marketing,577
2008,Administración de Empresas y Derecho,Ingeniería en Recursos Humanos,860
2008,Administración de Empresas y Derecho,Magister en Administración y Comercio,6536
2008,Administración de Empresas y Derecho,Magister en Ciencias Sociales,263
2008,Administración de Empresas y Derecho,Magister en Derecho,1056
2008,Administración de Empresas y Derecho,Otros Profesionales de Administración y Comercio,108
2008,Administración de Empresas y Derecho,Otros Profesionales de Ciencias Sociales,215
2008,Administración de Empresas y Derecho,Otros Técnicos de Administración y Comercio,17
2008,Administración de Empresas y Derecho,Otros Técnicos de Ciencias Sociales,28
2008,Administración de Empresas y Derecho,Postítulo en Administración y Comercio,1675
2008,Administración de Empresas y Derecho,Postítulo en Ciencias Sociales,7
2008,Administración de Empresas y Derecho,Postítulo en Derecho,382
2008,Administración de Empresas y Derecho,Publicidad,6067
2008,Administración de Empresas y Derecho,Relaciones Públicas,2938
2008,Administración de Empresas y Derecho,Secretariado Bilingüe,1785
2008,Administración de Empresas y Derecho,Secretariado Computacional,968
2008,Administración de Empresas y Derecho,Secretariado Ejecutivo,1141
2008,Administración de Empresas y Derecho,Técnico Agente o Visitador Médico,566
2008,Administración de Empresas y Derecho,Técnico en Administración de Empresas,14221
2008,Administración de Empresas y Derecho,Técnico en Administración de Recursos Humanos y Personal,989
2008,Administración de Empresas y Derecho,Técnico en Administración de Ventas,508
2008,Administración de Empresas y Derecho,Técnico en Administración en Marketing,96
2008,Administración de Empresas y Derecho,Técnico en Administración Financiera y Finanzas,2632
2008,Administración de Empresas y Derecho,Técnico en Administración Pública o Municipal,521
2008,Administración de Empresas y Derecho,Técnico en Comercio Exterior,3283
2008,Administración de Empresas y Derecho,Técnico en Contabilidad Computacional,342
2008,Administración de Empresas y Derecho,Técnico en Contabilidad General,4323
2008,Administración de Empresas y Derecho,Técnico en Contabilidad Tributaria,84
2008,Administración de Empresas y Derecho,Técnico en Gestión Previsional,26
2008,Administración de Empresas y Derecho,Técnico en Gestión y Control de Calidad,229
2008,Administración de Empresas y Derecho,Técnico en Logística,1153
2008,Administración de Empresas y Derecho,Técnico en Producción de Eventos,643
2008,Administración de Empresas y Derecho,Técnico en Publicidad,164
2008,Administración de Empresas y Derecho,Técnico en Relaciones Públicas,868
2008,Administración de Empresas y Derecho,Técnico Jurídico,10345
2008,Administración de Empresas y Derecho,"Técnico Perito Judicial, Forense o en Criminalística",786
2008,"Agricultura, Silvicultura, Pesca y Veterinaria",Agronomía,8188
2008,"Agricultura, Silvicultura, Pesca y Veterinaria",Doctorado en Agropecuaria,209
2008,"Agricultura, Silvicultura, Pesca y Veterinaria",Ingeniería Agrícola,1859
2008,"Agricultura, Silvicultura, Pesca y Veterinaria",Ingeniería de Ejecución Forestal,104
2008,"Agricultura, Silvicultura, Pesca y Veterinaria",Ingeniería en Acuicultura y Pesca,1734
2008,"Agricultura, Silvicultura, Pesca y Veterinaria",Ingeniería en Vitivinicultura,42
2008,"Agricultura, Silvicultura, Pesca y Veterinaria",Ingeniería Forestal,1611
2008,"Agricultura, Silvicultura, Pesca y Veterinaria",Magister en Administración y Comercio,8
2008,"Agricultura, Silvicultura, Pesca y Veterinaria",Magister en Agropecuaria,523
2008,"Agricultura, Silvicultura, Pesca y Veterinaria",Medicina Veterinaria,9345
2008,"Agricultura, Silvicultura, Pesca y Veterinaria",Otros Técnicos de Administración y Comercio,18
2008,"Agricultura, Silvicultura, Pesca y Veterinaria",Postítulo en Agropecuaria,44
2008,"Agricultura, Silvicultura, Pesca y Veterinaria",Técnico Agropecuario,2497
2008,"Agricultura, Silvicultura, Pesca y Veterinaria",Técnico en Acuicultura y Pesca,878
2008,"Agricultura, Silvicultura, Pesca y Veterinaria",Técnico en Vitivinicultura y/o Enología,275
2008,"Agricultura, Silvicultura, Pesca y Veterinaria",Técnico Veterinario,975
2008,Artes y Humanidades,Actuación y Teatro,2869
2008,Artes y Humanidades,Animación Digital,289
2008,Artes y Humanidades,Arqueología,151
2008,Artes y Humanidades,Artes y Licenciatura en Artes,3429
2008,Artes y Humanidades,Bachillerato y/o Licenciatura en Humanidades,1211
2008,Artes y Humanidades,Comunicación Audiovisual y/o Multimedia,2946
2008,Artes y Humanidades,Diseño,4981
2008,Artes y Humanidades,Diseño de Ambientes e Interiores,1124
2008,Artes y Humanidades,Diseño de Vestuario,1531
2008,Artes y Humanidades,Diseño Gráfico,8461
2008,Artes y Humanidades,Diseño Teatral,39
2008,Artes y Humanidades,Doctorado en Ciencias Sociales,90
2008,Artes y Humanidades,Doctorado en Humanidades,397
2008,Artes y Humanidades,Filosofía,549
2008,Artes y Humanidades,Fotografía,748
2008,Artes y Humanidades,Historia,2236
2008,Artes y Humanidades,Licenciatura en Letras y Literatura,1753
2008,Artes y Humanidades,Magister en Arte y Arquitectura,289
2008,Artes y Humanidades,Magister en Ciencias Sociales,348
2008,Artes y Humanidades,Magister en Humanidades,994
2008,Artes y Humanidades,"Música, Canto o Danza",2721
2008,Artes y Humanidades,Otros Profesionales de Arte y Arquitectura,77
2008,Artes y Humanidades,Otros Profesionales de Humanidades,112
2008,Artes y Humanidades,Otros Técnicos de Arte y Arquitectura,550
2008,Artes y Humanidades,Otros Técnicos de Humanidades,7
2008,Artes y Humanidades,Postítulo en Arte y Arquitectura,107
2008,Artes y Humanidades,Postítulo en Ciencias Sociales,22
2008,Artes y Humanidades,Postítulo en Humanidades,481
2008,Artes y Humanidades,Realizador de Cine y Televisión,879
2008,Artes y Humanidades,Técnico en Ambientes e Interiores,219
2008,Artes y Humanidades,Técnico en Comunicación Audiovisual,937
2008,Artes y Humanidades,Técnico en Diseño de Vestuario,371
2008,Artes y Humanidades,Técnico en Diseño Gráfico,1704
2008,Artes y Humanidades,Técnico en Fotografía,404
2008,Artes y Humanidades,Técnico en Producción Gráfica y Multimedia,598
2008,Artes y Humanidades,Técnico en Sonido,1731
2008,Artes y Humanidades,Técnico en Traducción e Interpretariado,1226
2008,Artes y Humanidades,Traducción e Interpretación,3694
2008,"Ciencias naturales, matemáticas y estadística",Analista Químico,596
2008,"Ciencias naturales, matemáticas y estadística",Bachillerato y/o Licenciatura en Ciencias Básicas,3149
2008,"Ciencias naturales, matemáticas y estadística",Biología,1567
2008,"Ciencias naturales, matemáticas y estadística",Biología Marina y Ecología Marina,1574
2008,"Ciencias naturales, matemáticas y estadística",Bioquímica,1844
2008,"Ciencias naturales, matemáticas y estadística",Biotecnología,326
2008,"Ciencias naturales, matemáticas y estadística",Doctorado en Ciencias Básicas,1294
2008,"Ciencias naturales, matemáticas y estadística",Doctorado en Tecnología,102
2008,"Ciencias naturales, matemáticas y estadística",Física y Astronomía,1038
2008,"Ciencias naturales, matemáticas y estadística",Geología,896
2008,"Ciencias naturales, matemáticas y estadística",Ingeniería Civil en Geomática y Geomensura,19
2008,"Ciencias naturales, matemáticas y estadística",Ingeniería Civil Matemática y Estadística,291
2008,"Ciencias naturales, matemáticas y estadística",Ingeniería en Geomensura y Cartografía,932
2008,"Ciencias naturales, matemáticas y estadística",Ingeniería en Matemática y Estadística,854
2008,"Ciencias naturales, matemáticas y estadística",Ingeniería en Recursos Renovables,433
2008,"Ciencias naturales, matemáticas y estadística",Magister en Ciencias Básicas,727
2008,"Ciencias naturales, matemáticas y estadística",Magister en Tecnología,241
2008,"Ciencias naturales, matemáticas y estadística",Matemática y/o Estadística,889
2008,"Ciencias naturales, matemáticas y estadística",Otras Ingenierías,260
2008,"Ciencias naturales, matemáticas y estadística",Otros Profesionales de Ciencias Básicas,291
2008,"Ciencias naturales, matemáticas y estadística",Postítulo en Ciencias Básicas,65
2008,"Ciencias naturales, matemáticas y estadística",Química Ambiental,250
2008,"Ciencias naturales, matemáticas y estadística","Química, Licenciado en Química",1054
2008,"Ciencias naturales, matemáticas y estadística",Técnico en Geología,46
2008,"Ciencias naturales, matemáticas y estadística",Técnico en Geominería,142
2008,"Ciencias naturales, matemáticas y estadística",Técnico en Medio Ambiente (Control y Gestión),238
2008,"Ciencias naturales, matemáticas y estadística",Técnico en Química (Análisis e Industrial),1283
2008,"Ciencias Sociales, Periodismo e Información",Antropología,1324
2008,"Ciencias Sociales, Periodismo e Información",Bachillerato y/o Licenciatura en Ciencias Sociales,1231
2008,"Ciencias Sociales, Periodismo e Información",Bibliotecología,341
2008,"Ciencias Sociales, Periodismo e Información",Ciencias Políticas,1882
2008,"Ciencias Sociales, Periodismo e Información",Comunicación Social,209
2008,"Ciencias Sociales, Periodismo e Información",Doctorado en Ciencias Sociales,193
2008,"Ciencias Sociales, Periodismo e Información",Geografía,1077
2008,"Ciencias Sociales, Periodismo e Información",Magister en Ciencias Sociales,3624
2008,"Ciencias Sociales, Periodismo e Información",Otros Profesionales de Ciencias Sociales,435
2008,"Ciencias Sociales, Periodismo e Información",Otros Técnicos de Ciencias Sociales,1
2008,"Ciencias Sociales, Periodismo e Información",Periodismo,7440
2008,"Ciencias Sociales, Periodismo e Información",Postítulo en Ciencias Sociales,481
2008,"Ciencias Sociales, Periodismo e Información",Postítulo en Humanidades,1
2008,"Ciencias Sociales, Periodismo e Información",Psicología,24309
2008,"Ciencias Sociales, Periodismo e Información",Sociología,3404
2008,"Ciencias Sociales, Periodismo e Información",Técnico en Bibliotecas y Centros de Documentación,219
2008,Educación,Bachillerato y/o Licenciatura en Educación,286
2008,Educación,Doctorado en Educación,473
2008,Educación,Magister en Educación,3660
2008,Educación,Otros Técnicos de Educación,74
2008,Educación,Pedagogía en Artes y Música,3206
2008,Educación,Pedagogía en Ciencias,4544
2008,Educación,Pedagogía en Educación Básica,25237
2008,Educación,Pedagogía en Educación de Párvulos,14372
2008,Educación,Pedagogía en Educación Diferencial,6698
2008,Educación,Pedagogía en Educación Física,17411
2008,Educación,Pedagogía en Educación Media,363
2008,Educación,Pedagogía en Educación Técnico Profesional,844
2008,Educación,Pedagogía en Educación Tecnológica,184
2008,Educación,Pedagogía en Filosofía y Religión,1717
2008,Educación,"Pedagogía en Historia, Geografía y Ciencias Sociales",6799
2008,Educación,Pedagogía en Idiomas,11167
2008,Educación,"Pedagogía en Lenguaje, Comunicación y/o Castellano",4232
2008,Educación,Pedagogía en Matemáticas y Computación,4107
2008,Educación,Postítulo en Educación,3616
2008,Educación,Programas de Formación Pedagógica,426
2008,Educación,Psicopedagogía,6234
2008,Educación,Técnico Asistente del Educador de Párvulos,2996
2008,Educación,Técnico Asistente del Educador Diferencial,2008
2008,"Ingeniería, Industria y Construcción",Arquitectura,12507
2008,"Ingeniería, Industria y Construcción",Bachillerato y/o Licenciatura en Tecnología,451
2008,"Ingeniería, Industria y Construcción",Construcción Civil,4608
2008,"Ingeniería, Industria y Construcción",Diseño Industrial,1913
2008,"Ingeniería, Industria y Construcción",Doctorado en Arte y Arquitectura,40
2008,"Ingeniería, Industria y Construcción",Doctorado en Tecnología,401
2008,"Ingeniería, Industria y Construcción",Ingeniería Agroindustrial,536
2008,"Ingeniería, Industria y Construcción",Ingeniería Civil Agrícola,291
2008,"Ingeniería, Industria y Construcción",Ingeniería Civil Ambiental,928
2008,"Ingeniería, Industria y Construcción",Ingeniería Civil Bioquímica,267
2008,"Ingeniería, Industria y Construcción",Ingeniería Civil Eléctrica,1787
2008,"Ingeniería, Industria y Construcción",Ingeniería Civil Electrónica,1935
2008,"Ingeniería, Industria y Construcción",Ingeniería Civil en Agroindustrias,46
2008,"Ingeniería, Industria y Construcción",Ingeniería Civil en Biomédica,192
2008,"Ingeniería, Industria y Construcción",Ingeniería Civil en Biotecnología y/o Bioingeniería,286
2008,"Ingeniería, Industria y Construcción",Ingeniería Civil en Geografía,156
2008,"Ingeniería, Industria y Construcción",Ingeniería Civil en Industrias Forestales,149
2008,"Ingeniería, Industria y Construcción",Ingeniería Civil en Materiales,136
2008,"Ingeniería, Industria y Construcción",Ingeniería Civil en Minas,1112
2008,"Ingeniería, Industria y Construcción",Ingeniería Civil en Obras Civiles,1949
2008,"Ingeniería, Industria y Construcción",Ingeniería Civil en Sonido y Acústica,266
2008,"Ingeniería, Industria y Construcción",Ingeniería Civil en Telemática,309
2008,"Ingeniería, Industria y Construcción",Ingeniería Civil Industrial,18089
2008,"Ingeniería, Industria y Construcción",Ingeniería Civil Mecánica,2252
2008,"Ingeniería, Industria y Construcción",Ingeniería Civil Metalúrgica,1264
2008,"Ingeniería, Industria y Construcción",Ingeniería Civil Química,1496
2008,"Ingeniería, Industria y Construcción","Ingeniería Civil, plan común y licenciatura en Ciencias de la Ingeniería",10718
2008,"Ingeniería, Industria y Construcción",Ingeniería en Alimentos,2093
2008,"Ingeniería, Industria y Construcción","Ingeniería en Automatización, Instrumentación y Control",2058
2008,"Ingeniería, Industria y Construcción",Ingeniería en Biotecnología y Bioingeniería,1737
2008,"Ingeniería, Industria y Construcción",Ingeniería en Construcción,9186
2008,"Ingeniería, Industria y Construcción",Ingeniería en Electricidad,3396
2008,"Ingeniería, Industria y Construcción",Ingeniería en Electrónica,2417
2008,"Ingeniería, Industria y Construcción",Ingeniería en Geomensura y Cartografía,113
2008,"Ingeniería, Industria y Construcción",Ingeniería en Industria de la Madera,295
2008,"Ingeniería, Industria y Construcción",Ingeniería en Mecánica Automotriz,7444
2008,"Ingeniería, Industria y Construcción",Ingeniería en Mecatrónica,193
2008,"Ingeniería, Industria y Construcción",Ingeniería en Medio Ambiente,1892
2008,"Ingeniería, Industria y Construcción",Ingeniería en Metalurgia,658
2008,"Ingeniería, Industria y Construcción",Ingeniería en Minas,1290
2008,"Ingeniería, Industria y Construcción",Ingeniería en Proyectos Estructurales,57
2008,"Ingeniería, Industria y Construcción",Ingeniería en Química,1116
2008,"Ingeniería, Industria y Construcción",Ingeniería en Refrigeración y Climatización,304
2008,"Ingeniería, Industria y Construcción",Ingeniería en Sonido,1194
2008,"Ingeniería, Industria y Construcción",Ingeniería en Telecomunicaciones,708
2008,"Ingeniería, Industria y Construcción",Ingeniería en Telemática,137
2008,"Ingeniería, Industria y Construcción",Ingeniería Industrial,5510
2008,"Ingeniería, Industria y Construcción",Ingeniería Mecánica,4977
2008,"Ingeniería, Industria y Construcción",Ingeniería Naval,263
2008,"Ingeniería, Industria y Construcción",Ingeniería Textil,2
2008,"Ingeniería, Industria y Construcción",Magister en Arte y Arquitectura,198
2008,"Ingeniería, Industria y Construcción",Magister en Tecnología,1751
2008,"Ingeniería, Industria y Construcción",Otras Ingenierías,758
2008,"Ingeniería, Industria y Construcción",Otras Ingenierías Civiles,849
2008,"Ingeniería, Industria y Construcción",Otros Profesionales de Tecnología,1078
2008,"Ingeniería, Industria y Construcción",Otros Técnicos de Arte y Arquitectura,50
2008,"Ingeniería, Industria y Construcción",Otros Técnicos de Tecnología,151
2008,"Ingeniería, Industria y Construcción",Paisajismo,165
2008,"Ingeniería, Industria y Construcción",Postítulo en Arte y Arquitectura,22
2008,"Ingeniería, Industria y Construcción",Postítulo en Tecnología,141
2008,"Ingeniería, Industria y Construcción",Química Industrial,363
2008,"Ingeniería, Industria y Construcción",Técnico en Agroindustria,241
2008,"Ingeniería, Industria y Construcción",Técnico en Alimentos,911
2008,"Ingeniería, Industria y Construcción",Técnico en Biotecnología Industrial,221
2008,"Ingeniería, Industria y Construcción",Técnico en Construcción y Obras Civiles,6892
2008,"Ingeniería, Industria y Construcción",Técnico en Dibujo Arquitectónico,1370
2008,"Ingeniería, Industria y Construcción",Técnico en Dibujo Técnico,498
2008,"Ingeniería, Industria y Construcción",Técnico en Diseño de Áreas Verdes y Paisajismo,140
2008,"Ingeniería, Industria y Construcción",Técnico en Electricidad y Electricidad Industrial,3263
2008,"Ingeniería, Industria y Construcción",Técnico en Electromecánica,358
2008,"Ingeniería, Industria y Construcción",Técnico en Electrónica y Electrónica Industrial,1674
2008,"Ingeniería, Industria y Construcción",Técnico en Industria Forestal o de la Madera,261
2008,"Ingeniería, Industria y Construcción","Técnico en Instrumentación, Automatización y Control Industrial",1987
2008,"Ingeniería, Industria y Construcción",Técnico en Mantenimiento Industrial,1928
2008,"Ingeniería, Industria y Construcción",Técnico en Matriceria,74
2008,"Ingeniería, Industria y Construcción",Técnico en Mecánica Automotriz,6891
2008,"Ingeniería, Industria y Construcción",Técnico en Mecánica Industrial,1455
2008,"Ingeniería, Industria y Construcción",Técnico en Medio Ambiente (Control y Gestión),105
2008,"Ingeniería, Industria y Construcción",Técnico en Metalurgia,190
2008,"Ingeniería, Industria y Construcción",Técnico en Minería,321
2008,"Ingeniería, Industria y Construcción",Técnico en Procesos Industriales,526
2008,"Ingeniería, Industria y Construcción",Técnico en Proyecto y Diseño Mecánico,94
2008,"Ingeniería, Industria y Construcción",Técnico en Proyectos de Ingeniería,135
2008,"Ingeniería, Industria y Construcción",Técnico en Refrigeración y Climatización,407
2008,"Ingeniería, Industria y Construcción",Técnico en Telecomunicaciones,985
2008,"Ingeniería, Industria y Construcción",Técnico en Topografía,853
2008,"Ingeniería, Industria y Construcción",Técnico en Vitivinicultura y/o Enología,96
2008,Salud y Bienestar,Bachillerato y/o Licenciatura en Salud,80
2008,Salud y Bienestar,Doctorado en Salud,267
2008,Salud y Bienestar,Enfermería,18679
2008,Salud y Bienestar,Fonoaudiología,5496
2008,Salud y Bienestar,Kinesiología,18020
2008,Salud y Bienestar,Magister en Ciencias Sociales,125
2008,Salud y Bienestar,Magister en Salud,1447
2008,Salud y Bienestar,Medicina,10829
2008,Salud y Bienestar,Naturopatía,315
2008,Salud y Bienestar,Nutrición y Dietética,7195
2008,Salud y Bienestar,Obstetricia y Puericultura,2657
2008,Salud y Bienestar,Odontología,9313
2008,Salud y Bienestar,Orientación Familiar y Relaciones Humanas,135
2008,Salud y Bienestar,Otros Profesionales de Ciencias Sociales,79
2008,Salud y Bienestar,Otros Profesionales de Salud,115
2008,Salud y Bienestar,Otros Técnicos de Ciencias Sociales,715
2008,Salud y Bienestar,Otros Técnicos de Salud,417
2008,Salud y Bienestar,Postítulo en Ciencias Sociales,307
2008,Salud y Bienestar,Postítulo en Salud,2876
2008,Salud y Bienestar,Química y Farmacia,4101
2008,Salud y Bienestar,Técnico Dental y Asistente de Odontología,1791
2008,Salud y Bienestar,Técnico en Arsenaleria Quirúrgica,481
2008,Salud y Bienestar,Técnico en Enfermería,26655
2008,Salud y Bienestar,Técnico en Farmacia,106
2008,Salud y Bienestar,Técnico en Ginecología y Obstetricia,286
2008,Salud y Bienestar,Técnico en Laboratorio Clínico,1085
2008,Salud y Bienestar,Técnico en Masoterapia,178
2008,Salud y Bienestar,Técnico en Nutrición y Dietética,78
2008,Salud y Bienestar,Técnico en Óptica,99
2008,Salud y Bienestar,Técnico en Podología,463
2008,Salud y Bienestar,Técnico en Prevención y Rehabilitación,280
2008,Salud y Bienestar,Técnico en Radiología y Radioterapia,607
2008,Salud y Bienestar,Técnico en Servicio Social,1544
2008,Salud y Bienestar,Técnico en Terapias Naturales y Naturopatía,261
2008,Salud y Bienestar,Técnico Laboratorista Dental,1930
2008,Salud y Bienestar,Tecnología Médica,5697
2008,Salud y Bienestar,Terapia Ocupacional,2138
2008,Salud y Bienestar,Trabajo Social,16541
2008,Servicios,Administración Gastronómica,3166
2008,Servicios,Administración Turística y Hotelera,4244
2008,Servicios,Doctorado en Educación,3
2008,Servicios,Ingeniería en Prevención de Riesgos,11231
2008,Servicios,Ingeniería en Seguridad Privada,55
2008,Servicios,Ingeniería en Transporte y Tránsito,284
2008,Servicios,Ingeniería Marina y Marítimo Portuaria,441
2008,Servicios,Magister en Educación,143
2008,Servicios,Magister en Tecnología,26
2008,Servicios,Otras Ingenierías,256
2008,Servicios,Otros Profesionales de Educación,677
2008,Servicios,Otros Profesionales de Tecnología,102
2008,Servicios,Otros Técnicos de Tecnología,77
2008,Servicios,Postítulo en Administración y Comercio,33
2008,Servicios,Postítulo en Educación,17
2008,Servicios,Postítulo en Tecnología,58
2008,Servicios,"Técnico en Deporte, Recreación y Preparación Física",5749
2008,Servicios,Técnico en Gastronomía y Cocina,8677
2008,Servicios,Técnico en Peluquería y Estética,302
2008,Servicios,Técnico en Prevención de Riesgos,7470
2008,Servicios,Técnico en Seguridad Privada,42
2008,Servicios,Técnico en Transporte Marítimo y Puertos,309
2008,Servicios,Técnico en Turismo y Hotelería,4664
2008,Tecnología de la Información y la Comunicación (TIC),Bachillerato y/o Licenciatura en Tecnología,3
2008,Tecnología de la Información y la Comunicación (TIC),Doctorado en Tecnología,39
2008,Tecnología de la Información y la Comunicación (TIC),Ingeniería Civil en Computación e Informática,6827
2008,Tecnología de la Información y la Comunicación (TIC),Ingeniería en Computación e Informática,17233
2008,Tecnología de la Información y la Comunicación (TIC),Ingeniería en Conectividad y Redes,1491
2008,Tecnología de la Información y la Comunicación (TIC),Magister en Tecnología,486
2008,Tecnología de la Información y la Comunicación (TIC),Otras Ingenierías,198
2008,Tecnología de la Información y la Comunicación (TIC),Otros Profesionales de Tecnología,803
2008,Tecnología de la Información y la Comunicación (TIC),Postítulo en Tecnología,39
2008,Tecnología de la Información y la Comunicación (TIC),Técnico en Administración de Redes y Soporte,4042
2008,Tecnología de la Información y la Comunicación (TIC),Técnico en Análisis de Sistemas,1664
2008,Tecnología de la Información y la Comunicación (TIC),Técnico en Computación e Informática,8717
2008,Tecnología de la Información y la Comunicación (TIC),"Técnico en Producción, Desarrollo y Diseño Web",35
2009,Administración de Empresas y Derecho,Administración de Empresas e Ing. Asociadas,19257
2009,Administración de Empresas y Derecho,Administración Pública,2760
2009,Administración de Empresas y Derecho,Bachillerato y/o Licenciatura en Administración y Comercio,220
2009,Administración de Empresas y Derecho,Comunicación Empresarial y Organizacional,62
2009,Administración de Empresas y Derecho,Contador Auditor,19573
2009,Administración de Empresas y Derecho,Criminalística,1311
2009,Administración de Empresas y Derecho,Derecho,35635
2009,Administración de Empresas y Derecho,Doctorado en Administración y Comercio,182
2009,Administración de Empresas y Derecho,Doctorado en Derecho,111
2009,Administración de Empresas y Derecho,Ingeniería Comercial,28960
2009,Administración de Empresas y Derecho,Ingeniería en Administración Jurídica,36
2009,Administración de Empresas y Derecho,Ingeniería en Comercio Exterior,2044
2009,Administración de Empresas y Derecho,Ingeniería en Control de Gestión,1789
2009,Administración de Empresas y Derecho,Ingeniería en Finanzas,654
2009,Administración de Empresas y Derecho,Ingeniería en Gestión Pública,638
2009,Administración de Empresas y Derecho,Ingeniería en Gestión y Control de Calidad,49
2009,Administración de Empresas y Derecho,Ingeniería en Logística,369
2009,Administración de Empresas y Derecho,Ingeniería en Marketing,675
2009,Administración de Empresas y Derecho,Ingeniería en Recursos Humanos,1420
2009,Administración de Empresas y Derecho,Magister en Administración y Comercio,6300
2009,Administración de Empresas y Derecho,Magister en Ciencias Sociales,345
2009,Administración de Empresas y Derecho,Magister en Derecho,996
2009,Administración de Empresas y Derecho,Otros Profesionales de Administración y Comercio,111
2009,Administración de Empresas y Derecho,Otros Profesionales de Ciencias Sociales,254
2009,Administración de Empresas y Derecho,Otros Técnicos de Administración y Comercio,72
2009,Administración de Empresas y Derecho,Otros Técnicos de Ciencias Sociales,55
2009,Administración de Empresas y Derecho,Postítulo en Administración y Comercio,3016
2009,Administración de Empresas y Derecho,Postítulo en Ciencias Sociales,52
2009,Administración de Empresas y Derecho,Postítulo en Derecho,565
2009,Administración de Empresas y Derecho,Publicidad,6158
2009,Administración de Empresas y Derecho,Relaciones Públicas,2907
2009,Administración de Empresas y Derecho,Secretariado Bilingüe,2356
2009,Administración de Empresas y Derecho,Secretariado Computacional,926
2009,Administración de Empresas y Derecho,Secretariado Ejecutivo,1042
2009,Administración de Empresas y Derecho,Técnico Agente o Visitador Médico,551
2009,Administración de Empresas y Derecho,Técnico en Administración de Empresas,17594
2009,Administración de Empresas y Derecho,Técnico en Administración de Recursos Humanos y Personal,1238
2009,Administración de Empresas y Derecho,Técnico en Administración de Ventas,588
2009,Administración de Empresas y Derecho,Técnico en Administración en Marketing,60
2009,Administración de Empresas y Derecho,Técnico en Administración Financiera y Finanzas,2965
2009,Administración de Empresas y Derecho,Técnico en Administración Pública o Municipal,644
2009,Administración de Empresas y Derecho,Técnico en Comercio Exterior,3156
2009,Administración de Empresas y Derecho,Técnico en Contabilidad Computacional,296
2009,Administración de Empresas y Derecho,Técnico en Contabilidad General,5433
2009,Administración de Empresas y Derecho,Técnico en Contabilidad Tributaria,102
2009,Administración de Empresas y Derecho,Técnico en Gestión Previsional,44
2009,Administración de Empresas y Derecho,Técnico en Gestión y Control de Calidad,274
2009,Administración de Empresas y Derecho,Técnico en Logística,1342
2009,Administración de Empresas y Derecho,Técnico en Producción de Eventos,694
2009,Administración de Empresas y Derecho,Técnico en Publicidad,208
2009,Administración de Empresas y Derecho,Técnico en Relaciones Públicas,1003
2009,Administración de Empresas y Derecho,Técnico Jurídico,9323
2009,Administración de Empresas y Derecho,"Técnico Perito Judicial, Forense o en Criminalística",177
2009,"Agricultura, Silvicultura, Pesca y Veterinaria",Agronomía,8317
2009,"Agricultura, Silvicultura, Pesca y Veterinaria",Bachillerato y/o Licenciatura en Agropecuaria,100
2009,"Agricultura, Silvicultura, Pesca y Veterinaria",Doctorado en Agropecuaria,209
2009,"Agricultura, Silvicultura, Pesca y Veterinaria",Ingeniería Agrícola,1854
2009,"Agricultura, Silvicultura, Pesca y Veterinaria",Ingeniería de Ejecución Forestal,70
2009,"Agricultura, Silvicultura, Pesca y Veterinaria",Ingeniería en Acuicultura y Pesca,1627
2009,"Agricultura, Silvicultura, Pesca y Veterinaria",Ingeniería en Vitivinicultura,52
2009,"Agricultura, Silvicultura, Pesca y Veterinaria",Ingeniería Forestal,1212
2009,"Agricultura, Silvicultura, Pesca y Veterinaria",Magister en Administración y Comercio,86
2009,"Agricultura, Silvicultura, Pesca y Veterinaria",Magister en Agropecuaria,515
2009,"Agricultura, Silvicultura, Pesca y Veterinaria",Medicina Veterinaria,9396
2009,"Agricultura, Silvicultura, Pesca y Veterinaria",Otros Técnicos de Administración y Comercio,16
2009,"Agricultura, Silvicultura, Pesca y Veterinaria",Postítulo en Agropecuaria,111
2009,"Agricultura, Silvicultura, Pesca y Veterinaria",Técnico Agropecuario,2878
2009,"Agricultura, Silvicultura, Pesca y Veterinaria",Técnico en Acuicultura y Pesca,735
2009,"Agricultura, Silvicultura, Pesca y Veterinaria",Técnico en Vitivinicultura y/o Enología,345
2009,"Agricultura, Silvicultura, Pesca y Veterinaria",Técnico Veterinario,1012
2009,Artes y Humanidades,Actuación y Teatro,2728
2009,Artes y Humanidades,Animación Digital,344
2009,Artes y Humanidades,Arqueología,153
2009,Artes y Humanidades,Artes y Licenciatura en Artes,3498
2009,Artes y Humanidades,Bachillerato y/o Licenciatura en Humanidades,1039
2009,Artes y Humanidades,Comunicación Audiovisual y/o Multimedia,3196
2009,Artes y Humanidades,Diseño,4842
2009,Artes y Humanidades,Diseño de Ambientes e Interiores,1139
2009,Artes y Humanidades,Diseño de Vestuario,1640
2009,Artes y Humanidades,Diseño Gráfico,9059
2009,Artes y Humanidades,Diseño Teatral,43
2009,Artes y Humanidades,Doctorado en Ciencias Sociales,91
2009,Artes y Humanidades,Doctorado en Humanidades,405
2009,Artes y Humanidades,Filosofía,534
2009,Artes y Humanidades,Fotografía,702
2009,Artes y Humanidades,Historia,2274
2009,Artes y Humanidades,Licenciatura en Letras y Literatura,1722
2009,Artes y Humanidades,Magister en Arte y Arquitectura,273
2009,Artes y Humanidades,Magister en Ciencias Sociales,358
2009,Artes y Humanidades,Magister en Humanidades,993
2009,Artes y Humanidades,"Música, Canto o Danza",2755
2009,Artes y Humanidades,Otros Profesionales de Arte y Arquitectura,85
2009,Artes y Humanidades,Otros Profesionales de Humanidades,108
2009,Artes y Humanidades,Otros Técnicos de Arte y Arquitectura,614
2009,Artes y Humanidades,Otros Técnicos de Humanidades,4
2009,Artes y Humanidades,Postítulo en Arte y Arquitectura,168
2009,Artes y Humanidades,Postítulo en Ciencias Sociales,2
2009,Artes y Humanidades,Postítulo en Humanidades,383
2009,Artes y Humanidades,Realizador de Cine y Televisión,923
2009,Artes y Humanidades,Técnico en Ambientes e Interiores,130
2009,Artes y Humanidades,Técnico en Comunicación Audiovisual,928
2009,Artes y Humanidades,Técnico en Diseño de Vestuario,325
2009,Artes y Humanidades,Técnico en Diseño Gráfico,2182
2009,Artes y Humanidades,Técnico en Fotografía,541
2009,Artes y Humanidades,Técnico en Producción Gráfica y Multimedia,498
2009,Artes y Humanidades,Técnico en Sonido,1697
2009,Artes y Humanidades,Técnico en Teatro,61
2009,Artes y Humanidades,Técnico en Traducción e Interpretariado,1489
2009,Artes y Humanidades,Traducción e Interpretación,3858
2009,"Ciencias naturales, matemáticas y estadística",Analista Químico,516
2009,"Ciencias naturales, matemáticas y estadística",Bachillerato y/o Licenciatura en Ciencias Básicas,3319
2009,"Ciencias naturales, matemáticas y estadística",Biología,1561
2009,"Ciencias naturales, matemáticas y estadística",Biología Marina y Ecología Marina,1505
2009,"Ciencias naturales, matemáticas y estadística",Bioquímica,1943
2009,"Ciencias naturales, matemáticas y estadística",Biotecnología,413
2009,"Ciencias naturales, matemáticas y estadística",Doctorado en Ciencias Básicas,1320
2009,"Ciencias naturales, matemáticas y estadística",Doctorado en Tecnología,114
2009,"Ciencias naturales, matemáticas y estadística",Física y Astronomía,1083
2009,"Ciencias naturales, matemáticas y estadística",Geología,967
2009,"Ciencias naturales, matemáticas y estadística",Ingeniería Civil en Geomática y Geomensura,7
2009,"Ciencias naturales, matemáticas y estadística",Ingeniería Civil Matemática y Estadística,320
2009,"Ciencias naturales, matemáticas y estadística",Ingeniería en Geomensura y Cartografía,861
2009,"Ciencias naturales, matemáticas y estadística",Ingeniería en Matemática y Estadística,840
2009,"Ciencias naturales, matemáticas y estadística",Ingeniería en Recursos Renovables,519
2009,"Ciencias naturales, matemáticas y estadística",Magister en Ciencias Básicas,872
2009,"Ciencias naturales, matemáticas y estadística",Magister en Tecnología,230
2009,"Ciencias naturales, matemáticas y estadística",Matemática y/o Estadística,778
2009,"Ciencias naturales, matemáticas y estadística",Otras Ingenierías,260
2009,"Ciencias naturales, matemáticas y estadística",Otros Profesionales de Ciencias Básicas,238
2009,"Ciencias naturales, matemáticas y estadística",Postítulo en Ciencias Básicas,41
2009,"Ciencias naturales, matemáticas y estadística",Química Ambiental,319
2009,"Ciencias naturales, matemáticas y estadística","Química, Licenciado en Química",1152
2009,"Ciencias naturales, matemáticas y estadística",Técnico en Geología,78
2009,"Ciencias naturales, matemáticas y estadística",Técnico en Geominería,209
2009,"Ciencias naturales, matemáticas y estadística",Técnico en Medio Ambiente (Control y Gestión),112
2009,"Ciencias naturales, matemáticas y estadística",Técnico en Química (Análisis e Industrial),1406
2009,"Ciencias Sociales, Periodismo e Información",Antropología,1332
2009,"Ciencias Sociales, Periodismo e Información",Bachillerato y/o Licenciatura en Ciencias Sociales,1006
2009,"Ciencias Sociales, Periodismo e Información",Bibliotecología,323
2009,"Ciencias Sociales, Periodismo e Información",Ciencias Políticas,1966
2009,"Ciencias Sociales, Periodismo e Información",Comunicación Social,212
2009,"Ciencias Sociales, Periodismo e Información",Doctorado en Ciencias Sociales,208
2009,"Ciencias Sociales, Periodismo e Información",Geografía,1225
2009,"Ciencias Sociales, Periodismo e Información",Magister en Ciencias Sociales,4818
2009,"Ciencias Sociales, Periodismo e Información",Otros Profesionales de Ciencias Sociales,808
2009,"Ciencias Sociales, Periodismo e Información",Otros Técnicos de Ciencias Sociales,2
2009,"Ciencias Sociales, Periodismo e Información",Periodismo,6717
2009,"Ciencias Sociales, Periodismo e Información",Postítulo en Ciencias Sociales,693
2009,"Ciencias Sociales, Periodismo e Información",Psicología,23916
2009,"Ciencias Sociales, Periodismo e Información",Sociología,3471
2009,"Ciencias Sociales, Periodismo e Información",Técnico en Bibliotecas y Centros de Documentación,221
2009,"Ciencias Sociales, Periodismo e Información",Técnico en Comunicación Social,29
2009,Educación,Bachillerato y/o Licenciatura en Educación,217
2009,Educación,Doctorado en Educación,309
2009,Educación,Magister en Educación,4235
2009,Educación,Otros Técnicos de Educación,88
2009,Educación,Pedagogía en Artes y Música,3185
2009,Educación,Pedagogía en Ciencias,4743
2009,Educación,Pedagogía en Educación Básica,22403
2009,Educación,Pedagogía en Educación de Párvulos,13939
2009,Educación,Pedagogía en Educación Diferencial,7721
2009,Educación,Pedagogía en Educación Física,18601
2009,Educación,Pedagogía en Educación Media,185
2009,Educación,Pedagogía en Educación Técnico Profesional,644
2009,Educación,Pedagogía en Educación Tecnológica,165
2009,Educación,Pedagogía en Filosofía y Religión,1823
2009,Educación,"Pedagogía en Historia, Geografía y Ciencias Sociales",6787
2009,Educación,Pedagogía en Idiomas,11698
2009,Educación,"Pedagogía en Lenguaje, Comunicación y/o Castellano",4333
2009,Educación,Pedagogía en Matemáticas y Computación,4212
2009,Educación,Postítulo en Educación,4376
2009,Educación,Programas de Formación Pedagógica,563
2009,Educación,Psicopedagogía,8041
2009,Educación,Técnico Asistente del Educador de Párvulos,5695
2009,Educación,Técnico Asistente del Educador Diferencial,2778
2009,"Ingeniería, Industria y Construcción",Arquitectura,12466
2009,"Ingeniería, Industria y Construcción",Bachillerato y/o Licenciatura en Tecnología,786
2009,"Ingeniería, Industria y Construcción",Construcción Civil,5622
2009,"Ingeniería, Industria y Construcción",Diseño Industrial,1982
2009,"Ingeniería, Industria y Construcción",Doctorado en Arte y Arquitectura,85
2009,"Ingeniería, Industria y Construcción",Doctorado en Tecnología,399
2009,"Ingeniería, Industria y Construcción",Ingeniería Agroindustrial,479
2009,"Ingeniería, Industria y Construcción",Ingeniería Civil Agrícola,165
2009,"Ingeniería, Industria y Construcción",Ingeniería Civil Ambiental,1033
2009,"Ingeniería, Industria y Construcción",Ingeniería Civil Bioquímica,272
2009,"Ingeniería, Industria y Construcción",Ingeniería Civil Eléctrica,1930
2009,"Ingeniería, Industria y Construcción",Ingeniería Civil Electrónica,1862
2009,"Ingeniería, Industria y Construcción",Ingeniería Civil en Agroindustrias,25
2009,"Ingeniería, Industria y Construcción",Ingeniería Civil en Biomédica,526
2009,"Ingeniería, Industria y Construcción",Ingeniería Civil en Biotecnología y/o Bioingeniería,342
2009,"Ingeniería, Industria y Construcción",Ingeniería Civil en Geografía,138
2009,"Ingeniería, Industria y Construcción",Ingeniería Civil en Industrias Forestales,139
2009,"Ingeniería, Industria y Construcción",Ingeniería Civil en Materiales,150
2009,"Ingeniería, Industria y Construcción",Ingeniería Civil en Minas,1341
2009,"Ingeniería, Industria y Construcción",Ingeniería Civil en Obras Civiles,1809
2009,"Ingeniería, Industria y Construcción",Ingeniería Civil en Sonido y Acústica,302
2009,"Ingeniería, Industria y Construcción",Ingeniería Civil en Telemática,335
2009,"Ingeniería, Industria y Construcción",Ingeniería Civil Industrial,18900
2009,"Ingeniería, Industria y Construcción",Ingeniería Civil Mecánica,2464
2009,"Ingeniería, Industria y Construcción",Ingeniería Civil Metalúrgica,1312
2009,"Ingeniería, Industria y Construcción",Ingeniería Civil Química,1603
2009,"Ingeniería, Industria y Construcción","Ingeniería Civil, plan común y licenciatura en Ciencias de la Ingeniería",11518
2009,"Ingeniería, Industria y Construcción",Ingeniería en Alimentos,2085
2009,"Ingeniería, Industria y Construcción","Ingeniería en Automatización, Instrumentación y Control",2251
2009,"Ingeniería, Industria y Construcción",Ingeniería en Biotecnología y Bioingeniería,1959
2009,"Ingeniería, Industria y Construcción",Ingeniería en Construcción,9360
2009,"Ingeniería, Industria y Construcción",Ingeniería en Electricidad,3594
2009,"Ingeniería, Industria y Construcción",Ingeniería en Electrónica,2315
2009,"Ingeniería, Industria y Construcción",Ingeniería en Geomensura y Cartografía,174
2009,"Ingeniería, Industria y Construcción",Ingeniería en Industria de la Madera,218
2009,"Ingeniería, Industria y Construcción",Ingeniería en Mecánica Automotriz,7327
2009,"Ingeniería, Industria y Construcción",Ingeniería en Mecatrónica,199
2009,"Ingeniería, Industria y Construcción",Ingeniería en Medio Ambiente,1755
2009,"Ingeniería, Industria y Construcción",Ingeniería en Metalurgia,760
2009,"Ingeniería, Industria y Construcción",Ingeniería en Minas,1580
2009,"Ingeniería, Industria y Construcción",Ingeniería en Proyectos Estructurales,69
2009,"Ingeniería, Industria y Construcción",Ingeniería en Química,1272
2009,"Ingeniería, Industria y Construcción",Ingeniería en Refrigeración y Climatización,319
2009,"Ingeniería, Industria y Construcción",Ingeniería en Sonido,1204
2009,"Ingeniería, Industria y Construcción",Ingeniería en Telecomunicaciones,892
2009,"Ingeniería, Industria y Construcción",Ingeniería en Telemática,163
2009,"Ingeniería, Industria y Construcción",Ingeniería Industrial,6035
2009,"Ingeniería, Industria y Construcción",Ingeniería Mecánica,5292
2009,"Ingeniería, Industria y Construcción",Ingeniería Naval,287
2009,"Ingeniería, Industria y Construcción",Ingeniería Textil,2
2009,"Ingeniería, Industria y Construcción",Magister en Arte y Arquitectura,284
2009,"Ingeniería, Industria y Construcción",Magister en Tecnología,1809
2009,"Ingeniería, Industria y Construcción",Otras Ingenierías,475
2009,"Ingeniería, Industria y Construcción",Otras Ingenierías Civiles,893
2009,"Ingeniería, Industria y Construcción",Otros Profesionales de Tecnología,1174
2009,"Ingeniería, Industria y Construcción",Otros Técnicos de Arte y Arquitectura,58
2009,"Ingeniería, Industria y Construcción",Otros Técnicos de Tecnología,397
2009,"Ingeniería, Industria y Construcción",Paisajismo,152
2009,"Ingeniería, Industria y Construcción",Postítulo en Arte y Arquitectura,35
2009,"Ingeniería, Industria y Construcción",Postítulo en Tecnología,388
2009,"Ingeniería, Industria y Construcción",Química Industrial,330
2009,"Ingeniería, Industria y Construcción",Técnico en Agroindustria,183
2009,"Ingeniería, Industria y Construcción",Técnico en Alimentos,880
2009,"Ingeniería, Industria y Construcción",Técnico en Biotecnología Industrial,230
2009,"Ingeniería, Industria y Construcción",Técnico en Construcción y Obras Civiles,7520
2009,"Ingeniería, Industria y Construcción",Técnico en Dibujo Arquitectónico,1435
2009,"Ingeniería, Industria y Construcción",Técnico en Dibujo Técnico,474
2009,"Ingeniería, Industria y Construcción",Técnico en Diseño de Áreas Verdes y Paisajismo,153
2009,"Ingeniería, Industria y Construcción",Técnico en Diseño Industrial,5
2009,"Ingeniería, Industria y Construcción",Técnico en Electricidad y Electricidad Industrial,3935
2009,"Ingeniería, Industria y Construcción",Técnico en Electromecánica,431
2009,"Ingeniería, Industria y Construcción",Técnico en Electrónica y Electrónica Industrial,1763
2009,"Ingeniería, Industria y Construcción",Técnico en Energía,30
2009,"Ingeniería, Industria y Construcción",Técnico en Industria Forestal o de la Madera,175
2009,"Ingeniería, Industria y Construcción","Técnico en Instrumentación, Automatización y Control Industrial",2278
2009,"Ingeniería, Industria y Construcción",Técnico en Mantenimiento Industrial,2090
2009,"Ingeniería, Industria y Construcción",Técnico en Matriceria,97
2009,"Ingeniería, Industria y Construcción",Técnico en Mecánica Automotriz,7897
2009,"Ingeniería, Industria y Construcción",Técnico en Mecánica Industrial,1498
2009,"Ingeniería, Industria y Construcción",Técnico en Mecatrónica,9
2009,"Ingeniería, Industria y Construcción",Técnico en Medio Ambiente (Control y Gestión),90
2009,"Ingeniería, Industria y Construcción",Técnico en Metalurgia,181
2009,"Ingeniería, Industria y Construcción",Técnico en Minería,467
2009,"Ingeniería, Industria y Construcción",Técnico en Procesos Industriales,531
2009,"Ingeniería, Industria y Construcción",Técnico en Proyecto y Diseño Mecánico,89
2009,"Ingeniería, Industria y Construcción",Técnico en Proyectos de Ingeniería,149
2009,"Ingeniería, Industria y Construcción",Técnico en Refrigeración y Climatización,432
2009,"Ingeniería, Industria y Construcción",Técnico en Telecomunicaciones,1444
2009,"Ingeniería, Industria y Construcción",Técnico en Topografía,980
2009,"Ingeniería, Industria y Construcción",Técnico en Vitivinicultura y/o Enología,70
2009,Salud y Bienestar,Bachillerato y/o Licenciatura en Salud,62
2009,Salud y Bienestar,Doctorado en Salud,258
2009,Salud y Bienestar,Enfermería,23295
2009,Salud y Bienestar,Fonoaudiología,6473
2009,Salud y Bienestar,Kinesiología,20890
2009,Salud y Bienestar,Magister en Ciencias Sociales,148
2009,Salud y Bienestar,Magister en Salud,1607
2009,Salud y Bienestar,Medicina,11630
2009,Salud y Bienestar,Naturopatía,230
2009,Salud y Bienestar,Nutrición y Dietética,8501
2009,Salud y Bienestar,Obstetricia y Puericultura,2630
2009,Salud y Bienestar,Odontología,10336
2009,Salud y Bienestar,Orientación Familiar y Relaciones Humanas,760
2009,Salud y Bienestar,Otros Profesionales de Ciencias Sociales,44
2009,Salud y Bienestar,Otros Profesionales de Salud,128
2009,Salud y Bienestar,Otros Técnicos de Ciencias Sociales,738
2009,Salud y Bienestar,Otros Técnicos de Salud,471
2009,Salud y Bienestar,Postítulo en Ciencias Sociales,444
2009,Salud y Bienestar,Postítulo en Salud,3516
2009,Salud y Bienestar,Química y Farmacia,4265
2009,Salud y Bienestar,Técnico Dental y Asistente de Odontología,2760
2009,Salud y Bienestar,Técnico en Arsenaleria Quirúrgica,623
2009,Salud y Bienestar,Técnico en Enfermería,32656
2009,Salud y Bienestar,Técnico en Farmacia,115
2009,Salud y Bienestar,Técnico en Ginecología y Obstetricia,252
2009,Salud y Bienestar,Técnico en Laboratorio Clínico,1405
2009,Salud y Bienestar,Técnico en Masoterapia,362
2009,Salud y Bienestar,Técnico en Nutrición y Dietética,108
2009,Salud y Bienestar,Técnico en Óptica,102
2009,Salud y Bienestar,Técnico en Podología,651
2009,Salud y Bienestar,Técnico en Prevención y Rehabilitación,215
2009,Salud y Bienestar,Técnico en Radiología y Radioterapia,644
2009,Salud y Bienestar,Técnico en Servicio Social,2434
2009,Salud y Bienestar,Técnico en Terapias Naturales y Naturopatía,364
2009,Salud y Bienestar,Técnico Laboratorista Dental,2019
2009,Salud y Bienestar,Tecnología Médica,6316
2009,Salud y Bienestar,Terapia Ocupacional,2585
2009,Salud y Bienestar,Trabajo Social,18023
2009,Servicios,Administración Gastronómica,3367
2009,Servicios,Administración Turística y Hotelera,4430
2009,Servicios,Ingeniería en Prevención de Riesgos,14728
2009,Servicios,Ingeniería en Seguridad Privada,14
2009,Servicios,Ingeniería en Transporte y Tránsito,291
2009,Servicios,Ingeniería Marina y Marítimo Portuaria,449
2009,Servicios,Magister en Educación,222
2009,Servicios,Magister en Tecnología,8
2009,Servicios,Otras Ingenierías,199
2009,Servicios,Otros Profesionales de Educación,679
2009,Servicios,Otros Profesionales de Tecnología,88
2009,Servicios,Otros Técnicos de Tecnología,87
2009,Servicios,Postítulo en Administración y Comercio,20
2009,Servicios,Postítulo en Tecnología,116
2009,Servicios,"Técnico en Deporte, Recreación y Preparación Física",6614
2009,Servicios,Técnico en Gastronomía y Cocina,9522
2009,Servicios,Técnico en Peluquería y Estética,424
2009,Servicios,Técnico en Prevención de Riesgos,11601
2009,Servicios,Técnico en Seguridad Privada,35
2009,Servicios,Técnico en Transporte Marítimo y Puertos,272
2009,Servicios,Técnico en Turismo y Hotelería,5252
2009,Tecnología de la Información y la Comunicación (TIC),Bachillerato y/o Licenciatura en Tecnología,1
2009,Tecnología de la Información y la Comunicación (TIC),Doctorado en Tecnología,47
2009,Tecnología de la Información y la Comunicación (TIC),Ingeniería Civil en Computación e Informática,6872
2009,Tecnología de la Información y la Comunicación (TIC),Ingeniería en Computación e Informática,18693
2009,Tecnología de la Información y la Comunicación (TIC),Ingeniería en Conectividad y Redes,1461
2009,Tecnología de la Información y la Comunicación (TIC),Magister en Tecnología,520
2009,Tecnología de la Información y la Comunicación (TIC),Otras Ingenierías,218
2009,Tecnología de la Información y la Comunicación (TIC),Otros Profesionales de Tecnología,837
2009,Tecnología de la Información y la Comunicación (TIC),Postítulo en Tecnología,96
2009,Tecnología de la Información y la Comunicación (TIC),Técnico en Administración de Redes y Soporte,4357
2009,Tecnología de la Información y la Comunicación (TIC),Técnico en Análisis de Sistemas,1671
2009,Tecnología de la Información y la Comunicación (TIC),Técnico en Computación e Informática,10174
2009,Tecnología de la Información y la Comunicación (TIC),"Técnico en Producción, Desarrollo y Diseño Web",104
2010,Administración de Empresas y Derecho,Administración de Empresas e Ing. Asociadas,22443
2010,Administración de Empresas y Derecho,Administración Pública,3150
2010,Administración de Empresas y Derecho,Bachillerato y/o Licenciatura en Administración y Comercio,170
2010,Administración de Empresas y Derecho,Comunicación Empresarial y Organizacional,31
2010,Administración de Empresas y Derecho,Contador Auditor,20882
2010,Administración de Empresas y Derecho,Criminalística,691
2010,Administración de Empresas y Derecho,Derecho,36210
2010,Administración de Empresas y Derecho,Doctorado en Administración y Comercio,111
2010,Administración de Empresas y Derecho,Doctorado en Derecho,109
2010,Administración de Empresas y Derecho,Ingeniería Comercial,31215
2010,Administración de Empresas y Derecho,Ingeniería en Administración Jurídica,47
2010,Administración de Empresas y Derecho,Ingeniería en Comercio Exterior,2058
2010,Administración de Empresas y Derecho,Ingeniería en Control de Gestión,1932
2010,Administración de Empresas y Derecho,Ingeniería en Finanzas,573
2010,Administración de Empresas y Derecho,Ingeniería en Gestión Pública,787
2010,Administración de Empresas y Derecho,Ingeniería en Gestión y Control de Calidad,20
2010,Administración de Empresas y Derecho,Ingeniería en Logística,464
2010,Administración de Empresas y Derecho,Ingeniería en Marketing,780
2010,Administración de Empresas y Derecho,Ingeniería en Recursos Humanos,1707
2010,Administración de Empresas y Derecho,Magister en Administración y Comercio,7675
2010,Administración de Empresas y Derecho,Magister en Ciencias Sociales,399
2010,Administración de Empresas y Derecho,Magister en Derecho,1572
2010,Administración de Empresas y Derecho,Otros Profesionales de Administración y Comercio,71
2010,Administración de Empresas y Derecho,Otros Profesionales de Ciencias Sociales,324
2010,Administración de Empresas y Derecho,Otros Técnicos de Administración y Comercio,180
2010,Administración de Empresas y Derecho,Otros Técnicos de Ciencias Sociales,69
2010,Administración de Empresas y Derecho,Postítulo en Administración y Comercio,2355
2010,Administración de Empresas y Derecho,Postítulo en Ciencias Sociales,39
2010,Administración de Empresas y Derecho,Postítulo en Derecho,460
2010,Administración de Empresas y Derecho,Publicidad,6225
2010,Administración de Empresas y Derecho,Relaciones Públicas,3000
2010,Administración de Empresas y Derecho,Secretariado Bilingüe,2551
2010,Administración de Empresas y Derecho,Secretariado Computacional,1039
2010,Administración de Empresas y Derecho,Secretariado Ejecutivo,939
2010,Administración de Empresas y Derecho,Técnico Agente o Visitador Médico,540
2010,Administración de Empresas y Derecho,Técnico en Administración de Empresas,21491
2010,Administración de Empresas y Derecho,Técnico en Administración de Recursos Humanos y Personal,1595
2010,Administración de Empresas y Derecho,Técnico en Administración de Ventas,638
2010,Administración de Empresas y Derecho,Técnico en Administración en Marketing,50
2010,Administración de Empresas y Derecho,Técnico en Administración Financiera y Finanzas,3278
2010,Administración de Empresas y Derecho,Técnico en Administración Pública o Municipal,783
2010,Administración de Empresas y Derecho,Técnico en Comercio Exterior,3089
2010,Administración de Empresas y Derecho,Técnico en Contabilidad Computacional,284
2010,Administración de Empresas y Derecho,Técnico en Contabilidad General,6158
2010,Administración de Empresas y Derecho,Técnico en Contabilidad Tributaria,99
2010,Administración de Empresas y Derecho,Técnico en Gestión Previsional,42
2010,Administración de Empresas y Derecho,Técnico en Gestión y Control de Calidad,315
2010,Administración de Empresas y Derecho,Técnico en Logística,1607
2010,Administración de Empresas y Derecho,Técnico en Producción de Eventos,670
2010,Administración de Empresas y Derecho,Técnico en Publicidad,148
2010,Administración de Empresas y Derecho,Técnico en Relaciones Públicas,1058
2010,Administración de Empresas y Derecho,Técnico Jurídico,7875
2010,Administración de Empresas y Derecho,"Técnico Perito Judicial, Forense o en Criminalística",14
2010,"Agricultura, Silvicultura, Pesca y Veterinaria",Agronomía,8147
2010,"Agricultura, Silvicultura, Pesca y Veterinaria",Bachillerato y/o Licenciatura en Agropecuaria,148
2010,"Agricultura, Silvicultura, Pesca y Veterinaria",Doctorado en Agropecuaria,297
2010,"Agricultura, Silvicultura, Pesca y Veterinaria",Ingeniería Agrícola,2026
2010,"Agricultura, Silvicultura, Pesca y Veterinaria",Ingeniería de Ejecución Forestal,77
2010,"Agricultura, Silvicultura, Pesca y Veterinaria",Ingeniería en Acuicultura y Pesca,1367
2010,"Agricultura, Silvicultura, Pesca y Veterinaria",Ingeniería en Vitivinicultura,68
2010,"Agricultura, Silvicultura, Pesca y Veterinaria",Ingeniería Forestal,1085
2010,"Agricultura, Silvicultura, Pesca y Veterinaria",Magister en Administración y Comercio,20
2010,"Agricultura, Silvicultura, Pesca y Veterinaria",Magister en Agropecuaria,630
2010,"Agricultura, Silvicultura, Pesca y Veterinaria",Medicina Veterinaria,9298
2010,"Agricultura, Silvicultura, Pesca y Veterinaria",Otros Técnicos de Administración y Comercio,3
2010,"Agricultura, Silvicultura, Pesca y Veterinaria",Postítulo en Agropecuaria,59
2010,"Agricultura, Silvicultura, Pesca y Veterinaria",Técnico Agropecuario,3336
2010,"Agricultura, Silvicultura, Pesca y Veterinaria",Técnico en Acuicultura y Pesca,487
2010,"Agricultura, Silvicultura, Pesca y Veterinaria",Técnico en Vitivinicultura y/o Enología,378
2010,"Agricultura, Silvicultura, Pesca y Veterinaria",Técnico Veterinario,1039
2010,Artes y Humanidades,Actuación y Teatro,2640
2010,Artes y Humanidades,Animación Digital,450
2010,Artes y Humanidades,Arqueología,145
2010,Artes y Humanidades,Artes y Licenciatura en Artes,3636
2010,Artes y Humanidades,Bachillerato y/o Licenciatura en Humanidades,976
2010,Artes y Humanidades,Comunicación Audiovisual y/o Multimedia,3330
2010,Artes y Humanidades,Diseño,5022
2010,Artes y Humanidades,Diseño de Ambientes e Interiores,1098
2010,Artes y Humanidades,Diseño de Vestuario,1771
2010,Artes y Humanidades,Diseño Gráfico,9881
2010,Artes y Humanidades,Diseño Teatral,50
2010,Artes y Humanidades,Doctorado en Ciencias Sociales,87
2010,Artes y Humanidades,Doctorado en Humanidades,487
2010,Artes y Humanidades,Filosofía,556
2010,Artes y Humanidades,Fotografía,794
2010,Artes y Humanidades,Historia,2417
2010,Artes y Humanidades,Licenciatura en Letras y Literatura,1761
2010,Artes y Humanidades,Magister en Arte y Arquitectura,303
2010,Artes y Humanidades,Magister en Ciencias Sociales,384
2010,Artes y Humanidades,Magister en Humanidades,1059
2010,Artes y Humanidades,"Música, Canto o Danza",2829
2010,Artes y Humanidades,Otros Profesionales de Arte y Arquitectura,115
2010,Artes y Humanidades,Otros Profesionales de Humanidades,137
2010,Artes y Humanidades,Otros Técnicos de Arte y Arquitectura,730
2010,Artes y Humanidades,Otros Técnicos de Humanidades,1
2010,Artes y Humanidades,Postítulo en Arte y Arquitectura,167
2010,Artes y Humanidades,Postítulo en Ciencias Sociales,13
2010,Artes y Humanidades,Postítulo en Humanidades,352
2010,Artes y Humanidades,Realizador de Cine y Televisión,888
2010,Artes y Humanidades,Técnico en Ambientes e Interiores,146
2010,Artes y Humanidades,Técnico en Comunicación Audiovisual,1059
2010,Artes y Humanidades,Técnico en Diseño de Vestuario,335
2010,Artes y Humanidades,Técnico en Diseño Gráfico,2423
2010,Artes y Humanidades,Técnico en Fotografía,631
2010,Artes y Humanidades,Técnico en Producción Gráfica y Multimedia,629
2010,Artes y Humanidades,Técnico en Sonido,1850
2010,Artes y Humanidades,Técnico en Teatro,42
2010,Artes y Humanidades,Técnico en Traducción e Interpretariado,1602
2010,Artes y Humanidades,Traducción e Interpretación,4236
2010,"Ciencias naturales, matemáticas y estadística",Analista Químico,470
2010,"Ciencias naturales, matemáticas y estadística",Bachillerato y/o Licenciatura en Ciencias Básicas,3437
2010,"Ciencias naturales, matemáticas y estadística",Biología,1544
2010,"Ciencias naturales, matemáticas y estadística",Biología Marina y Ecología Marina,1429
2010,"Ciencias naturales, matemáticas y estadística",Bioquímica,1962
2010,"Ciencias naturales, matemáticas y estadística",Biotecnología,478
2010,"Ciencias naturales, matemáticas y estadística",Doctorado en Ciencias Básicas,1471
2010,"Ciencias naturales, matemáticas y estadística",Doctorado en Tecnología,144
2010,"Ciencias naturales, matemáticas y estadística",Física y Astronomía,1124
2010,"Ciencias naturales, matemáticas y estadística",Geología,1102
2010,"Ciencias naturales, matemáticas y estadística",Ingeniería Civil en Geomática y Geomensura,6
2010,"Ciencias naturales, matemáticas y estadística",Ingeniería Civil Matemática y Estadística,346
2010,"Ciencias naturales, matemáticas y estadística",Ingeniería en Geomensura y Cartografía,735
2010,"Ciencias naturales, matemáticas y estadística",Ingeniería en Matemática y Estadística,835
2010,"Ciencias naturales, matemáticas y estadística",Ingeniería en Recursos Renovables,633
2010,"Ciencias naturales, matemáticas y estadística",Magister en Ciencias Básicas,957
2010,"Ciencias naturales, matemáticas y estadística",Magister en Tecnología,254
2010,"Ciencias naturales, matemáticas y estadística",Matemática y/o Estadística,753
2010,"Ciencias naturales, matemáticas y estadística",Otras Ingenierías,266
2010,"Ciencias naturales, matemáticas y estadística",Otros Profesionales de Ciencias Básicas,196
2010,"Ciencias naturales, matemáticas y estadística",Postítulo en Ciencias Básicas,16
2010,"Ciencias naturales, matemáticas y estadística",Química Ambiental,355
2010,"Ciencias naturales, matemáticas y estadística","Química, Licenciado en Química",1135
2010,"Ciencias naturales, matemáticas y estadística",Técnico en Geología,168
2010,"Ciencias naturales, matemáticas y estadística",Técnico en Geominería,310
2010,"Ciencias naturales, matemáticas y estadística",Técnico en Medio Ambiente (Control y Gestión),105
2010,"Ciencias naturales, matemáticas y estadística",Técnico en Química (Análisis e Industrial),1467
2010,"Ciencias Sociales, Periodismo e Información",Antropología,1449
2010,"Ciencias Sociales, Periodismo e Información",Bachillerato y/o Licenciatura en Ciencias Sociales,1149
2010,"Ciencias Sociales, Periodismo e Información",Bibliotecología,346
2010,"Ciencias Sociales, Periodismo e Información",Ciencias Políticas,2092
2010,"Ciencias Sociales, Periodismo e Información",Comunicación Social,206
2010,"Ciencias Sociales, Periodismo e Información",Doctorado en Ciencias Sociales,354
2010,"Ciencias Sociales, Periodismo e Información",Geografía,1320
2010,"Ciencias Sociales, Periodismo e Información",Magister en Ciencias Sociales,4810
2010,"Ciencias Sociales, Periodismo e Información",Magister en Humanidades,12
2010,"Ciencias Sociales, Periodismo e Información",Otros Profesionales de Ciencias Sociales,744
2010,"Ciencias Sociales, Periodismo e Información",Otros Técnicos de Ciencias Sociales,5
2010,"Ciencias Sociales, Periodismo e Información",Periodismo,6366
2010,"Ciencias Sociales, Periodismo e Información",Postítulo en Ciencias Sociales,729
2010,"Ciencias Sociales, Periodismo e Información",Postítulo en Humanidades,25
2010,"Ciencias Sociales, Periodismo e Información",Psicología,24481
2010,"Ciencias Sociales, Periodismo e Información",Sociología,3574
2010,"Ciencias Sociales, Periodismo e Información",Técnico en Bibliotecas y Centros de Documentación,300
2010,"Ciencias Sociales, Periodismo e Información",Técnico en Comunicación Social,14
2010,Educación,Bachillerato y/o Licenciatura en Educación,169
2010,Educación,Doctorado en Educación,137
2010,Educación,Magister en Educación,5489
2010,Educación,Otros Técnicos de Educación,150
2010,Educación,Pedagogía en Artes y Música,3381
2010,Educación,Pedagogía en Ciencias,4827
2010,Educación,Pedagogía en Educación Básica,21564
2010,Educación,Pedagogía en Educación de Párvulos,15356
2010,Educación,Pedagogía en Educación Diferencial,8938
2010,Educación,Pedagogía en Educación Física,19533
2010,Educación,Pedagogía en Educación Media,230
2010,Educación,Pedagogía en Educación Técnico Profesional,515
2010,Educación,Pedagogía en Educación Tecnológica,136
2010,Educación,Pedagogía en Filosofía y Religión,1601
2010,Educación,"Pedagogía en Historia, Geografía y Ciencias Sociales",7045
2010,Educación,Pedagogía en Idiomas,12356
2010,Educación,"Pedagogía en Lenguaje, Comunicación y/o Castellano",4552
2010,Educación,Pedagogía en Matemáticas y Computación,4294
2010,Educación,Postítulo en Educación,4832
2010,Educación,Programas de Formación Pedagógica,810
2010,Educación,Psicopedagogía,9650
2010,Educación,Técnico Asistente del Educador de Párvulos,8647
2010,Educación,Técnico Asistente del Educador Diferencial,3623
2010,"Ingeniería, Industria y Construcción",Arquitectura,12395
2010,"Ingeniería, Industria y Construcción",Bachillerato y/o Licenciatura en Tecnología,1177
2010,"Ingeniería, Industria y Construcción",Construcción Civil,6433
2010,"Ingeniería, Industria y Construcción",Diseño Industrial,2047
2010,"Ingeniería, Industria y Construcción",Doctorado en Arte y Arquitectura,54
2010,"Ingeniería, Industria y Construcción",Doctorado en Tecnología,459
2010,"Ingeniería, Industria y Construcción",Ingeniería Agroindustrial,467
2010,"Ingeniería, Industria y Construcción",Ingeniería Civil Agrícola,148
2010,"Ingeniería, Industria y Construcción",Ingeniería Civil Ambiental,1044
2010,"Ingeniería, Industria y Construcción",Ingeniería Civil Bioquímica,269
2010,"Ingeniería, Industria y Construcción",Ingeniería Civil Eléctrica,2120
2010,"Ingeniería, Industria y Construcción",Ingeniería Civil Electrónica,1833
2010,"Ingeniería, Industria y Construcción",Ingeniería Civil en Agroindustrias,34
2010,"Ingeniería, Industria y Construcción",Ingeniería Civil en Biomédica,557
2010,"Ingeniería, Industria y Construcción",Ingeniería Civil en Biotecnología y/o Bioingeniería,391
2010,"Ingeniería, Industria y Construcción",Ingeniería Civil en Geografía,127
2010,"Ingeniería, Industria y Construcción",Ingeniería Civil en Industrias Forestales,117
2010,"Ingeniería, Industria y Construcción",Ingeniería Civil en Materiales,156
2010,"Ingeniería, Industria y Construcción",Ingeniería Civil en Minas,1716
2010,"Ingeniería, Industria y Construcción",Ingeniería Civil en Obras Civiles,1767
2010,"Ingeniería, Industria y Construcción",Ingeniería Civil en Sonido y Acústica,271
2010,"Ingeniería, Industria y Construcción",Ingeniería Civil en Telemática,341
2010,"Ingeniería, Industria y Construcción",Ingeniería Civil Industrial,21046
2010,"Ingeniería, Industria y Construcción",Ingeniería Civil Mecánica,2755
2010,"Ingeniería, Industria y Construcción",Ingeniería Civil Metalúrgica,1397
2010,"Ingeniería, Industria y Construcción",Ingeniería Civil Química,1814
2010,"Ingeniería, Industria y Construcción","Ingeniería Civil, plan común y licenciatura en Ciencias de la Ingeniería",11954
2010,"Ingeniería, Industria y Construcción",Ingeniería en Alimentos,1973
2010,"Ingeniería, Industria y Construcción","Ingeniería en Automatización, Instrumentación y Control",2447
2010,"Ingeniería, Industria y Construcción",Ingeniería en Biotecnología y Bioingeniería,2128
2010,"Ingeniería, Industria y Construcción",Ingeniería en Construcción,9923
2010,"Ingeniería, Industria y Construcción",Ingeniería en Electricidad,3857
2010,"Ingeniería, Industria y Construcción",Ingeniería en Electrónica,2191
2010,"Ingeniería, Industria y Construcción",Ingeniería en Energía,30
2010,"Ingeniería, Industria y Construcción",Ingeniería en Geomensura y Cartografía,237
2010,"Ingeniería, Industria y Construcción",Ingeniería en Industria de la Madera,152
2010,"Ingeniería, Industria y Construcción",Ingeniería en Mecánica Automotriz,8012
2010,"Ingeniería, Industria y Construcción",Ingeniería en Mecatrónica,207
2010,"Ingeniería, Industria y Construcción",Ingeniería en Medio Ambiente,1672
2010,"Ingeniería, Industria y Construcción",Ingeniería en Metalurgia,790
2010,"Ingeniería, Industria y Construcción",Ingeniería en Minas,1912
2010,"Ingeniería, Industria y Construcción",Ingeniería en Proyectos Estructurales,53
2010,"Ingeniería, Industria y Construcción",Ingeniería en Química,1306
2010,"Ingeniería, Industria y Construcción",Ingeniería en Refrigeración y Climatización,350
2010,"Ingeniería, Industria y Construcción",Ingeniería en Sonido,1170
2010,"Ingeniería, Industria y Construcción",Ingeniería en Telecomunicaciones,1071
2010,"Ingeniería, Industria y Construcción",Ingeniería en Telemática,189
2010,"Ingeniería, Industria y Construcción",Ingeniería Industrial,6434
2010,"Ingeniería, Industria y Construcción",Ingeniería Mecánica,5563
2010,"Ingeniería, Industria y Construcción",Ingeniería Naval,276
2010,"Ingeniería, Industria y Construcción",Ingeniería Textil,1
2010,"Ingeniería, Industria y Construcción",Magister en Arte y Arquitectura,325
2010,"Ingeniería, Industria y Construcción",Magister en Tecnología,2347
2010,"Ingeniería, Industria y Construcción",Otras Ingenierías,544
2010,"Ingeniería, Industria y Construcción",Otras Ingenierías Civiles,906
2010,"Ingeniería, Industria y Construcción",Otros Profesionales de Tecnología,1200
2010,"Ingeniería, Industria y Construcción",Otros Técnicos de Arte y Arquitectura,52
2010,"Ingeniería, Industria y Construcción",Otros Técnicos de Tecnología,355
2010,"Ingeniería, Industria y Construcción",Paisajismo,153
2010,"Ingeniería, Industria y Construcción",Postítulo en Arte y Arquitectura,22
2010,"Ingeniería, Industria y Construcción",Postítulo en Tecnología,384
2010,"Ingeniería, Industria y Construcción",Química Industrial,328
2010,"Ingeniería, Industria y Construcción",Técnico en Agroindustria,153
2010,"Ingeniería, Industria y Construcción",Técnico en Alimentos,862
2010,"Ingeniería, Industria y Construcción",Técnico en Biotecnología Industrial,219
2010,"Ingeniería, Industria y Construcción",Técnico en Construcción y Obras Civiles,8838
2010,"Ingeniería, Industria y Construcción",Técnico en Dibujo Arquitectónico,1489
2010,"Ingeniería, Industria y Construcción",Técnico en Dibujo Técnico,528
2010,"Ingeniería, Industria y Construcción",Técnico en Diseño de Áreas Verdes y Paisajismo,150
2010,"Ingeniería, Industria y Construcción",Técnico en Electricidad y Electricidad Industrial,5009
2010,"Ingeniería, Industria y Construcción",Técnico en Electromecánica,402
2010,"Ingeniería, Industria y Construcción",Técnico en Electrónica y Electrónica Industrial,1710
2010,"Ingeniería, Industria y Construcción",Técnico en Energía,81
2010,"Ingeniería, Industria y Construcción",Técnico en Industria Forestal o de la Madera,154
2010,"Ingeniería, Industria y Construcción","Técnico en Instrumentación, Automatización y Control Industrial",2780
2010,"Ingeniería, Industria y Construcción",Técnico en Mantenimiento Industrial,2330
2010,"Ingeniería, Industria y Construcción",Técnico en Matriceria,105
2010,"Ingeniería, Industria y Construcción",Técnico en Mecánica Automotriz,8943
2010,"Ingeniería, Industria y Construcción",Técnico en Mecánica Industrial,1623
2010,"Ingeniería, Industria y Construcción",Técnico en Mecatrónica,4
2010,"Ingeniería, Industria y Construcción",Técnico en Medio Ambiente (Control y Gestión),109
2010,"Ingeniería, Industria y Construcción",Técnico en Metalurgia,202
2010,"Ingeniería, Industria y Construcción",Técnico en Minería,943
2010,"Ingeniería, Industria y Construcción",Técnico en Procesos Industriales,454
2010,"Ingeniería, Industria y Construcción",Técnico en Proyecto y Diseño Mecánico,109
2010,"Ingeniería, Industria y Construcción",Técnico en Proyectos de Ingeniería,146
2010,"Ingeniería, Industria y Construcción",Técnico en Refrigeración y Climatización,414
2010,"Ingeniería, Industria y Construcción",Técnico en Telecomunicaciones,2043
2010,"Ingeniería, Industria y Construcción",Técnico en Topografía,1070
2010,"Ingeniería, Industria y Construcción",Técnico en Vitivinicultura y/o Enología,65
2010,Salud y Bienestar,Bachillerato y/o Licenciatura en Salud,228
2010,Salud y Bienestar,Doctorado en Salud,283
2010,Salud y Bienestar,Enfermería,28426
2010,Salud y Bienestar,Fonoaudiología,8027
2010,Salud y Bienestar,Kinesiología,23394
2010,Salud y Bienestar,Magister en Ciencias Sociales,240
2010,Salud y Bienestar,Magister en Salud,1837
2010,Salud y Bienestar,Medicina,11996
2010,Salud y Bienestar,Naturopatía,211
2010,Salud y Bienestar,Nutrición y Dietética,10258
2010,Salud y Bienestar,Obstetricia y Puericultura,3126
2010,Salud y Bienestar,Odontología,11409
2010,Salud y Bienestar,Orientación Familiar y Relaciones Humanas,725
2010,Salud y Bienestar,Otros Profesionales de Ciencias Sociales,32
2010,Salud y Bienestar,Otros Profesionales de Salud,143
2010,Salud y Bienestar,Otros Técnicos de Ciencias Sociales,1032
2010,Salud y Bienestar,Otros Técnicos de Salud,483
2010,Salud y Bienestar,Postítulo en Ciencias Sociales,531
2010,Salud y Bienestar,Postítulo en Salud,3746
2010,Salud y Bienestar,Química y Farmacia,4294
2010,Salud y Bienestar,Técnico Dental y Asistente de Odontología,4004
2010,Salud y Bienestar,Técnico en Arsenaleria Quirúrgica,787
2010,Salud y Bienestar,Técnico en Enfermería,42214
2010,Salud y Bienestar,Técnico en Farmacia,109
2010,Salud y Bienestar,Técnico en Ginecología y Obstetricia,46
2010,Salud y Bienestar,Técnico en Laboratorio Clínico,1855
2010,Salud y Bienestar,Técnico en Masoterapia,565
2010,Salud y Bienestar,Técnico en Nutrición y Dietética,79
2010,Salud y Bienestar,Técnico en Óptica,60
2010,Salud y Bienestar,Técnico en Podología,667
2010,Salud y Bienestar,Técnico en Prevención y Rehabilitación,206
2010,Salud y Bienestar,Técnico en Radiología y Radioterapia,751
2010,Salud y Bienestar,Técnico en Servicio Social,3621
2010,Salud y Bienestar,Técnico en Terapias Naturales y Naturopatía,474
2010,Salud y Bienestar,Técnico Laboratorista Dental,2144
2010,Salud y Bienestar,Tecnología Médica,6975
2010,Salud y Bienestar,Terapia Ocupacional,3439
2010,Salud y Bienestar,Trabajo Social,20468
2010,Servicios,Administración Gastronómica,3739
2010,Servicios,Administración Turística y Hotelera,4964
2010,Servicios,Ingeniería en Prevención de Riesgos,17841
2010,Servicios,Ingeniería en Seguridad Privada,28
2010,Servicios,Ingeniería en Transporte y Tránsito,287
2010,Servicios,Ingeniería Marina y Marítimo Portuaria,474
2010,Servicios,Magister en Educación,276
2010,Servicios,Magister en Tecnología,22
2010,Servicios,Otras Ingenierías,187
2010,Servicios,Otros Profesionales de Arte y Arquitectura,45
2010,Servicios,Otros Profesionales de Educación,930
2010,Servicios,Otros Profesionales de Tecnología,77
2010,Servicios,Otros Técnicos de Tecnología,104
2010,Servicios,Postítulo en Administración y Comercio,15
2010,Servicios,Postítulo en Educación,3
2010,Servicios,Postítulo en Tecnología,96
2010,Servicios,"Técnico en Deporte, Recreación y Preparación Física",8002
2010,Servicios,Técnico en Gastronomía y Cocina,10599
2010,Servicios,Técnico en Peluquería y Estética,586
2010,Servicios,Técnico en Prevención de Riesgos,16869
2010,Servicios,Técnico en Seguridad Privada,9
2010,Servicios,Técnico en Transporte Marítimo y Puertos,228
2010,Servicios,Técnico en Turismo y Hotelería,5993
2010,Tecnología de la Información y la Comunicación (TIC),Bachillerato y/o Licenciatura en Tecnología,1
2010,Tecnología de la Información y la Comunicación (TIC),Doctorado en Tecnología,62
2010,Tecnología de la Información y la Comunicación (TIC),Ingeniería Civil en Computación e Informática,7055
2010,Tecnología de la Información y la Comunicación (TIC),Ingeniería en Computación e Informática,20126
2010,Tecnología de la Información y la Comunicación (TIC),Ingeniería en Conectividad y Redes,1731
2010,Tecnología de la Información y la Comunicación (TIC),Magister en Tecnología,622
2010,Tecnología de la Información y la Comunicación (TIC),Otras Ingenierías,217
2010,Tecnología de la Información y la Comunicación (TIC),Otros Profesionales de Tecnología,833
2010,Tecnología de la Información y la Comunicación (TIC),Postítulo en Tecnología,95
2010,Tecnología de la Información y la Comunicación (TIC),Técnico en Administración de Redes y Soporte,4894
2010,Tecnología de la Información y la Comunicación (TIC),Técnico en Análisis de Sistemas,1858
2010,Tecnología de la Información y la Comunicación (TIC),Técnico en Computación e Informática,11349
2010,Tecnología de la Información y la Comunicación (TIC),"Técnico en Producción, Desarrollo y Diseño Web",116
2011,Administración de Empresas y Derecho,Administración de Empresas e Ing. Asociadas,25100
2011,Administración de Empresas y Derecho,Administración Pública,3973
2011,Administración de Empresas y Derecho,Bachillerato y/o Licenciatura en Administración y Comercio,187
2011,Administración de Empresas y Derecho,Comunicación Empresarial y Organizacional,16
2011,Administración de Empresas y Derecho,Contador Auditor,22289
2011,Administración de Empresas y Derecho,Criminalística,223
2011,Administración de Empresas y Derecho,Derecho,36866
2011,Administración de Empresas y Derecho,Doctorado en Administración y Comercio,41
2011,Administración de Empresas y Derecho,Doctorado en Derecho,95
2011,Administración de Empresas y Derecho,Ingeniería Comercial,34106
2011,Administración de Empresas y Derecho,Ingeniería en Administración Jurídica,14
2011,Administración de Empresas y Derecho,Ingeniería en Comercio Exterior,2101
2011,Administración de Empresas y Derecho,Ingeniería en Control de Gestión,2070
2011,Administración de Empresas y Derecho,Ingeniería en Finanzas,623
2011,Administración de Empresas y Derecho,Ingeniería en Gestión Pública,768
2011,Administración de Empresas y Derecho,Ingeniería en Gestión y Control de Calidad,50
2011,Administración de Empresas y Derecho,Ingeniería en Logística,571
2011,Administración de Empresas y Derecho,Ingeniería en Marketing,990
2011,Administración de Empresas y Derecho,Ingeniería en Recursos Humanos,1732
2011,Administración de Empresas y Derecho,Magister en Administración y Comercio,7482
2011,Administración de Empresas y Derecho,Magister en Ciencias Sociales,241
2011,Administración de Empresas y Derecho,Magister en Derecho,1413
2011,Administración de Empresas y Derecho,Otros Profesionales de Administración y Comercio,82
2011,Administración de Empresas y Derecho,Otros Profesionales de Ciencias Sociales,377
2011,Administración de Empresas y Derecho,Otros Técnicos de Administración y Comercio,174
2011,Administración de Empresas y Derecho,Otros Técnicos de Ciencias Sociales,100
2011,Administración de Empresas y Derecho,Postítulo en Administración y Comercio,2680
2011,Administración de Empresas y Derecho,Postítulo en Ciencias Sociales,2
2011,Administración de Empresas y Derecho,Postítulo en Derecho,396
2011,Administración de Empresas y Derecho,Postítulo en Educación,20
2011,Administración de Empresas y Derecho,Publicidad,6177
2011,Administración de Empresas y Derecho,Relaciones Públicas,3024
2011,Administración de Empresas y Derecho,Secretariado Bilingüe,2483
2011,Administración de Empresas y Derecho,Secretariado Computacional,935
2011,Administración de Empresas y Derecho,Secretariado Ejecutivo,913
2011,Administración de Empresas y Derecho,Técnico Agente o Visitador Médico,490
2011,Administración de Empresas y Derecho,Técnico en Administración de Empresas,24971
2011,Administración de Empresas y Derecho,Técnico en Administración de Recursos Humanos y Personal,2826
2011,Administración de Empresas y Derecho,Técnico en Administración de Ventas,805
2011,Administración de Empresas y Derecho,Técnico en Administración en Marketing,66
2011,Administración de Empresas y Derecho,Técnico en Administración Financiera y Finanzas,3450
2011,Administración de Empresas y Derecho,Técnico en Administración Pública o Municipal,708
2011,Administración de Empresas y Derecho,Técnico en Comercio Exterior,3193
2011,Administración de Empresas y Derecho,Técnico en Contabilidad Computacional,299
2011,Administración de Empresas y Derecho,Técnico en Contabilidad General,6748
2011,Administración de Empresas y Derecho,Técnico en Contabilidad Tributaria,87
2011,Administración de Empresas y Derecho,Técnico en Gestión Previsional,62
2011,Administración de Empresas y Derecho,Técnico en Gestión y Control de Calidad,342
2011,Administración de Empresas y Derecho,Técnico en Logística,1938
2011,Administración de Empresas y Derecho,Técnico en Producción de Eventos,647
2011,Administración de Empresas y Derecho,Técnico en Publicidad,164
2011,Administración de Empresas y Derecho,Técnico en Relaciones Públicas,1117
2011,Administración de Empresas y Derecho,Técnico Jurídico,6351
2011,Administración de Empresas y Derecho,"Técnico Perito Judicial, Forense o en Criminalística",7
2011,"Agricultura, Silvicultura, Pesca y Veterinaria",Agronomía,7726
2011,"Agricultura, Silvicultura, Pesca y Veterinaria",Bachillerato y/o Licenciatura en Agropecuaria,96
2011,"Agricultura, Silvicultura, Pesca y Veterinaria",Doctorado en Agropecuaria,300
2011,"Agricultura, Silvicultura, Pesca y Veterinaria",Ingeniería Agrícola,2062
2011,"Agricultura, Silvicultura, Pesca y Veterinaria",Ingeniería de Ejecución Forestal,34
2011,"Agricultura, Silvicultura, Pesca y Veterinaria",Ingeniería en Acuicultura y Pesca,1125
2011,"Agricultura, Silvicultura, Pesca y Veterinaria",Ingeniería en Vitivinicultura,76
2011,"Agricultura, Silvicultura, Pesca y Veterinaria",Ingeniería Forestal,899
2011,"Agricultura, Silvicultura, Pesca y Veterinaria",Magister en Administración y Comercio,23
2011,"Agricultura, Silvicultura, Pesca y Veterinaria",Magister en Agropecuaria,642
2011,"Agricultura, Silvicultura, Pesca y Veterinaria",Medicina Veterinaria,9196
2011,"Agricultura, Silvicultura, Pesca y Veterinaria",Otros Técnicos de Administración y Comercio,1
2011,"Agricultura, Silvicultura, Pesca y Veterinaria",Postítulo en Agropecuaria,74
2011,"Agricultura, Silvicultura, Pesca y Veterinaria",Técnico Agropecuario,3643
2011,"Agricultura, Silvicultura, Pesca y Veterinaria",Técnico en Acuicultura y Pesca,324
2011,"Agricultura, Silvicultura, Pesca y Veterinaria",Técnico en Vitivinicultura y/o Enología,363
2011,"Agricultura, Silvicultura, Pesca y Veterinaria",Técnico Veterinario,1200
2011,Artes y Humanidades,Actuación y Teatro,2531
2011,Artes y Humanidades,Animación Digital,544
2011,Artes y Humanidades,Arqueología,149
2011,Artes y Humanidades,Artes y Licenciatura en Artes,3599
2011,Artes y Humanidades,Bachillerato y/o Licenciatura en Humanidades,958
2011,Artes y Humanidades,Comunicación Audiovisual y/o Multimedia,3419
2011,Artes y Humanidades,Diseño,4868
2011,Artes y Humanidades,Diseño de Ambientes e Interiores,1125
2011,Artes y Humanidades,Diseño de Vestuario,1829
2011,Artes y Humanidades,Diseño Gráfico,9808
2011,Artes y Humanidades,Diseño Teatral,48
2011,Artes y Humanidades,Doctorado en Ciencias Sociales,83
2011,Artes y Humanidades,Doctorado en Humanidades,507
2011,Artes y Humanidades,Filosofía,519
2011,Artes y Humanidades,Fotografía,869
2011,Artes y Humanidades,Historia,2298
2011,Artes y Humanidades,Licenciatura en Letras y Literatura,1835
2011,Artes y Humanidades,Magister en Arte y Arquitectura,330
2011,Artes y Humanidades,Magister en Ciencias Sociales,386
2011,Artes y Humanidades,Magister en Humanidades,1053
2011,Artes y Humanidades,"Música, Canto o Danza",3183
2011,Artes y Humanidades,Otros Profesionales de Arte y Arquitectura,131
2011,Artes y Humanidades,Otros Profesionales de Humanidades,155
2011,Artes y Humanidades,Otros Técnicos de Arte y Arquitectura,851
2011,Artes y Humanidades,Otros Técnicos de Humanidades,7
2011,Artes y Humanidades,Postítulo en Arte y Arquitectura,185
2011,Artes y Humanidades,Postítulo en Ciencias Sociales,39
2011,Artes y Humanidades,Postítulo en Humanidades,362
2011,Artes y Humanidades,Realizador de Cine y Televisión,988
2011,Artes y Humanidades,Técnico en Ambientes e Interiores,186
2011,Artes y Humanidades,Técnico en Comunicación Audiovisual,1019
2011,Artes y Humanidades,Técnico en Diseño de Vestuario,396
2011,Artes y Humanidades,Técnico en Diseño Gráfico,2568
2011,Artes y Humanidades,Técnico en Fotografía,707
2011,Artes y Humanidades,Técnico en Producción Gráfica y Multimedia,549
2011,Artes y Humanidades,Técnico en Sonido,1791
2011,Artes y Humanidades,Técnico en Teatro,64
2011,Artes y Humanidades,Técnico en Traducción e Interpretariado,1556
2011,Artes y Humanidades,Traducción e Interpretación,4585
2011,"Ciencias naturales, matemáticas y estadística",Analista Químico,447
2011,"Ciencias naturales, matemáticas y estadística",Bachillerato y/o Licenciatura en Ciencias Básicas,3616
2011,"Ciencias naturales, matemáticas y estadística",Biología,1331
2011,"Ciencias naturales, matemáticas y estadística",Biología Marina y Ecología Marina,1334
2011,"Ciencias naturales, matemáticas y estadística",Bioquímica,1995
2011,"Ciencias naturales, matemáticas y estadística",Biotecnología,541
2011,"Ciencias naturales, matemáticas y estadística",Doctorado en Ciencias Básicas,1499
2011,"Ciencias naturales, matemáticas y estadística",Doctorado en Tecnología,170
2011,"Ciencias naturales, matemáticas y estadística",Física y Astronomía,1170
2011,"Ciencias naturales, matemáticas y estadística",Geología,1473
2011,"Ciencias naturales, matemáticas y estadística",Ingeniería Civil en Geomática y Geomensura,84
2011,"Ciencias naturales, matemáticas y estadística",Ingeniería Civil Matemática y Estadística,362
2011,"Ciencias naturales, matemáticas y estadística",Ingeniería en Geomensura y Cartografía,949
2011,"Ciencias naturales, matemáticas y estadística",Ingeniería en Matemática y Estadística,861
2011,"Ciencias naturales, matemáticas y estadística",Ingeniería en Recursos Renovables,797
2011,"Ciencias naturales, matemáticas y estadística",Magister en Ciencias Básicas,987
2011,"Ciencias naturales, matemáticas y estadística",Magister en Tecnología,266
2011,"Ciencias naturales, matemáticas y estadística",Matemática y/o Estadística,705
2011,"Ciencias naturales, matemáticas y estadística",Otras Ingenierías,270
2011,"Ciencias naturales, matemáticas y estadística",Otros Profesionales de Ciencias Básicas,122
2011,"Ciencias naturales, matemáticas y estadística",Postítulo en Ciencias Básicas,95
2011,"Ciencias naturales, matemáticas y estadística",Postítulo en Tecnología,29
2011,"Ciencias naturales, matemáticas y estadística",Química Ambiental,385
2011,"Ciencias naturales, matemáticas y estadística","Química, Licenciado en Química",1035
2011,"Ciencias naturales, matemáticas y estadística",Técnico en Geología,317
2011,"Ciencias naturales, matemáticas y estadística",Técnico en Geominería,344
2011,"Ciencias naturales, matemáticas y estadística",Técnico en Medio Ambiente (Control y Gestión),100
2011,"Ciencias naturales, matemáticas y estadística",Técnico en Química (Análisis e Industrial),1340
2011,"Ciencias Sociales, Periodismo e Información",Antropología,1521
2011,"Ciencias Sociales, Periodismo e Información",Bachillerato y/o Licenciatura en Ciencias Sociales,1256
2011,"Ciencias Sociales, Periodismo e Información",Bibliotecología,359
2011,"Ciencias Sociales, Periodismo e Información",Ciencias Políticas,2179
2011,"Ciencias Sociales, Periodismo e Información",Comunicación Social,240
2011,"Ciencias Sociales, Periodismo e Información",Doctorado en Ciencias Sociales,349
2011,"Ciencias Sociales, Periodismo e Información",Geografía,1405
2011,"Ciencias Sociales, Periodismo e Información",Magister en Ciencias Sociales,5155
2011,"Ciencias Sociales, Periodismo e Información",Magister en Humanidades,12
2011,"Ciencias Sociales, Periodismo e Información",Otros Profesionales de Ciencias Sociales,615
2011,"Ciencias Sociales, Periodismo e Información",Otros Técnicos de Ciencias Sociales,28
2011,"Ciencias Sociales, Periodismo e Información",Periodismo,6158
2011,"Ciencias Sociales, Periodismo e Información",Postítulo en Ciencias Sociales,765
2011,"Ciencias Sociales, Periodismo e Información",Postítulo en Humanidades,24
2011,"Ciencias Sociales, Periodismo e Información",Psicología,25900
2011,"Ciencias Sociales, Periodismo e Información",Sociología,3574
2011,"Ciencias Sociales, Periodismo e Información",Técnico en Bibliotecas y Centros de Documentación,287
2011,"Ciencias Sociales, Periodismo e Información",Técnico en Comunicación Social,16
2011,Educación,Bachillerato y/o Licenciatura en Educación,250
2011,Educación,Doctorado en Educación,131
2011,Educación,Magister en Educación,6695
2011,Educación,Otros Profesionales de Educación,1
2011,Educación,Otros Técnicos de Educación,105
2011,Educación,Pedagogía en Artes y Música,3357
2011,Educación,Pedagogía en Ciencias,4689
2011,Educación,Pedagogía en Educación Básica,19887
2011,Educación,Pedagogía en Educación de Párvulos,16412
2011,Educación,Pedagogía en Educación Diferencial,10096
2011,Educación,Pedagogía en Educación Física,20252
2011,Educación,Pedagogía en Educación Media,233
2011,Educación,Pedagogía en Educación Técnico Profesional,358
2011,Educación,Pedagogía en Educación Tecnológica,110
2011,Educación,Pedagogía en Filosofía y Religión,1438
2011,Educación,"Pedagogía en Historia, Geografía y Ciencias Sociales",6927
2011,Educación,Pedagogía en Idiomas,12704
2011,Educación,"Pedagogía en Lenguaje, Comunicación y/o Castellano",4723
2011,Educación,Pedagogía en Matemáticas y Computación,4501
2011,Educación,Postítulo en Educación,9914
2011,Educación,Programas de Formación Pedagógica,969
2011,Educación,Psicopedagogía,11057
2011,Educación,Técnico Asistente del Educador de Párvulos,11249
2011,Educación,Técnico Asistente del Educador Diferencial,4255
2011,"Ingeniería, Industria y Construcción",Arquitectura,12194
2011,"Ingeniería, Industria y Construcción",Bachillerato y/o Licenciatura en Tecnología,1062
2011,"Ingeniería, Industria y Construcción",Construcción Civil,6785
2011,"Ingeniería, Industria y Construcción",Diseño Industrial,2092
2011,"Ingeniería, Industria y Construcción",Doctorado en Arte y Arquitectura,57
2011,"Ingeniería, Industria y Construcción",Doctorado en Tecnología,475
2011,"Ingeniería, Industria y Construcción",Ingeniería Agroindustrial,381
2011,"Ingeniería, Industria y Construcción",Ingeniería Civil Agrícola,132
2011,"Ingeniería, Industria y Construcción",Ingeniería Civil Ambiental,1032
2011,"Ingeniería, Industria y Construcción",Ingeniería Civil Bioquímica,276
2011,"Ingeniería, Industria y Construcción",Ingeniería Civil Eléctrica,2282
2011,"Ingeniería, Industria y Construcción",Ingeniería Civil Electrónica,1853
2011,"Ingeniería, Industria y Construcción",Ingeniería Civil en Agroindustrias,37
2011,"Ingeniería, Industria y Construcción",Ingeniería Civil en Biomédica,611
2011,"Ingeniería, Industria y Construcción",Ingeniería Civil en Biotecnología y/o Bioingeniería,369
2011,"Ingeniería, Industria y Construcción",Ingeniería Civil en Geografía,137
2011,"Ingeniería, Industria y Construcción",Ingeniería Civil en Industrias Forestales,101
2011,"Ingeniería, Industria y Construcción",Ingeniería Civil en Materiales,160
2011,"Ingeniería, Industria y Construcción",Ingeniería Civil en Minas,2220
2011,"Ingeniería, Industria y Construcción",Ingeniería Civil en Obras Civiles,1987
2011,"Ingeniería, Industria y Construcción",Ingeniería Civil en Sonido y Acústica,231
2011,"Ingeniería, Industria y Construcción",Ingeniería Civil en Telemática,344
2011,"Ingeniería, Industria y Construcción",Ingeniería Civil Industrial,22829
2011,"Ingeniería, Industria y Construcción",Ingeniería Civil Mecánica,2985
2011,"Ingeniería, Industria y Construcción",Ingeniería Civil Metalúrgica,1341
2011,"Ingeniería, Industria y Construcción",Ingeniería Civil Química,2009
2011,"Ingeniería, Industria y Construcción","Ingeniería Civil, plan común y licenciatura en Ciencias de la Ingeniería",12367
2011,"Ingeniería, Industria y Construcción",Ingeniería en Alimentos,1814
2011,"Ingeniería, Industria y Construcción","Ingeniería en Automatización, Instrumentación y Control",2609
2011,"Ingeniería, Industria y Construcción",Ingeniería en Biotecnología y Bioingeniería,2267
2011,"Ingeniería, Industria y Construcción",Ingeniería en Construcción,10904
2011,"Ingeniería, Industria y Construcción",Ingeniería en Electricidad,4131
2011,"Ingeniería, Industria y Construcción",Ingeniería en Electrónica,2077
2011,"Ingeniería, Industria y Construcción",Ingeniería en Energía,40
2011,"Ingeniería, Industria y Construcción",Ingeniería en Geomensura y Cartografía,91
2011,"Ingeniería, Industria y Construcción",Ingeniería en Industria de la Madera,110
2011,"Ingeniería, Industria y Construcción",Ingeniería en Mecánica Automotriz,8875
2011,"Ingeniería, Industria y Construcción",Ingeniería en Mecatrónica,219
2011,"Ingeniería, Industria y Construcción",Ingeniería en Medio Ambiente,1682
2011,"Ingeniería, Industria y Construcción",Ingeniería en Metalurgia,870
2011,"Ingeniería, Industria y Construcción",Ingeniería en Minas,2542
2011,"Ingeniería, Industria y Construcción",Ingeniería en Proyectos Estructurales,76
2011,"Ingeniería, Industria y Construcción",Ingeniería en Química,1435
2011,"Ingeniería, Industria y Construcción",Ingeniería en Refrigeración y Climatización,394
2011,"Ingeniería, Industria y Construcción",Ingeniería en Sonido,1168
2011,"Ingeniería, Industria y Construcción",Ingeniería en Telecomunicaciones,1430
2011,"Ingeniería, Industria y Construcción",Ingeniería en Telemática,222
2011,"Ingeniería, Industria y Construcción",Ingeniería Industrial,6782
2011,"Ingeniería, Industria y Construcción",Ingeniería Mecánica,6202
2011,"Ingeniería, Industria y Construcción",Ingeniería Naval,253
2011,"Ingeniería, Industria y Construcción",Ingeniería Textil,1
2011,"Ingeniería, Industria y Construcción",Magister en Arte y Arquitectura,353
2011,"Ingeniería, Industria y Construcción",Magister en Tecnología,2161
2011,"Ingeniería, Industria y Construcción",Otras Ingenierías,402
2011,"Ingeniería, Industria y Construcción",Otras Ingenierías Civiles,1030
2011,"Ingeniería, Industria y Construcción",Otros Profesionales de Tecnología,1260
2011,"Ingeniería, Industria y Construcción",Otros Técnicos de Arte y Arquitectura,45
2011,"Ingeniería, Industria y Construcción",Otros Técnicos de Tecnología,405
2011,"Ingeniería, Industria y Construcción",Paisajismo,150
2011,"Ingeniería, Industria y Construcción",Postítulo en Arte y Arquitectura,36
2011,"Ingeniería, Industria y Construcción",Postítulo en Tecnología,449
2011,"Ingeniería, Industria y Construcción",Química Industrial,313
2011,"Ingeniería, Industria y Construcción",Técnico en Agroindustria,63
2011,"Ingeniería, Industria y Construcción",Técnico en Alimentos,831
2011,"Ingeniería, Industria y Construcción",Técnico en Biotecnología Industrial,234
2011,"Ingeniería, Industria y Construcción",Técnico en Construcción y Obras Civiles,10088
2011,"Ingeniería, Industria y Construcción",Técnico en Dibujo Arquitectónico,1512
2011,"Ingeniería, Industria y Construcción",Técnico en Dibujo Técnico,543
2011,"Ingeniería, Industria y Construcción",Técnico en Diseño de Áreas Verdes y Paisajismo,161
2011,"Ingeniería, Industria y Construcción",Técnico en Diseño Industrial,1
2011,"Ingeniería, Industria y Construcción",Técnico en Electricidad y Electricidad Industrial,5996
2011,"Ingeniería, Industria y Construcción",Técnico en Electromecánica,314
2011,"Ingeniería, Industria y Construcción",Técnico en Electrónica y Electrónica Industrial,1664
2011,"Ingeniería, Industria y Construcción",Técnico en Energía,139
2011,"Ingeniería, Industria y Construcción",Técnico en Industria Forestal o de la Madera,159
2011,"Ingeniería, Industria y Construcción","Técnico en Instrumentación, Automatización y Control Industrial",3115
2011,"Ingeniería, Industria y Construcción",Técnico en Mantenimiento Industrial,2803
2011,"Ingeniería, Industria y Construcción",Técnico en Matriceria,97
2011,"Ingeniería, Industria y Construcción",Técnico en Mecánica Automotriz,10129
2011,"Ingeniería, Industria y Construcción",Técnico en Mecánica Industrial,1753
2011,"Ingeniería, Industria y Construcción",Técnico en Mecatrónica,4
2011,"Ingeniería, Industria y Construcción",Técnico en Medio Ambiente (Control y Gestión),94
2011,"Ingeniería, Industria y Construcción",Técnico en Metalurgia,258
2011,"Ingeniería, Industria y Construcción",Técnico en Minería,1769
2011,"Ingeniería, Industria y Construcción",Técnico en Procesos Industriales,454
2011,"Ingeniería, Industria y Construcción",Técnico en Proyecto y Diseño Mecánico,101
2011,"Ingeniería, Industria y Construcción",Técnico en Proyectos de Ingeniería,140
2011,"Ingeniería, Industria y Construcción",Técnico en Refrigeración y Climatización,415
2011,"Ingeniería, Industria y Construcción",Técnico en Telecomunicaciones,2337
2011,"Ingeniería, Industria y Construcción",Técnico en Topografía,1213
2011,"Ingeniería, Industria y Construcción",Técnico en Vitivinicultura y/o Enología,34
2011,Salud y Bienestar,Bachillerato y/o Licenciatura en Salud,343
2011,Salud y Bienestar,Doctorado en Salud,291
2011,Salud y Bienestar,Enfermería,33493
2011,Salud y Bienestar,Fonoaudiología,10037
2011,Salud y Bienestar,Kinesiología,25588
2011,Salud y Bienestar,Magister en Ciencias Sociales,369
2011,Salud y Bienestar,Magister en Salud,1787
2011,Salud y Bienestar,Medicina,12450
2011,Salud y Bienestar,Naturopatía,187
2011,Salud y Bienestar,Nutrición y Dietética,12342
2011,Salud y Bienestar,Obstetricia y Puericultura,3644
2011,Salud y Bienestar,Odontología,12494
2011,Salud y Bienestar,Orientación Familiar y Relaciones Humanas,549
2011,Salud y Bienestar,Otros Profesionales de Ciencias Sociales,16
2011,Salud y Bienestar,Otros Profesionales de Salud,148
2011,Salud y Bienestar,Otros Técnicos de Ciencias Sociales,1098
2011,Salud y Bienestar,Otros Técnicos de Salud,648
2011,Salud y Bienestar,Postítulo en Ciencias Sociales,519
2011,Salud y Bienestar,Postítulo en Salud,3666
2011,Salud y Bienestar,Química y Farmacia,4370
2011,Salud y Bienestar,Técnico Dental y Asistente de Odontología,4980
2011,Salud y Bienestar,Técnico en Arsenaleria Quirúrgica,906
2011,Salud y Bienestar,Técnico en Enfermería,50169
2011,Salud y Bienestar,Técnico en Farmacia,114
2011,Salud y Bienestar,Técnico en Ginecología y Obstetricia,3
2011,Salud y Bienestar,Técnico en Laboratorio Clínico,2245
2011,Salud y Bienestar,Técnico en Masoterapia,774
2011,Salud y Bienestar,Técnico en Nutrición y Dietética,140
2011,Salud y Bienestar,Técnico en Óptica,72
2011,Salud y Bienestar,Técnico en Podología,742
2011,Salud y Bienestar,Técnico en Prevención y Rehabilitación,191
2011,Salud y Bienestar,Técnico en Radiología y Radioterapia,794
2011,Salud y Bienestar,Técnico en Servicio Social,4908
2011,Salud y Bienestar,Técnico en Terapias Naturales y Naturopatía,647
2011,Salud y Bienestar,Técnico Laboratorista Dental,2064
2011,Salud y Bienestar,Tecnología Médica,7611
2011,Salud y Bienestar,Terapia Ocupacional,4481
2011,Salud y Bienestar,Trabajo Social,22103
2011,Servicios,Administración Gastronómica,3815
2011,Servicios,Administración Turística y Hotelera,4826
2011,Servicios,Ingeniería en Prevención de Riesgos,21983
2011,Servicios,Ingeniería en Seguridad Privada,12
2011,Servicios,Ingeniería en Transporte y Tránsito,269
2011,Servicios,Ingeniería Marina y Marítimo Portuaria,515
2011,Servicios,Magister en Educación,367
2011,Servicios,Magister en Tecnología,23
2011,Servicios,Otras Ingenierías,159
2011,Servicios,Otros Profesionales de Arte y Arquitectura,76
2011,Servicios,Otros Profesionales de Educación,1004
2011,Servicios,Otros Profesionales de Tecnología,84
2011,Servicios,Otros Técnicos de Tecnología,99
2011,Servicios,Postítulo en Administración y Comercio,19
2011,Servicios,Postítulo en Educación,22
2011,Servicios,Postítulo en Tecnología,75
2011,Servicios,"Técnico en Deporte, Recreación y Preparación Física",8978
2011,Servicios,Técnico en Gastronomía y Cocina,11600
2011,Servicios,Técnico en Peluquería y Estética,791
2011,Servicios,Técnico en Prevención de Riesgos,23055
2011,Servicios,Técnico en Seguridad Privada,36
2011,Servicios,Técnico en Transporte Marítimo y Puertos,244
2011,Servicios,Técnico en Turismo y Hotelería,6587
2011,Tecnología de la Información y la Comunicación (TIC),Doctorado en Tecnología,54
2011,Tecnología de la Información y la Comunicación (TIC),Ingeniería Civil en Computación e Informática,7384
2011,Tecnología de la Información y la Comunicación (TIC),Ingeniería en Computación e Informática,20767
2011,Tecnología de la Información y la Comunicación (TIC),Ingeniería en Conectividad y Redes,1762
2011,Tecnología de la Información y la Comunicación (TIC),Magister en Tecnología,507
2011,Tecnología de la Información y la Comunicación (TIC),Otras Ingenierías,201
2011,Tecnología de la Información y la Comunicación (TIC),Otros Profesionales de Tecnología,791
2011,Tecnología de la Información y la Comunicación (TIC),Postítulo en Tecnología,111
2011,Tecnología de la Información y la Comunicación (TIC),Técnico en Administración de Redes y Soporte,5003
2011,Tecnología de la Información y la Comunicación (TIC),Técnico en Análisis de Sistemas,1759
2011,Tecnología de la Información y la Comunicación (TIC),Técnico en Computación e Informática,11485
2011,Tecnología de la Información y la Comunicación (TIC),"Técnico en Producción, Desarrollo y Diseño Web",100
2012,Administración de Empresas y Derecho,Administración de Empresas e Ing. Asociadas,26523
2012,Administración de Empresas y Derecho,Administración Pública,4746
2012,Administración de Empresas y Derecho,Bachillerato y/o Licenciatura en Administración y Comercio,139
2012,Administración de Empresas y Derecho,Comunicación Empresarial y Organizacional,3
2012,Administración de Empresas y Derecho,Contador Auditor,22188
2012,Administración de Empresas y Derecho,Criminalística,48
2012,Administración de Empresas y Derecho,Derecho,36861
2012,Administración de Empresas y Derecho,Doctorado en Administración y Comercio,66
2012,Administración de Empresas y Derecho,Doctorado en Derecho,128
2012,Administración de Empresas y Derecho,Ingeniería Comercial,37374
2012,Administración de Empresas y Derecho,Ingeniería en Administración Jurídica,21
2012,Administración de Empresas y Derecho,Ingeniería en Comercio Exterior,1935
2012,Administración de Empresas y Derecho,Ingeniería en Control de Gestión,2431
2012,Administración de Empresas y Derecho,Ingeniería en Finanzas,671
2012,Administración de Empresas y Derecho,Ingeniería en Gestión Pública,714
2012,Administración de Empresas y Derecho,Ingeniería en Gestión y Control de Calidad,57
2012,Administración de Empresas y Derecho,Ingeniería en Logística,651
2012,Administración de Empresas y Derecho,Ingeniería en Marketing,1132
2012,Administración de Empresas y Derecho,Ingeniería en Recursos Humanos,2743
2012,Administración de Empresas y Derecho,Magister en Administración y Comercio,9388
2012,Administración de Empresas y Derecho,Magister en Ciencias Sociales,247
2012,Administración de Empresas y Derecho,Magister en Derecho,1753
2012,Administración de Empresas y Derecho,Otros Profesionales de Administración y Comercio,66
2012,Administración de Empresas y Derecho,Otros Profesionales de Ciencias Sociales,289
2012,Administración de Empresas y Derecho,Otros Técnicos de Administración y Comercio,235
2012,Administración de Empresas y Derecho,Otros Técnicos de Ciencias Sociales,93
2012,Administración de Empresas y Derecho,Postítulo en Administración y Comercio,2799
2012,Administración de Empresas y Derecho,Postítulo en Ciencias Sociales,2
2012,Administración de Empresas y Derecho,Postítulo en Derecho,528
2012,Administración de Empresas y Derecho,Publicidad,5648
2012,Administración de Empresas y Derecho,Relaciones Públicas,2802
2012,Administración de Empresas y Derecho,Secretariado Bilingüe,2335
2012,Administración de Empresas y Derecho,Secretariado Computacional,825
2012,Administración de Empresas y Derecho,Secretariado Ejecutivo,870
2012,Administración de Empresas y Derecho,Técnico Agente o Visitador Médico,389
2012,Administración de Empresas y Derecho,Técnico en Administración de Empresas,28712
2012,Administración de Empresas y Derecho,Técnico en Administración de Recursos Humanos y Personal,3324
2012,Administración de Empresas y Derecho,Técnico en Administración de Ventas,728
2012,Administración de Empresas y Derecho,Técnico en Administración en Marketing,127
2012,Administración de Empresas y Derecho,Técnico en Administración Financiera y Finanzas,3459
2012,Administración de Empresas y Derecho,Técnico en Administración Pública o Municipal,819
2012,Administración de Empresas y Derecho,Técnico en Comercio Exterior,2883
2012,Administración de Empresas y Derecho,Técnico en Contabilidad Computacional,217
2012,Administración de Empresas y Derecho,Técnico en Contabilidad General,7168
2012,Administración de Empresas y Derecho,Técnico en Contabilidad Tributaria,65
2012,Administración de Empresas y Derecho,Técnico en Gestión Previsional,310
2012,Administración de Empresas y Derecho,Técnico en Gestión y Control de Calidad,281
2012,Administración de Empresas y Derecho,Técnico en Logística,2146
2012,Administración de Empresas y Derecho,Técnico en Producción de Eventos,553
2012,Administración de Empresas y Derecho,Técnico en Publicidad,240
2012,Administración de Empresas y Derecho,Técnico en Relaciones Públicas,1091
2012,Administración de Empresas y Derecho,Técnico Jurídico,5052
2012,Administración de Empresas y Derecho,"Técnico Perito Judicial, Forense o en Criminalística",1
2012,"Agricultura, Silvicultura, Pesca y Veterinaria",Agronomía,7518
2012,"Agricultura, Silvicultura, Pesca y Veterinaria",Bachillerato y/o Licenciatura en Agropecuaria,66
2012,"Agricultura, Silvicultura, Pesca y Veterinaria",Doctorado en Agropecuaria,335
2012,"Agricultura, Silvicultura, Pesca y Veterinaria",Ingeniería Agrícola,2111
2012,"Agricultura, Silvicultura, Pesca y Veterinaria",Ingeniería de Ejecución Forestal,19
2012,"Agricultura, Silvicultura, Pesca y Veterinaria",Ingeniería en Acuicultura y Pesca,842
2012,"Agricultura, Silvicultura, Pesca y Veterinaria",Ingeniería en Vitivinicultura,58
2012,"Agricultura, Silvicultura, Pesca y Veterinaria",Ingeniería Forestal,715
2012,"Agricultura, Silvicultura, Pesca y Veterinaria",Magister en Administración y Comercio,59
2012,"Agricultura, Silvicultura, Pesca y Veterinaria",Magister en Agropecuaria,665
2012,"Agricultura, Silvicultura, Pesca y Veterinaria",Medicina Veterinaria,8916
2012,"Agricultura, Silvicultura, Pesca y Veterinaria",Otros Técnicos de Administración y Comercio,1
2012,"Agricultura, Silvicultura, Pesca y Veterinaria",Postítulo en Administración y Comercio,1
2012,"Agricultura, Silvicultura, Pesca y Veterinaria",Postítulo en Agropecuaria,56
2012,"Agricultura, Silvicultura, Pesca y Veterinaria",Técnico Agropecuario,3780
2012,"Agricultura, Silvicultura, Pesca y Veterinaria",Técnico en Acuicultura y Pesca,291
2012,"Agricultura, Silvicultura, Pesca y Veterinaria",Técnico en Vitivinicultura y/o Enología,324
2012,"Agricultura, Silvicultura, Pesca y Veterinaria",Técnico Veterinario,1301
2012,Artes y Humanidades,Actuación y Teatro,2227
2012,Artes y Humanidades,Animación Digital,593
2012,Artes y Humanidades,Arqueología,148
2012,Artes y Humanidades,Artes y Licenciatura en Artes,3507
2012,Artes y Humanidades,Bachillerato y/o Licenciatura en Humanidades,901
2012,Artes y Humanidades,Comunicación Audiovisual y/o Multimedia,3251
2012,Artes y Humanidades,Diseño,4840
2012,Artes y Humanidades,Diseño de Ambientes e Interiores,1043
2012,Artes y Humanidades,Diseño de Vestuario,1759
2012,Artes y Humanidades,Diseño Gráfico,9178
2012,Artes y Humanidades,Diseño Teatral,45
2012,Artes y Humanidades,Doctorado en Ciencias Sociales,91
2012,Artes y Humanidades,Doctorado en Humanidades,531
2012,Artes y Humanidades,Filosofía,518
2012,Artes y Humanidades,Fotografía,745
2012,Artes y Humanidades,Historia,2096
2012,Artes y Humanidades,Licenciatura en Letras y Literatura,1843
2012,Artes y Humanidades,Magister en Arte y Arquitectura,392
2012,Artes y Humanidades,Magister en Ciencias Sociales,389
2012,Artes y Humanidades,Magister en Humanidades,1045
2012,Artes y Humanidades,"Música, Canto o Danza",3125
2012,Artes y Humanidades,Otros Profesionales de Arte y Arquitectura,122
2012,Artes y Humanidades,Otros Profesionales de Humanidades,204
2012,Artes y Humanidades,Otros Técnicos de Arte y Arquitectura,958
2012,Artes y Humanidades,Otros Técnicos de Humanidades,3
2012,Artes y Humanidades,Postítulo en Arte y Arquitectura,182
2012,Artes y Humanidades,Postítulo en Humanidades,282
2012,Artes y Humanidades,Realizador de Cine y Televisión,936
2012,Artes y Humanidades,Técnico en Ambientes e Interiores,201
2012,Artes y Humanidades,Técnico en Comunicación Audiovisual,1157
2012,Artes y Humanidades,Técnico en Diseño de Vestuario,438
2012,Artes y Humanidades,Técnico en Diseño Gráfico,2536
2012,Artes y Humanidades,Técnico en Fotografía,849
2012,Artes y Humanidades,Técnico en Producción Gráfica y Multimedia,487
2012,Artes y Humanidades,Técnico en Sonido,1758
2012,Artes y Humanidades,Técnico en Teatro,91
2012,Artes y Humanidades,Técnico en Traducción e Interpretariado,1413
2012,Artes y Humanidades,Traducción e Interpretación,4591
2012,"Ciencias naturales, matemáticas y estadística",Analista Químico,418
2012,"Ciencias naturales, matemáticas y estadística",Bachillerato y/o Licenciatura en Ciencias Básicas,3533
2012,"Ciencias naturales, matemáticas y estadística",Biología,1192
2012,"Ciencias naturales, matemáticas y estadística",Biología Marina y Ecología Marina,1230
2012,"Ciencias naturales, matemáticas y estadística",Bioquímica,2023
2012,"Ciencias naturales, matemáticas y estadística",Biotecnología,475
2012,"Ciencias naturales, matemáticas y estadística",Doctorado en Ciencias Básicas,1591
2012,"Ciencias naturales, matemáticas y estadística",Doctorado en Tecnología,166
2012,"Ciencias naturales, matemáticas y estadística",Física y Astronomía,1183
2012,"Ciencias naturales, matemáticas y estadística",Geología,1997
2012,"Ciencias naturales, matemáticas y estadística",Ingeniería Civil en Geomática y Geomensura,88
2012,"Ciencias naturales, matemáticas y estadística",Ingeniería Civil Matemática y Estadística,359
2012,"Ciencias naturales, matemáticas y estadística",Ingeniería en Geomensura y Cartografía,989
2012,"Ciencias naturales, matemáticas y estadística",Ingeniería en Matemática y Estadística,784
2012,"Ciencias naturales, matemáticas y estadística",Ingeniería en Recursos Renovables,866
2012,"Ciencias naturales, matemáticas y estadística",Magister en Ciencias Básicas,1079
2012,"Ciencias naturales, matemáticas y estadística",Magister en Tecnología,312
2012,"Ciencias naturales, matemáticas y estadística",Matemática y/o Estadística,672
2012,"Ciencias naturales, matemáticas y estadística",Otras Ingenierías,266
2012,"Ciencias naturales, matemáticas y estadística",Otros Profesionales de Ciencias Básicas,114
2012,"Ciencias naturales, matemáticas y estadística",Postítulo en Ciencias Básicas,58
2012,"Ciencias naturales, matemáticas y estadística",Postítulo en Tecnología,9
2012,"Ciencias naturales, matemáticas y estadística",Química Ambiental,362
2012,"Ciencias naturales, matemáticas y estadística","Química, Licenciado en Química",1021
2012,"Ciencias naturales, matemáticas y estadística",Técnico en Geología,365
2012,"Ciencias naturales, matemáticas y estadística",Técnico en Geominería,415
2012,"Ciencias naturales, matemáticas y estadística",Técnico en Medio Ambiente (Control y Gestión),68
2012,"Ciencias naturales, matemáticas y estadística",Técnico en Química (Análisis e Industrial),1174
2012,"Ciencias Sociales, Periodismo e Información",Antropología,1504
2012,"Ciencias Sociales, Periodismo e Información",Bachillerato y/o Licenciatura en Ciencias Sociales,1175
2012,"Ciencias Sociales, Periodismo e Información",Bibliotecología,349
2012,"Ciencias Sociales, Periodismo e Información",Ciencias Políticas,2236
2012,"Ciencias Sociales, Periodismo e Información",Comunicación Social,191
2012,"Ciencias Sociales, Periodismo e Información",Doctorado en Ciencias Sociales,383
2012,"Ciencias Sociales, Periodismo e Información",Geografía,1520
2012,"Ciencias Sociales, Periodismo e Información",Magister en Ciencias Sociales,5653
2012,"Ciencias Sociales, Periodismo e Información",Magister en Humanidades,1
2012,"Ciencias Sociales, Periodismo e Información",Otros Profesionales de Ciencias Sociales,444
2012,"Ciencias Sociales, Periodismo e Información",Otros Técnicos de Ciencias Sociales,96
2012,"Ciencias Sociales, Periodismo e Información",Periodismo,5931
2012,"Ciencias Sociales, Periodismo e Información",Postítulo en Ciencias Sociales,935
2012,"Ciencias Sociales, Periodismo e Información",Postítulo en Humanidades,24
2012,"Ciencias Sociales, Periodismo e Información",Psicología,26811
2012,"Ciencias Sociales, Periodismo e Información",Sociología,3562
2012,"Ciencias Sociales, Periodismo e Información",Técnico en Bibliotecas y Centros de Documentación,237
2012,"Ciencias Sociales, Periodismo e Información",Técnico en Comunicación Social,64
2012,Educación,Bachillerato y/o Licenciatura en Educación,145
2012,Educación,Doctorado en Educación,209
2012,Educación,Magister en Educación,9584
2012,Educación,Otros Técnicos de Educación,29
2012,Educación,Pedagogía en Artes y Música,3266
2012,Educación,Pedagogía en Ciencias,4232
2012,Educación,Pedagogía en Educación Básica,17710
2012,Educación,Pedagogía en Educación de Párvulos,16654
2012,Educación,Pedagogía en Educación Diferencial,11445
2012,Educación,Pedagogía en Educación Física,19633
2012,Educación,Pedagogía en Educación Media,262
2012,Educación,Pedagogía en Educación Técnico Profesional,211
2012,Educación,Pedagogía en Educación Tecnológica,73
2012,Educación,Pedagogía en Filosofía y Religión,1435
2012,Educación,"Pedagogía en Historia, Geografía y Ciencias Sociales",6938
2012,Educación,Pedagogía en Idiomas,12697
2012,Educación,"Pedagogía en Lenguaje, Comunicación y/o Castellano",4701
2012,Educación,Pedagogía en Matemáticas y Computación,4484
2012,Educación,Postítulo en Educación,10631
2012,Educación,Programas de Formación Pedagógica,891
2012,Educación,Psicopedagogía,12131
2012,Educación,Técnico Asistente del Educador de Párvulos,12704
2012,Educación,Técnico Asistente del Educador Diferencial,5295
2012,"Ingeniería, Industria y Construcción",Arquitectura,12081
2012,"Ingeniería, Industria y Construcción",Bachillerato y/o Licenciatura en Tecnología,705
2012,"Ingeniería, Industria y Construcción",Construcción Civil,7392
2012,"Ingeniería, Industria y Construcción",Diseño Industrial,1957
2012,"Ingeniería, Industria y Construcción",Doctorado en Arte y Arquitectura,54
2012,"Ingeniería, Industria y Construcción",Doctorado en Tecnología,507
2012,"Ingeniería, Industria y Construcción",Ingeniería Agroindustrial,318
2012,"Ingeniería, Industria y Construcción",Ingeniería Civil Agrícola,123
2012,"Ingeniería, Industria y Construcción",Ingeniería Civil Ambiental,1025
2012,"Ingeniería, Industria y Construcción",Ingeniería Civil Bioquímica,289
2012,"Ingeniería, Industria y Construcción",Ingeniería Civil Eléctrica,2488
2012,"Ingeniería, Industria y Construcción",Ingeniería Civil Electrónica,1790
2012,"Ingeniería, Industria y Construcción",Ingeniería Civil en Agroindustrias,31
2012,"Ingeniería, Industria y Construcción",Ingeniería Civil en Biomédica,606
2012,"Ingeniería, Industria y Construcción",Ingeniería Civil en Biotecnología y/o Bioingeniería,331
2012,"Ingeniería, Industria y Construcción",Ingeniería Civil en Energía,5
2012,"Ingeniería, Industria y Construcción",Ingeniería Civil en Geografía,130
2012,"Ingeniería, Industria y Construcción",Ingeniería Civil en Industrias Forestales,92
2012,"Ingeniería, Industria y Construcción",Ingeniería Civil en Materiales,149
2012,"Ingeniería, Industria y Construcción",Ingeniería Civil en Minas,2901
2012,"Ingeniería, Industria y Construcción",Ingeniería Civil en Obras Civiles,2145
2012,"Ingeniería, Industria y Construcción",Ingeniería Civil en Sonido y Acústica,202
2012,"Ingeniería, Industria y Construcción",Ingeniería Civil en Telemática,329
2012,"Ingeniería, Industria y Construcción",Ingeniería Civil Industrial,24903
2012,"Ingeniería, Industria y Construcción",Ingeniería Civil Mecánica,3300
2012,"Ingeniería, Industria y Construcción",Ingeniería Civil Metalúrgica,1696
2012,"Ingeniería, Industria y Construcción",Ingeniería Civil Química,2103
2012,"Ingeniería, Industria y Construcción","Ingeniería Civil, plan común y licenciatura en Ciencias de la Ingeniería",12774
2012,"Ingeniería, Industria y Construcción",Ingeniería en Alimentos,1654
2012,"Ingeniería, Industria y Construcción","Ingeniería en Automatización, Instrumentación y Control",2702
2012,"Ingeniería, Industria y Construcción",Ingeniería en Biotecnología y Bioingeniería,2185
2012,"Ingeniería, Industria y Construcción",Ingeniería en Construcción,11534
2012,"Ingeniería, Industria y Construcción",Ingeniería en Electricidad,4393
2012,"Ingeniería, Industria y Construcción",Ingeniería en Electrónica,1946
2012,"Ingeniería, Industria y Construcción",Ingeniería en Energía,48
2012,"Ingeniería, Industria y Construcción",Ingeniería en Geomensura y Cartografía,59
2012,"Ingeniería, Industria y Construcción",Ingeniería en Industria de la Madera,75
2012,"Ingeniería, Industria y Construcción",Ingeniería en Mecánica Automotriz,9096
2012,"Ingeniería, Industria y Construcción",Ingeniería en Mecatrónica,230
2012,"Ingeniería, Industria y Construcción",Ingeniería en Medio Ambiente,1671
2012,"Ingeniería, Industria y Construcción",Ingeniería en Metalurgia,952
2012,"Ingeniería, Industria y Construcción",Ingeniería en Minas,3251
2012,"Ingeniería, Industria y Construcción",Ingeniería en Proyectos Estructurales,118
2012,"Ingeniería, Industria y Construcción",Ingeniería en Química,1413
2012,"Ingeniería, Industria y Construcción",Ingeniería en Refrigeración y Climatización,414
2012,"Ingeniería, Industria y Construcción",Ingeniería en Sonido,1088
2012,"Ingeniería, Industria y Construcción",Ingeniería en Telecomunicaciones,1666
2012,"Ingeniería, Industria y Construcción",Ingeniería en Telemática,241
2012,"Ingeniería, Industria y Construcción",Ingeniería Industrial,6807
2012,"Ingeniería, Industria y Construcción",Ingeniería Mecánica,6360
2012,"Ingeniería, Industria y Construcción",Ingeniería Naval,261
2012,"Ingeniería, Industria y Construcción",Magister en Arte y Arquitectura,418
2012,"Ingeniería, Industria y Construcción",Magister en Tecnología,2146
2012,"Ingeniería, Industria y Construcción",Otras Ingenierías,372
2012,"Ingeniería, Industria y Construcción",Otras Ingenierías Civiles,1054
2012,"Ingeniería, Industria y Construcción",Otros Profesionales de Tecnología,1080
2012,"Ingeniería, Industria y Construcción",Otros Técnicos de Arte y Arquitectura,33
2012,"Ingeniería, Industria y Construcción",Otros Técnicos de Tecnología,365
2012,"Ingeniería, Industria y Construcción",Paisajismo,152
2012,"Ingeniería, Industria y Construcción",Postítulo en Arte y Arquitectura,13
2012,"Ingeniería, Industria y Construcción",Postítulo en Tecnología,165
2012,"Ingeniería, Industria y Construcción",Química Industrial,309
2012,"Ingeniería, Industria y Construcción",Técnico en Agroindustria,53
2012,"Ingeniería, Industria y Construcción",Técnico en Alimentos,772
2012,"Ingeniería, Industria y Construcción",Técnico en Biotecnología Industrial,220
2012,"Ingeniería, Industria y Construcción",Técnico en Construcción y Obras Civiles,11821
2012,"Ingeniería, Industria y Construcción",Técnico en Dibujo Arquitectónico,1650
2012,"Ingeniería, Industria y Construcción",Técnico en Dibujo Técnico,542
2012,"Ingeniería, Industria y Construcción",Técnico en Diseño de Áreas Verdes y Paisajismo,158
2012,"Ingeniería, Industria y Construcción",Técnico en Diseño Industrial,2
2012,"Ingeniería, Industria y Construcción",Técnico en Electricidad y Electricidad Industrial,6591
2012,"Ingeniería, Industria y Construcción",Técnico en Electromecánica,292
2012,"Ingeniería, Industria y Construcción",Técnico en Electrónica y Electrónica Industrial,1435
2012,"Ingeniería, Industria y Construcción",Técnico en Energía,231
2012,"Ingeniería, Industria y Construcción",Técnico en Industria Forestal o de la Madera,110
2012,"Ingeniería, Industria y Construcción","Técnico en Instrumentación, Automatización y Control Industrial",3369
2012,"Ingeniería, Industria y Construcción",Técnico en Mantenimiento Industrial,3382
2012,"Ingeniería, Industria y Construcción",Técnico en Matriceria,73
2012,"Ingeniería, Industria y Construcción",Técnico en Mecánica Automotriz,10590
2012,"Ingeniería, Industria y Construcción",Técnico en Mecánica Industrial,1785
2012,"Ingeniería, Industria y Construcción",Técnico en Mecatrónica,4
2012,"Ingeniería, Industria y Construcción",Técnico en Medio Ambiente (Control y Gestión),100
2012,"Ingeniería, Industria y Construcción",Técnico en Metalurgia,297
2012,"Ingeniería, Industria y Construcción",Técnico en Minería,2834
2012,"Ingeniería, Industria y Construcción",Técnico en Procesos Industriales,419
2012,"Ingeniería, Industria y Construcción",Técnico en Proyecto y Diseño Mecánico,97
2012,"Ingeniería, Industria y Construcción",Técnico en Proyectos de Ingeniería,129
2012,"Ingeniería, Industria y Construcción",Técnico en Refrigeración y Climatización,432
2012,"Ingeniería, Industria y Construcción",Técnico en Telecomunicaciones,2391
2012,"Ingeniería, Industria y Construcción",Técnico en Topografía,1330
2012,"Ingeniería, Industria y Construcción",Técnico en Vitivinicultura y/o Enología,24
2012,Salud y Bienestar,Bachillerato y/o Licenciatura en Salud,629
2012,Salud y Bienestar,Doctorado en Salud,344
2012,Salud y Bienestar,Enfermería,37498
2012,Salud y Bienestar,Fonoaudiología,11721
2012,Salud y Bienestar,Kinesiología,26555
2012,Salud y Bienestar,Magister en Ciencias Sociales,346
2012,Salud y Bienestar,Magister en Salud,2208
2012,Salud y Bienestar,Medicina,12830
2012,Salud y Bienestar,Naturopatía,175
2012,Salud y Bienestar,Nutrición y Dietética,13934
2012,Salud y Bienestar,Obstetricia y Puericultura,4216
2012,Salud y Bienestar,Odontología,13495
2012,Salud y Bienestar,Orientación Familiar y Relaciones Humanas,488
2012,Salud y Bienestar,Otros Profesionales de Ciencias Sociales,4
2012,Salud y Bienestar,Otros Profesionales de Salud,213
2012,Salud y Bienestar,Otros Técnicos de Ciencias Sociales,1017
2012,Salud y Bienestar,Otros Técnicos de Salud,769
2012,Salud y Bienestar,Postítulo en Ciencias Sociales,412
2012,Salud y Bienestar,Postítulo en Salud,4315
2012,Salud y Bienestar,Química y Farmacia,4394
2012,Salud y Bienestar,Técnico Dental y Asistente de Odontología,5556
2012,Salud y Bienestar,Técnico en Arsenaleria Quirúrgica,715
2012,Salud y Bienestar,Técnico en Enfermería,53438
2012,Salud y Bienestar,Técnico en Farmacia,164
2012,Salud y Bienestar,Técnico en Ginecología y Obstetricia,2
2012,Salud y Bienestar,Técnico en Laboratorio Clínico,2419
2012,Salud y Bienestar,Técnico en Masoterapia,1072
2012,Salud y Bienestar,Técnico en Nutrición y Dietética,157
2012,Salud y Bienestar,Técnico en Óptica,56
2012,Salud y Bienestar,Técnico en Podología,833
2012,Salud y Bienestar,Técnico en Prevención y Rehabilitación,422
2012,Salud y Bienestar,Técnico en Radiología y Radioterapia,754
2012,Salud y Bienestar,Técnico en Servicio Social,6112
2012,Salud y Bienestar,Técnico en Terapias Naturales y Naturopatía,775
2012,Salud y Bienestar,Técnico Laboratorista Dental,1775
2012,Salud y Bienestar,Tecnología Médica,8511
2012,Salud y Bienestar,Terapia Ocupacional,5764
2012,Salud y Bienestar,Trabajo Social,22705
2012,Servicios,Administración Gastronómica,4007
2012,Servicios,Administración Turística y Hotelera,5059
2012,Servicios,Ingeniería en Prevención de Riesgos,25508
2012,Servicios,Ingeniería en Seguridad Privada,78
2012,Servicios,Ingeniería en Transporte y Tránsito,221
2012,Servicios,Ingeniería Marina y Marítimo Portuaria,490
2012,Servicios,Magister en Administración y Comercio,8
2012,Servicios,Magister en Educación,267
2012,Servicios,Magister en Tecnología,122
2012,Servicios,Otras Ingenierías,168
2012,Servicios,Otros Profesionales de Arte y Arquitectura,107
2012,Servicios,Otros Profesionales de Educación,936
2012,Servicios,Otros Profesionales de Tecnología,96
2012,Servicios,Otros Técnicos de Tecnología,86
2012,Servicios,Postítulo en Administración y Comercio,20
2012,Servicios,Postítulo en Educación,42
2012,Servicios,Postítulo en Tecnología,94
2012,Servicios,"Técnico en Deporte, Recreación y Preparación Física",10074
2012,Servicios,Técnico en Gastronomía y Cocina,11221
2012,Servicios,Técnico en Peluquería y Estética,1228
2012,Servicios,Técnico en Prevención de Riesgos,32505
2012,Servicios,Técnico en Seguridad Privada,2
2012,Servicios,Técnico en Transporte Marítimo y Puertos,216
2012,Servicios,Técnico en Turismo y Hotelería,5961
2012,Tecnología de la Información y la Comunicación (TIC),Doctorado en Tecnología,66
2012,Tecnología de la Información y la Comunicación (TIC),Ingeniería Civil en Computación e Informática,7431
2012,Tecnología de la Información y la Comunicación (TIC),Ingeniería en Computación e Informática,19966
2012,Tecnología de la Información y la Comunicación (TIC),Ingeniería en Conectividad y Redes,1884
2012,Tecnología de la Información y la Comunicación (TIC),Magister en Tecnología,524
2012,Tecnología de la Información y la Comunicación (TIC),Otras Ingenierías,180
2012,Tecnología de la Información y la Comunicación (TIC),Otros Profesionales de Tecnología,703
2012,Tecnología de la Información y la Comunicación (TIC),Postítulo en Tecnología,114
2012,Tecnología de la Información y la Comunicación (TIC),Técnico en Administración de Redes y Soporte,4811
2012,Tecnología de la Información y la Comunicación (TIC),Técnico en Análisis de Sistemas,1400
2012,Tecnología de la Información y la Comunicación (TIC),Técnico en Computación e Informática,11168
2012,Tecnología de la Información y la Comunicación (TIC),"Técnico en Producción, Desarrollo y Diseño Web",153
2013,Administración de Empresas y Derecho,Administración de Empresas e Ing. Asociadas,28975
2013,Administración de Empresas y Derecho,Administración Pública,4724
2013,Administración de Empresas y Derecho,Bachillerato y/o Licenciatura en Administración y Comercio,144
2013,Administración de Empresas y Derecho,Comunicación Empresarial y Organizacional,3
2013,Administración de Empresas y Derecho,Contador Auditor,22865
2013,Administración de Empresas y Derecho,Criminalística,14
2013,Administración de Empresas y Derecho,Derecho,37552
2013,Administración de Empresas y Derecho,Doctorado en Administración y Comercio,24
2013,Administración de Empresas y Derecho,Doctorado en Derecho,116
2013,Administración de Empresas y Derecho,Ingeniería Comercial,40408
2013,Administración de Empresas y Derecho,Ingeniería en Administración Jurídica,69
2013,Administración de Empresas y Derecho,Ingeniería en Comercio Exterior,1829
2013,Administración de Empresas y Derecho,Ingeniería en Control de Gestión,2556
2013,Administración de Empresas y Derecho,Ingeniería en Finanzas,754
2013,Administración de Empresas y Derecho,Ingeniería en Gestión Pública,986
2013,Administración de Empresas y Derecho,Ingeniería en Gestión y Control de Calidad,104
2013,Administración de Empresas y Derecho,Ingeniería en Logística,768
2013,Administración de Empresas y Derecho,Ingeniería en Marketing,1447
2013,Administración de Empresas y Derecho,Ingeniería en Recursos Humanos,3391
2013,Administración de Empresas y Derecho,Magister en Administración y Comercio,12118
2013,Administración de Empresas y Derecho,Magister en Ciencias Sociales,236
2013,Administración de Empresas y Derecho,Magister en Derecho,2065
2013,Administración de Empresas y Derecho,Otros Profesionales de Administración y Comercio,91
2013,Administración de Empresas y Derecho,Otros Profesionales de Ciencias Sociales,226
2013,Administración de Empresas y Derecho,Otros Técnicos de Administración y Comercio,279
2013,Administración de Empresas y Derecho,Otros Técnicos de Ciencias Sociales,134
2013,Administración de Empresas y Derecho,Postítulo en Administración y Comercio,3324
2013,Administración de Empresas y Derecho,Postítulo en Ciencias Sociales,7
2013,Administración de Empresas y Derecho,Postítulo en Derecho,565
2013,Administración de Empresas y Derecho,Postítulo en Educación,20
2013,Administración de Empresas y Derecho,Publicidad,5191
2013,Administración de Empresas y Derecho,Relaciones Públicas,2805
2013,Administración de Empresas y Derecho,Secretariado Bilingüe,2151
2013,Administración de Empresas y Derecho,Secretariado Computacional,563
2013,Administración de Empresas y Derecho,Secretariado Ejecutivo,777
2013,Administración de Empresas y Derecho,Técnico Agente o Visitador Médico,343
2013,Administración de Empresas y Derecho,Técnico en Administración de Empresas,31436
2013,Administración de Empresas y Derecho,Técnico en Administración de Recursos Humanos y Personal,4613
2013,Administración de Empresas y Derecho,Técnico en Administración de Ventas,464
2013,Administración de Empresas y Derecho,Técnico en Administración en Marketing,130
2013,Administración de Empresas y Derecho,Técnico en Administración Financiera y Finanzas,3505
2013,Administración de Empresas y Derecho,Técnico en Administración Pública o Municipal,695
2013,Administración de Empresas y Derecho,Técnico en Comercio Exterior,2747
2013,Administración de Empresas y Derecho,Técnico en Contabilidad Computacional,187
2013,Administración de Empresas y Derecho,Técnico en Contabilidad General,7346
2013,Administración de Empresas y Derecho,Técnico en Contabilidad Tributaria,79
2013,Administración de Empresas y Derecho,Técnico en Gestión Previsional,65
2013,Administración de Empresas y Derecho,Técnico en Gestión y Control de Calidad,239
2013,Administración de Empresas y Derecho,Técnico en Logística,2366
2013,Administración de Empresas y Derecho,Técnico en Producción de Eventos,532
2013,Administración de Empresas y Derecho,Técnico en Publicidad,180
2013,Administración de Empresas y Derecho,Técnico en Relaciones Públicas,871
2013,Administración de Empresas y Derecho,Técnico Jurídico,3731
2013,Administración de Empresas y Derecho,"Técnico Perito Judicial, Forense o en Criminalística",2
2013,"Agricultura, Silvicultura, Pesca y Veterinaria",Agronomía,7247
2013,"Agricultura, Silvicultura, Pesca y Veterinaria",Bachillerato y/o Licenciatura en Agropecuaria,31
2013,"Agricultura, Silvicultura, Pesca y Veterinaria",Doctorado en Agropecuaria,336
2013,"Agricultura, Silvicultura, Pesca y Veterinaria",Ingeniería Agrícola,2271
2013,"Agricultura, Silvicultura, Pesca y Veterinaria",Ingeniería de Ejecución Forestal,18
2013,"Agricultura, Silvicultura, Pesca y Veterinaria",Ingeniería en Acuicultura y Pesca,574
2013,"Agricultura, Silvicultura, Pesca y Veterinaria",Ingeniería en Vitivinicultura,41
2013,"Agricultura, Silvicultura, Pesca y Veterinaria",Ingeniería Forestal,725
2013,"Agricultura, Silvicultura, Pesca y Veterinaria",Magister en Administración y Comercio,66
2013,"Agricultura, Silvicultura, Pesca y Veterinaria",Magister en Agropecuaria,610
2013,"Agricultura, Silvicultura, Pesca y Veterinaria",Medicina Veterinaria,8711
2013,"Agricultura, Silvicultura, Pesca y Veterinaria",Otros Técnicos de Administración y Comercio,6
2013,"Agricultura, Silvicultura, Pesca y Veterinaria",Postítulo en Administración y Comercio,2
2013,"Agricultura, Silvicultura, Pesca y Veterinaria",Postítulo en Agropecuaria,94
2013,"Agricultura, Silvicultura, Pesca y Veterinaria",Técnico Agropecuario,3968
2013,"Agricultura, Silvicultura, Pesca y Veterinaria",Técnico en Acuicultura y Pesca,367
2013,"Agricultura, Silvicultura, Pesca y Veterinaria",Técnico en Vitivinicultura y/o Enología,297
2013,"Agricultura, Silvicultura, Pesca y Veterinaria",Técnico Veterinario,1476
2013,Artes y Humanidades,Actuación y Teatro,2079
2013,Artes y Humanidades,Animación Digital,754
2013,Artes y Humanidades,Arqueología,193
2013,Artes y Humanidades,Artes y Licenciatura en Artes,3407
2013,Artes y Humanidades,Bachillerato y/o Licenciatura en Humanidades,881
2013,Artes y Humanidades,Comunicación Audiovisual y/o Multimedia,2972
2013,Artes y Humanidades,Diseño,4603
2013,Artes y Humanidades,Diseño de Ambientes e Interiores,957
2013,Artes y Humanidades,Diseño de Vestuario,1756
2013,Artes y Humanidades,Diseño Gráfico,9028
2013,Artes y Humanidades,Diseño Teatral,42
2013,Artes y Humanidades,Doctorado en Arte y Arquitectura,7
2013,Artes y Humanidades,Doctorado en Ciencias Sociales,93
2013,Artes y Humanidades,Doctorado en Humanidades,565
2013,Artes y Humanidades,Filosofía,585
2013,Artes y Humanidades,Fotografía,1004
2013,Artes y Humanidades,Historia,2026
2013,Artes y Humanidades,Licenciatura en Letras y Literatura,1895
2013,Artes y Humanidades,Magister en Arte y Arquitectura,556
2013,Artes y Humanidades,Magister en Ciencias Sociales,394
2013,Artes y Humanidades,Magister en Humanidades,1084
2013,Artes y Humanidades,"Música, Canto o Danza",3352
2013,Artes y Humanidades,Otros Profesionales de Arte y Arquitectura,139
2013,Artes y Humanidades,Otros Profesionales de Humanidades,168
2013,Artes y Humanidades,Otros Técnicos de Arte y Arquitectura,981
2013,Artes y Humanidades,Otros Técnicos de Humanidades,12
2013,Artes y Humanidades,Postítulo en Arte y Arquitectura,266
2013,Artes y Humanidades,Postítulo en Humanidades,272
2013,Artes y Humanidades,Realizador de Cine y Televisión,961
2013,Artes y Humanidades,Técnico en Ambientes e Interiores,174
2013,Artes y Humanidades,Técnico en Comunicación Audiovisual,1322
2013,Artes y Humanidades,Técnico en Diseño de Vestuario,390
2013,Artes y Humanidades,Técnico en Diseño Gráfico,1942
2013,Artes y Humanidades,Técnico en Fotografía,770
2013,Artes y Humanidades,Técnico en Producción Gráfica y Multimedia,495
2013,Artes y Humanidades,Técnico en Sonido,1758
2013,Artes y Humanidades,Técnico en Teatro,3
2013,Artes y Humanidades,Técnico en Traducción e Interpretariado,1292
2013,Artes y Humanidades,Traducción e Interpretación,4628
2013,"Ciencias naturales, matemáticas y estadística",Analista Químico,411
2013,"Ciencias naturales, matemáticas y estadística",Bachillerato y/o Licenciatura en Ciencias Básicas,3817
2013,"Ciencias naturales, matemáticas y estadística",Biología,1074
2013,"Ciencias naturales, matemáticas y estadística",Biología Marina y Ecología Marina,1177
2013,"Ciencias naturales, matemáticas y estadística",Bioquímica,1935
2013,"Ciencias naturales, matemáticas y estadística",Biotecnología,418
2013,"Ciencias naturales, matemáticas y estadística",Doctorado en Ciencias Básicas,1607
2013,"Ciencias naturales, matemáticas y estadística",Doctorado en Tecnología,172
2013,"Ciencias naturales, matemáticas y estadística",Física y Astronomía,1195
2013,"Ciencias naturales, matemáticas y estadística",Geología,2669
2013,"Ciencias naturales, matemáticas y estadística",Ingeniería Civil en Geomática y Geomensura,91
2013,"Ciencias naturales, matemáticas y estadística",Ingeniería Civil Matemática y Estadística,395
2013,"Ciencias naturales, matemáticas y estadística",Ingeniería en Geomensura y Cartografía,1094
2013,"Ciencias naturales, matemáticas y estadística",Ingeniería en Matemática y Estadística,766
2013,"Ciencias naturales, matemáticas y estadística",Ingeniería en Recursos Renovables,892
2013,"Ciencias naturales, matemáticas y estadística",Magister en Ciencias Básicas,1302
2013,"Ciencias naturales, matemáticas y estadística",Magister en Tecnología,340
2013,"Ciencias naturales, matemáticas y estadística",Matemática y/o Estadística,607
2013,"Ciencias naturales, matemáticas y estadística",Otras Ingenierías,272
2013,"Ciencias naturales, matemáticas y estadística",Otros Profesionales de Ciencias Básicas,92
2013,"Ciencias naturales, matemáticas y estadística",Otros Técnicos de Ciencias Básicas,33
2013,"Ciencias naturales, matemáticas y estadística",Postítulo en Ciencias Básicas,60
2013,"Ciencias naturales, matemáticas y estadística",Postítulo en Tecnología,10
2013,"Ciencias naturales, matemáticas y estadística",Química Ambiental,353
2013,"Ciencias naturales, matemáticas y estadística","Química, Licenciado en Química",915
2013,"Ciencias naturales, matemáticas y estadística",Técnico en Geología,976
2013,"Ciencias naturales, matemáticas y estadística",Técnico en Geominería,606
2013,"Ciencias naturales, matemáticas y estadística",Técnico en Medio Ambiente (Control y Gestión),80
2013,"Ciencias naturales, matemáticas y estadística",Técnico en Química (Análisis e Industrial),1218
2013,"Ciencias Sociales, Periodismo e Información",Antropología,1663
2013,"Ciencias Sociales, Periodismo e Información",Bachillerato y/o Licenciatura en Ciencias Sociales,1192
2013,"Ciencias Sociales, Periodismo e Información",Bibliotecología,368
2013,"Ciencias Sociales, Periodismo e Información",Ciencias Políticas,2315
2013,"Ciencias Sociales, Periodismo e Información",Comunicación Social,123
2013,"Ciencias Sociales, Periodismo e Información",Doctorado en Ciencias Sociales,497
2013,"Ciencias Sociales, Periodismo e Información",Geografía,1629
2013,"Ciencias Sociales, Periodismo e Información",Magister en Ciencias Sociales,5726
2013,"Ciencias Sociales, Periodismo e Información",Magister en Humanidades,9
2013,"Ciencias Sociales, Periodismo e Información",Otros Profesionales de Ciencias Sociales,470
2013,"Ciencias Sociales, Periodismo e Información",Otros Técnicos de Ciencias Sociales,62
2013,"Ciencias Sociales, Periodismo e Información",Periodismo,5972
2013,"Ciencias Sociales, Periodismo e Información",Postítulo en Ciencias Sociales,1598
2013,"Ciencias Sociales, Periodismo e Información",Postítulo en Humanidades,62
2013,"Ciencias Sociales, Periodismo e Información",Psicología,27599
2013,"Ciencias Sociales, Periodismo e Información",Sociología,3621
2013,"Ciencias Sociales, Periodismo e Información",Técnico en Bibliotecas y Centros de Documentación,267
2013,"Ciencias Sociales, Periodismo e Información",Técnico en Comunicación Social,40
2013,Educación,Bachillerato y/o Licenciatura en Educación,218
2013,Educación,Doctorado en Educación,223
2013,Educación,Magister en Educación,11377
2013,Educación,Otros Técnicos de Educación,20
2013,Educación,Pedagogía en Artes y Música,3229
2013,Educación,Pedagogía en Ciencias,3723
2013,Educación,Pedagogía en Educación Básica,15878
2013,Educación,Pedagogía en Educación de Párvulos,15876
2013,Educación,Pedagogía en Educación Diferencial,12768
2013,Educación,Pedagogía en Educación Física,18345
2013,Educación,Pedagogía en Educación Media,361
2013,Educación,Pedagogía en Educación Técnico Profesional,130
2013,Educación,Pedagogía en Educación Tecnológica,59
2013,Educación,Pedagogía en Filosofía y Religión,1324
2013,Educación,"Pedagogía en Historia, Geografía y Ciencias Sociales",6255
2013,Educación,Pedagogía en Idiomas,11987
2013,Educación,"Pedagogía en Lenguaje, Comunicación y/o Castellano",4528
2013,Educación,Pedagogía en Matemáticas y Computación,4324
2013,Educación,Postítulo en Educación,10397
2013,Educación,Programas de Formación Pedagógica,900
2013,Educación,Psicopedagogía,13232
2013,Educación,Técnico Asistente del Educador de Párvulos,12755
2013,Educación,Técnico Asistente del Educador Diferencial,5872
2013,"Ingeniería, Industria y Construcción",Arquitectura,11943
2013,"Ingeniería, Industria y Construcción",Bachillerato y/o Licenciatura en Tecnología,814
2013,"Ingeniería, Industria y Construcción",Construcción Civil,8637
2013,"Ingeniería, Industria y Construcción",Diseño Industrial,1797
2013,"Ingeniería, Industria y Construcción",Doctorado en Arte y Arquitectura,47
2013,"Ingeniería, Industria y Construcción",Doctorado en Tecnología,557
2013,"Ingeniería, Industria y Construcción",Ingeniería Agroindustrial,238
2013,"Ingeniería, Industria y Construcción",Ingeniería Civil Agrícola,130
2013,"Ingeniería, Industria y Construcción",Ingeniería Civil Ambiental,997
2013,"Ingeniería, Industria y Construcción",Ingeniería Civil Bioquímica,257
2013,"Ingeniería, Industria y Construcción",Ingeniería Civil Eléctrica,2678
2013,"Ingeniería, Industria y Construcción",Ingeniería Civil Electrónica,1839
2013,"Ingeniería, Industria y Construcción",Ingeniería Civil en Agroindustrias,21
2013,"Ingeniería, Industria y Construcción",Ingeniería Civil en Biomédica,605
2013,"Ingeniería, Industria y Construcción",Ingeniería Civil en Biotecnología y/o Bioingeniería,327
2013,"Ingeniería, Industria y Construcción",Ingeniería Civil en Energía,31
2013,"Ingeniería, Industria y Construcción",Ingeniería Civil en Geografía,152
2013,"Ingeniería, Industria y Construcción",Ingeniería Civil en Industrias Forestales,79
2013,"Ingeniería, Industria y Construcción",Ingeniería Civil en Materiales,161
2013,"Ingeniería, Industria y Construcción",Ingeniería Civil en Minas,4101
2013,"Ingeniería, Industria y Construcción",Ingeniería Civil en Obras Civiles,2309
2013,"Ingeniería, Industria y Construcción",Ingeniería Civil en Sonido y Acústica,178
2013,"Ingeniería, Industria y Construcción",Ingeniería Civil en Telemática,324
2013,"Ingeniería, Industria y Construcción",Ingeniería Civil Industrial,24893
2013,"Ingeniería, Industria y Construcción",Ingeniería Civil Mecánica,3668
2013,"Ingeniería, Industria y Construcción",Ingeniería Civil Metalúrgica,2023
2013,"Ingeniería, Industria y Construcción",Ingeniería Civil Química,2298
2013,"Ingeniería, Industria y Construcción","Ingeniería Civil, plan común y licenciatura en Ciencias de la Ingeniería",14804
2013,"Ingeniería, Industria y Construcción",Ingeniería en Alimentos,1498
2013,"Ingeniería, Industria y Construcción","Ingeniería en Automatización, Instrumentación y Control",2840
2013,"Ingeniería, Industria y Construcción",Ingeniería en Biotecnología y Bioingeniería,2116
2013,"Ingeniería, Industria y Construcción",Ingeniería en Construcción,12506
2013,"Ingeniería, Industria y Construcción",Ingeniería en Electricidad,4870
2013,"Ingeniería, Industria y Construcción",Ingeniería en Electrónica,1748
2013,"Ingeniería, Industria y Construcción",Ingeniería en Energía,44
2013,"Ingeniería, Industria y Construcción",Ingeniería en Geomensura y Cartografía,71
2013,"Ingeniería, Industria y Construcción",Ingeniería en Industria de la Madera,40
2013,"Ingeniería, Industria y Construcción",Ingeniería en Mecánica Automotriz,9428
2013,"Ingeniería, Industria y Construcción",Ingeniería en Mecatrónica,251
2013,"Ingeniería, Industria y Construcción",Ingeniería en Medio Ambiente,1746
2013,"Ingeniería, Industria y Construcción",Ingeniería en Metalurgia,1049
2013,"Ingeniería, Industria y Construcción",Ingeniería en Minas,4779
2013,"Ingeniería, Industria y Construcción",Ingeniería en Proyectos Estructurales,94
2013,"Ingeniería, Industria y Construcción",Ingeniería en Química,1437
2013,"Ingeniería, Industria y Construcción",Ingeniería en Refrigeración y Climatización,443
2013,"Ingeniería, Industria y Construcción",Ingeniería en Sonido,1020
2013,"Ingeniería, Industria y Construcción",Ingeniería en Telecomunicaciones,1751
2013,"Ingeniería, Industria y Construcción",Ingeniería en Telemática,309
2013,"Ingeniería, Industria y Construcción",Ingeniería Industrial,7329
2013,"Ingeniería, Industria y Construcción",Ingeniería Mecánica,6651
2013,"Ingeniería, Industria y Construcción",Ingeniería Naval,256
2013,"Ingeniería, Industria y Construcción",Magister en Arte y Arquitectura,366
2013,"Ingeniería, Industria y Construcción",Magister en Tecnología,2432
2013,"Ingeniería, Industria y Construcción",Otras Ingenierías,340
2013,"Ingeniería, Industria y Construcción",Otras Ingenierías Civiles,1117
2013,"Ingeniería, Industria y Construcción",Otros Profesionales de Tecnología,1139
2013,"Ingeniería, Industria y Construcción",Otros Técnicos de Arte y Arquitectura,22
2013,"Ingeniería, Industria y Construcción",Otros Técnicos de Tecnología,241
2013,"Ingeniería, Industria y Construcción",Paisajismo,156
2013,"Ingeniería, Industria y Construcción",Postítulo en Arte y Arquitectura,1
2013,"Ingeniería, Industria y Construcción",Postítulo en Tecnología,320
2013,"Ingeniería, Industria y Construcción",Química Industrial,270
2013,"Ingeniería, Industria y Construcción",Técnico en Agroindustria,42
2013,"Ingeniería, Industria y Construcción",Técnico en Alimentos,896
2013,"Ingeniería, Industria y Construcción",Técnico en Biotecnología Industrial,184
2013,"Ingeniería, Industria y Construcción",Técnico en Construcción y Obras Civiles,14044
2013,"Ingeniería, Industria y Construcción",Técnico en Dibujo Arquitectónico,1827
2013,"Ingeniería, Industria y Construcción",Técnico en Dibujo Técnico,449
2013,"Ingeniería, Industria y Construcción",Técnico en Diseño de Áreas Verdes y Paisajismo,162
2013,"Ingeniería, Industria y Construcción",Técnico en Diseño Industrial,2
2013,"Ingeniería, Industria y Construcción",Técnico en Electricidad y Electricidad Industrial,7900
2013,"Ingeniería, Industria y Construcción",Técnico en Electromecánica,810
2013,"Ingeniería, Industria y Construcción",Técnico en Electrónica y Electrónica Industrial,1375
2013,"Ingeniería, Industria y Construcción",Técnico en Energía,324
2013,"Ingeniería, Industria y Construcción",Técnico en Industria Forestal o de la Madera,76
2013,"Ingeniería, Industria y Construcción","Técnico en Instrumentación, Automatización y Control Industrial",3683
2013,"Ingeniería, Industria y Construcción",Técnico en Mantenimiento Industrial,4145
2013,"Ingeniería, Industria y Construcción",Técnico en Matriceria,80
2013,"Ingeniería, Industria y Construcción",Técnico en Mecánica Automotriz,11352
2013,"Ingeniería, Industria y Construcción",Técnico en Mecánica Industrial,1888
2013,"Ingeniería, Industria y Construcción",Técnico en Mecatrónica,4
2013,"Ingeniería, Industria y Construcción",Técnico en Medio Ambiente (Control y Gestión),120
2013,"Ingeniería, Industria y Construcción",Técnico en Metalurgia,485
2013,"Ingeniería, Industria y Construcción",Técnico en Minería,6249
2013,"Ingeniería, Industria y Construcción",Técnico en Procesos Industriales,473
2013,"Ingeniería, Industria y Construcción",Técnico en Proyecto y Diseño Mecánico,114
2013,"Ingeniería, Industria y Construcción",Técnico en Proyectos de Ingeniería,138
2013,"Ingeniería, Industria y Construcción",Técnico en Refrigeración y Climatización,424
2013,"Ingeniería, Industria y Construcción",Técnico en Telecomunicaciones,2434
2013,"Ingeniería, Industria y Construcción",Técnico en Topografía,1895
2013,"Ingeniería, Industria y Construcción",Técnico en Vitivinicultura y/o Enología,22
2013,Salud y Bienestar,Bachillerato y/o Licenciatura en Salud,630
2013,Salud y Bienestar,Doctorado en Salud,344
2013,Salud y Bienestar,Enfermería,39071
2013,Salud y Bienestar,Fonoaudiología,12058
2013,Salud y Bienestar,Kinesiología,25845
2013,Salud y Bienestar,Magister en Ciencias Sociales,261
2013,Salud y Bienestar,Magister en Salud,2211
2013,Salud y Bienestar,Medicina,13365
2013,Salud y Bienestar,Naturopatía,125
2013,Salud y Bienestar,Nutrición y Dietética,14670
2013,Salud y Bienestar,Obstetricia y Puericultura,4992
2013,Salud y Bienestar,Odontología,14005
2013,Salud y Bienestar,Orientación Familiar y Relaciones Humanas,450
2013,Salud y Bienestar,Otros Profesionales de Ciencias Sociales,2
2013,Salud y Bienestar,Otros Profesionales de Salud,145
2013,Salud y Bienestar,Otros Técnicos de Ciencias Sociales,978
2013,Salud y Bienestar,Otros Técnicos de Salud,922
2013,Salud y Bienestar,Postítulo en Ciencias Sociales,451
2013,Salud y Bienestar,Postítulo en Salud,5618
2013,Salud y Bienestar,Química y Farmacia,4401
2013,Salud y Bienestar,Técnico Dental y Asistente de Odontología,5817
2013,Salud y Bienestar,Técnico en Arsenaleria Quirúrgica,456
2013,Salud y Bienestar,Técnico en Enfermería,52958
2013,Salud y Bienestar,Técnico en Farmacia,244
2013,Salud y Bienestar,Técnico en Laboratorio Clínico,2484
2013,Salud y Bienestar,Técnico en Masoterapia,1427
2013,Salud y Bienestar,Técnico en Nutrición y Dietética,354
2013,Salud y Bienestar,Técnico en Óptica,100
2013,Salud y Bienestar,Técnico en Podología,895
2013,Salud y Bienestar,Técnico en Prevención y Rehabilitación,396
2013,Salud y Bienestar,Técnico en Radiología y Radioterapia,680
2013,Salud y Bienestar,Técnico en Servicio Social,6251
2013,Salud y Bienestar,Técnico en Terapias Naturales y Naturopatía,996
2013,Salud y Bienestar,Técnico Laboratorista Dental,1526
2013,Salud y Bienestar,Tecnología Médica,9430
2013,Salud y Bienestar,Terapia Ocupacional,6926
2013,Salud y Bienestar,Trabajo Social,25107
2013,Servicios,Administración Gastronómica,4253
2013,Servicios,Administración Turística y Hotelera,5010
2013,Servicios,Ingeniería en Prevención de Riesgos,30982
2013,Servicios,Ingeniería en Seguridad Privada,140
2013,Servicios,Ingeniería en Transporte y Tránsito,238
2013,Servicios,Ingeniería Marina y Marítimo Portuaria,461
2013,Servicios,Magister en Educación,320
2013,Servicios,Magister en Tecnología,93
2013,Servicios,Otras Ingenierías,161
2013,Servicios,Otros Profesionales de Arte y Arquitectura,281
2013,Servicios,Otros Profesionales de Educación,791
2013,Servicios,Otros Profesionales de Tecnología,91
2013,Servicios,Otros Técnicos de Tecnología,88
2013,Servicios,Postítulo en Educación,34
2013,Servicios,Postítulo en Tecnología,106
2013,Servicios,"Técnico en Deporte, Recreación y Preparación Física",10184
2013,Servicios,Técnico en Gastronomía y Cocina,10573
2013,Servicios,Técnico en Peluquería y Estética,1613
2013,Servicios,Técnico en Prevención de Riesgos,43630
2013,Servicios,Técnico en Seguridad Privada,17
2013,Servicios,Técnico en Transporte Marítimo y Puertos,252
2013,Servicios,Técnico en Turismo y Hotelería,5444
2013,Tecnología de la Información y la Comunicación (TIC),Doctorado en Tecnología,65
2013,Tecnología de la Información y la Comunicación (TIC),Ingeniería Civil en Computación e Informática,7519
2013,Tecnología de la Información y la Comunicación (TIC),Ingeniería en Computación e Informática,20023
2013,Tecnología de la Información y la Comunicación (TIC),Ingeniería en Conectividad y Redes,1962
2013,Tecnología de la Información y la Comunicación (TIC),Magister en Tecnología,507
2013,Tecnología de la Información y la Comunicación (TIC),Otras Ingenierías,167
2013,Tecnología de la Información y la Comunicación (TIC),Otros Profesionales de Tecnología,689
2013,Tecnología de la Información y la Comunicación (TIC),Postítulo en Tecnología,161
2013,Tecnología de la Información y la Comunicación (TIC),Técnico en Administración de Redes y Soporte,4418
2013,Tecnología de la Información y la Comunicación (TIC),Técnico en Análisis de Sistemas,852
2013,Tecnología de la Información y la Comunicación (TIC),Técnico en Computación e Informática,11265
2013,Tecnología de la Información y la Comunicación (TIC),"Técnico en Producción, Desarrollo y Diseño Web",176
2014,Administración de Empresas y Derecho,Administración de Empresas e Ing. Asociadas,31092
2014,Administración de Empresas y Derecho,Administración Pública,5554
2014,Administración de Empresas y Derecho,Bachillerato y/o Licenciatura en Administración y Comercio,107
2014,Administración de Empresas y Derecho,Comunicación Empresarial y Organizacional,1
2014,Administración de Empresas y Derecho,Contador Auditor,22062
2014,Administración de Empresas y Derecho,Criminalística,8
2014,Administración de Empresas y Derecho,Derecho,37484
2014,Administración de Empresas y Derecho,Doctorado en Administración y Comercio,60
2014,Administración de Empresas y Derecho,Doctorado en Derecho,133
2014,Administración de Empresas y Derecho,Ingeniería Comercial,42017
2014,Administración de Empresas y Derecho,Ingeniería en Administración Jurídica,88
2014,Administración de Empresas y Derecho,Ingeniería en Comercio Exterior,2033
2014,Administración de Empresas y Derecho,Ingeniería en Control de Gestión,2638
2014,Administración de Empresas y Derecho,Ingeniería en Finanzas,931
2014,Administración de Empresas y Derecho,Ingeniería en Gestión Pública,1012
2014,Administración de Empresas y Derecho,Ingeniería en Gestión y Control de Calidad,97
2014,Administración de Empresas y Derecho,Ingeniería en Logística,961
2014,Administración de Empresas y Derecho,Ingeniería en Marketing,1609
2014,Administración de Empresas y Derecho,Ingeniería en Recursos Humanos,4280
2014,Administración de Empresas y Derecho,Magister en Administración y Comercio,12809
2014,Administración de Empresas y Derecho,Magister en Ciencias Sociales,245
2014,Administración de Empresas y Derecho,Magister en Derecho,2242
2014,Administración de Empresas y Derecho,Otros Profesionales de Administración y Comercio,94
2014,Administración de Empresas y Derecho,Otros Profesionales de Ciencias Sociales,157
2014,Administración de Empresas y Derecho,Otros Técnicos de Administración y Comercio,226
2014,Administración de Empresas y Derecho,Otros Técnicos de Ciencias Sociales,134
2014,Administración de Empresas y Derecho,Postítulo en Administración y Comercio,3083
2014,Administración de Empresas y Derecho,Postítulo en Ciencias Sociales,73
2014,Administración de Empresas y Derecho,Postítulo en Derecho,617
2014,Administración de Empresas y Derecho,Publicidad,4671
2014,Administración de Empresas y Derecho,Relaciones Públicas,2370
2014,Administración de Empresas y Derecho,Secretariado Bilingüe,2129
2014,Administración de Empresas y Derecho,Secretariado Computacional,360
2014,Administración de Empresas y Derecho,Secretariado Ejecutivo,542
2014,Administración de Empresas y Derecho,Técnico Agente o Visitador Médico,314
2014,Administración de Empresas y Derecho,Técnico en Administración de Empresas,34925
2014,Administración de Empresas y Derecho,Técnico en Administración de Recursos Humanos y Personal,5767
2014,Administración de Empresas y Derecho,Técnico en Administración de Ventas,725
2014,Administración de Empresas y Derecho,Técnico en Administración en Marketing,236
2014,Administración de Empresas y Derecho,Técnico en Administración Financiera y Finanzas,4045
2014,Administración de Empresas y Derecho,Técnico en Administración Pública o Municipal,879
2014,Administración de Empresas y Derecho,Técnico en Comercio Exterior,2746
2014,Administración de Empresas y Derecho,Técnico en Contabilidad Computacional,136
2014,Administración de Empresas y Derecho,Técnico en Contabilidad General,8316
2014,Administración de Empresas y Derecho,Técnico en Contabilidad Tributaria,47
2014,Administración de Empresas y Derecho,Técnico en Gestión Previsional,42
2014,Administración de Empresas y Derecho,Técnico en Gestión y Control de Calidad,200
2014,Administración de Empresas y Derecho,Técnico en Logística,2998
2014,Administración de Empresas y Derecho,Técnico en Producción de Eventos,639
2014,Administración de Empresas y Derecho,Técnico en Publicidad,228
2014,Administración de Empresas y Derecho,Técnico en Relaciones Públicas,1089
2014,Administración de Empresas y Derecho,Técnico Jurídico,3108
2014,Administración de Empresas y Derecho,"Técnico Perito Judicial, Forense o en Criminalística",1
2014,"Agricultura, Silvicultura, Pesca y Veterinaria",Agronomía,6939
2014,"Agricultura, Silvicultura, Pesca y Veterinaria",Doctorado en Agropecuaria,371
2014,"Agricultura, Silvicultura, Pesca y Veterinaria",Ingeniería Agrícola,2267
2014,"Agricultura, Silvicultura, Pesca y Veterinaria",Ingeniería de Ejecución Forestal,10
2014,"Agricultura, Silvicultura, Pesca y Veterinaria",Ingeniería en Acuicultura y Pesca,449
2014,"Agricultura, Silvicultura, Pesca y Veterinaria",Ingeniería en Vitivinicultura,42
2014,"Agricultura, Silvicultura, Pesca y Veterinaria",Ingeniería Forestal,699
2014,"Agricultura, Silvicultura, Pesca y Veterinaria",Magister en Administración y Comercio,39
2014,"Agricultura, Silvicultura, Pesca y Veterinaria",Magister en Agropecuaria,593
2014,"Agricultura, Silvicultura, Pesca y Veterinaria",Medicina Veterinaria,8430
2014,"Agricultura, Silvicultura, Pesca y Veterinaria",Otros Técnicos de Administración y Comercio,4
2014,"Agricultura, Silvicultura, Pesca y Veterinaria",Postítulo en Administración y Comercio,40
2014,"Agricultura, Silvicultura, Pesca y Veterinaria",Postítulo en Agropecuaria,136
2014,"Agricultura, Silvicultura, Pesca y Veterinaria",Técnico Agropecuario,3866
2014,"Agricultura, Silvicultura, Pesca y Veterinaria",Técnico en Acuicultura y Pesca,311
2014,"Agricultura, Silvicultura, Pesca y Veterinaria",Técnico en Vitivinicultura y/o Enología,250
2014,"Agricultura, Silvicultura, Pesca y Veterinaria",Técnico Veterinario,1621
2014,Artes y Humanidades,Actuación y Teatro,2025
2014,Artes y Humanidades,Animación Digital,862
2014,Artes y Humanidades,Arqueología,173
2014,Artes y Humanidades,Artes y Licenciatura en Artes,2693
2014,Artes y Humanidades,Bachillerato y/o Licenciatura en Humanidades,980
2014,Artes y Humanidades,Comunicación Audiovisual y/o Multimedia,2944
2014,Artes y Humanidades,Diseño,4407
2014,Artes y Humanidades,Diseño de Ambientes e Interiores,925
2014,Artes y Humanidades,Diseño de Vestuario,1707
2014,Artes y Humanidades,Diseño Gráfico,8106
2014,Artes y Humanidades,Diseño Teatral,115
2014,Artes y Humanidades,Doctorado en Arte y Arquitectura,13
2014,Artes y Humanidades,Doctorado en Ciencias Sociales,109
2014,Artes y Humanidades,Doctorado en Humanidades,592
2014,Artes y Humanidades,Filosofía,593
2014,Artes y Humanidades,Fotografía,866
2014,Artes y Humanidades,Historia,1839
2014,Artes y Humanidades,Licenciatura en Letras y Literatura,1980
2014,Artes y Humanidades,Magister en Arte y Arquitectura,488
2014,Artes y Humanidades,Magister en Ciencias Sociales,381
2014,Artes y Humanidades,Magister en Humanidades,1090
2014,Artes y Humanidades,"Música, Canto o Danza",3754
2014,Artes y Humanidades,Otros Profesionales de Arte y Arquitectura,195
2014,Artes y Humanidades,Otros Profesionales de Humanidades,145
2014,Artes y Humanidades,Otros Técnicos de Arte y Arquitectura,933
2014,Artes y Humanidades,Otros Técnicos de Humanidades,14
2014,Artes y Humanidades,Postítulo en Arte y Arquitectura,190
2014,Artes y Humanidades,Postítulo en Ciencias Sociales,30
2014,Artes y Humanidades,Postítulo en Humanidades,354
2014,Artes y Humanidades,Realizador de Cine y Televisión,1009
2014,Artes y Humanidades,Técnico en Ambientes e Interiores,177
2014,Artes y Humanidades,Técnico en Comunicación Audiovisual,1422
2014,Artes y Humanidades,Técnico en Diseño de Vestuario,330
2014,Artes y Humanidades,Técnico en Diseño Gráfico,1913
2014,Artes y Humanidades,Técnico en Fotografía,921
2014,Artes y Humanidades,Técnico en Producción Gráfica y Multimedia,569
2014,Artes y Humanidades,Técnico en Sonido,1729
2014,Artes y Humanidades,Técnico en Teatro,17
2014,Artes y Humanidades,Técnico en Traducción e Interpretariado,1194
2014,Artes y Humanidades,Traducción e Interpretación,4502
2014,"Ciencias naturales, matemáticas y estadística",Analista Químico,429
2014,"Ciencias naturales, matemáticas y estadística",Bachillerato y/o Licenciatura en Ciencias Básicas,4141
2014,"Ciencias naturales, matemáticas y estadística",Biología,1018
2014,"Ciencias naturales, matemáticas y estadística",Biología Marina y Ecología Marina,1164
2014,"Ciencias naturales, matemáticas y estadística",Bioquímica,1886
2014,"Ciencias naturales, matemáticas y estadística",Biotecnología,386
2014,"Ciencias naturales, matemáticas y estadística",Doctorado en Ciencias Básicas,1687
2014,"Ciencias naturales, matemáticas y estadística",Doctorado en Tecnología,154
2014,"Ciencias naturales, matemáticas y estadística",Física y Astronomía,1204
2014,"Ciencias naturales, matemáticas y estadística",Geología,3238
2014,"Ciencias naturales, matemáticas y estadística",Ingeniería Civil en Geomática y Geomensura,88
2014,"Ciencias naturales, matemáticas y estadística",Ingeniería Civil Matemática y Estadística,397
2014,"Ciencias naturales, matemáticas y estadística",Ingeniería en Geomensura y Cartografía,1163
2014,"Ciencias naturales, matemáticas y estadística",Ingeniería en Matemática y Estadística,713
2014,"Ciencias naturales, matemáticas y estadística",Ingeniería en Recursos Renovables,1014
2014,"Ciencias naturales, matemáticas y estadística",Magister en Ciencias Básicas,1432
2014,"Ciencias naturales, matemáticas y estadística",Magister en Tecnología,343
2014,"Ciencias naturales, matemáticas y estadística",Matemática y/o Estadística,532
2014,"Ciencias naturales, matemáticas y estadística",Otras Ingenierías,267
2014,"Ciencias naturales, matemáticas y estadística",Otras Ingenierías Civiles,6
2014,"Ciencias naturales, matemáticas y estadística",Otros Profesionales de Ciencias Básicas,78
2014,"Ciencias naturales, matemáticas y estadística",Otros Técnicos de Ciencias Básicas,53
2014,"Ciencias naturales, matemáticas y estadística",Postítulo en Ciencias Básicas,76
2014,"Ciencias naturales, matemáticas y estadística",Postítulo en Tecnología,16
2014,"Ciencias naturales, matemáticas y estadística",Química Ambiental,336
2014,"Ciencias naturales, matemáticas y estadística","Química, Licenciado en Química",892
2014,"Ciencias naturales, matemáticas y estadística",Técnico en Geología,1105
2014,"Ciencias naturales, matemáticas y estadística",Técnico en Geomensura,5
2014,"Ciencias naturales, matemáticas y estadística",Técnico en Geominería,605
2014,"Ciencias naturales, matemáticas y estadística",Técnico en Medio Ambiente (Control y Gestión),61
2014,"Ciencias naturales, matemáticas y estadística",Técnico en Química (Análisis e Industrial),1249
2014,"Ciencias Sociales, Periodismo e Información",Antropología,1749
2014,"Ciencias Sociales, Periodismo e Información",Bachillerato y/o Licenciatura en Ciencias Sociales,1102
2014,"Ciencias Sociales, Periodismo e Información",Bibliotecología,370
2014,"Ciencias Sociales, Periodismo e Información",Ciencias Políticas,2215
2014,"Ciencias Sociales, Periodismo e Información",Comunicación Social,70
2014,"Ciencias Sociales, Periodismo e Información",Doctorado en Ciencias Sociales,495
2014,"Ciencias Sociales, Periodismo e Información",Geografía,1676
2014,"Ciencias Sociales, Periodismo e Información",Magister en Ciencias Sociales,5806
2014,"Ciencias Sociales, Periodismo e Información",Otros Profesionales de Ciencias Sociales,384
2014,"Ciencias Sociales, Periodismo e Información",Otros Técnicos de Ciencias Sociales,63
2014,"Ciencias Sociales, Periodismo e Información",Periodismo,6037
2014,"Ciencias Sociales, Periodismo e Información",Postítulo en Ciencias Sociales,1327
2014,"Ciencias Sociales, Periodismo e Información",Postítulo en Humanidades,67
2014,"Ciencias Sociales, Periodismo e Información",Psicología,28710
2014,"Ciencias Sociales, Periodismo e Información",Sociología,3547
2014,"Ciencias Sociales, Periodismo e Información",Técnico en Bibliotecas y Centros de Documentación,307
2014,"Ciencias Sociales, Periodismo e Información",Técnico en Comunicación Social,25
2014,Educación,Bachillerato y/o Licenciatura en Educación,205
2014,Educación,Doctorado en Educación,245
2014,Educación,Magister en Educación,9103
2014,Educación,Otros Técnicos de Educación,2
2014,Educación,Pedagogía en Artes y Música,3177
2014,Educación,Pedagogía en Ciencias,3348
2014,Educación,Pedagogía en Educación Básica,13228
2014,Educación,Pedagogía en Educación de Párvulos,14944
2014,Educación,Pedagogía en Educación Diferencial,14881
2014,Educación,Pedagogía en Educación Física,16448
2014,Educación,Pedagogía en Educación Media,337
2014,Educación,Pedagogía en Educación Técnico Profesional,81
2014,Educación,Pedagogía en Educación Tecnológica,31
2014,Educación,Pedagogía en Filosofía y Religión,1168
2014,Educación,"Pedagogía en Historia, Geografía y Ciencias Sociales",5488
2014,Educación,Pedagogía en Idiomas,11047
2014,Educación,"Pedagogía en Lenguaje, Comunicación y/o Castellano",4279
2014,Educación,Pedagogía en Matemáticas y Computación,4092
2014,Educación,Postítulo en Educación,10517
2014,Educación,Programas de Formación Pedagógica,914
2014,Educación,Psicopedagogía,13818
2014,Educación,Técnico Asistente del Educador de Párvulos,13994
2014,Educación,Técnico Asistente del Educador Diferencial,6442
2014,"Ingeniería, Industria y Construcción",Arquitectura,11838
2014,"Ingeniería, Industria y Construcción",Bachillerato y/o Licenciatura en Tecnología,634
2014,"Ingeniería, Industria y Construcción",Construcción Civil,9489
2014,"Ingeniería, Industria y Construcción",Diseño Industrial,1722
2014,"Ingeniería, Industria y Construcción",Doctorado en Arte y Arquitectura,77
2014,"Ingeniería, Industria y Construcción",Doctorado en Tecnología,557
2014,"Ingeniería, Industria y Construcción",Ingeniería Agroindustrial,201
2014,"Ingeniería, Industria y Construcción",Ingeniería Civil Agrícola,127
2014,"Ingeniería, Industria y Construcción",Ingeniería Civil Ambiental,963
2014,"Ingeniería, Industria y Construcción",Ingeniería Civil Bioquímica,259
2014,"Ingeniería, Industria y Construcción",Ingeniería Civil Eléctrica,2952
2014,"Ingeniería, Industria y Construcción",Ingeniería Civil Electrónica,1848
2014,"Ingeniería, Industria y Construcción",Ingeniería Civil en Agroindustrias,6
2014,"Ingeniería, Industria y Construcción",Ingeniería Civil en Biomédica,578
2014,"Ingeniería, Industria y Construcción",Ingeniería Civil en Biotecnología y/o Bioingeniería,296
2014,"Ingeniería, Industria y Construcción",Ingeniería Civil en Energía,30
2014,"Ingeniería, Industria y Construcción",Ingeniería Civil en Geografía,161
2014,"Ingeniería, Industria y Construcción",Ingeniería Civil en Industrias Forestales,79
2014,"Ingeniería, Industria y Construcción",Ingeniería Civil en Materiales,154
2014,"Ingeniería, Industria y Construcción",Ingeniería Civil en Minas,5380
2014,"Ingeniería, Industria y Construcción",Ingeniería Civil en Obras Civiles,2475
2014,"Ingeniería, Industria y Construcción",Ingeniería Civil en Sonido y Acústica,153
2014,"Ingeniería, Industria y Construcción",Ingeniería Civil en Telemática,268
2014,"Ingeniería, Industria y Construcción",Ingeniería Civil Industrial,26094
2014,"Ingeniería, Industria y Construcción",Ingeniería Civil Mecánica,3948
2014,"Ingeniería, Industria y Construcción",Ingeniería Civil Metalúrgica,2333
2014,"Ingeniería, Industria y Construcción",Ingeniería Civil Química,2404
2014,"Ingeniería, Industria y Construcción","Ingeniería Civil, plan común y licenciatura en Ciencias de la Ingeniería",14134
2014,"Ingeniería, Industria y Construcción",Ingeniería en Alimentos,1337
2014,"Ingeniería, Industria y Construcción","Ingeniería en Automatización, Instrumentación y Control",2862
2014,"Ingeniería, Industria y Construcción",Ingeniería en Biotecnología y Bioingeniería,2007
2014,"Ingeniería, Industria y Construcción",Ingeniería en Construcción,12697
2014,"Ingeniería, Industria y Construcción",Ingeniería en Electricidad,5238
2014,"Ingeniería, Industria y Construcción",Ingeniería en Electrónica,1575
2014,"Ingeniería, Industria y Construcción",Ingeniería en Energía,21
2014,"Ingeniería, Industria y Construcción",Ingeniería en Geomensura y Cartografía,68
2014,"Ingeniería, Industria y Construcción",Ingeniería en Industria de la Madera,21
2014,"Ingeniería, Industria y Construcción",Ingeniería en Mecánica Automotriz,9963
2014,"Ingeniería, Industria y Construcción",Ingeniería en Mecatrónica,266
2014,"Ingeniería, Industria y Construcción",Ingeniería en Medio Ambiente,1883
2014,"Ingeniería, Industria y Construcción",Ingeniería en Metalurgia,1065
2014,"Ingeniería, Industria y Construcción",Ingeniería en Minas,5331
2014,"Ingeniería, Industria y Construcción",Ingeniería en Proyectos Estructurales,103
2014,"Ingeniería, Industria y Construcción",Ingeniería en Química,1386
2014,"Ingeniería, Industria y Construcción",Ingeniería en Refrigeración y Climatización,443
2014,"Ingeniería, Industria y Construcción",Ingeniería en Sonido,943
2014,"Ingeniería, Industria y Construcción",Ingeniería en Telecomunicaciones,1794
2014,"Ingeniería, Industria y Construcción",Ingeniería en Telemática,357
2014,"Ingeniería, Industria y Construcción",Ingeniería Industrial,7530
2014,"Ingeniería, Industria y Construcción",Ingeniería Mecánica,6774
2014,"Ingeniería, Industria y Construcción",Ingeniería Naval,243
2014,"Ingeniería, Industria y Construcción",Magister en Arte y Arquitectura,382
2014,"Ingeniería, Industria y Construcción",Magister en Tecnología,2986
2014,"Ingeniería, Industria y Construcción",Otras Ingenierías,299
2014,"Ingeniería, Industria y Construcción",Otras Ingenierías Civiles,1244
2014,"Ingeniería, Industria y Construcción",Otros Profesionales de Tecnología,1088
2014,"Ingeniería, Industria y Construcción",Otros Técnicos de Arte y Arquitectura,10
2014,"Ingeniería, Industria y Construcción",Otros Técnicos de Tecnología,200
2014,"Ingeniería, Industria y Construcción",Paisajismo,131
2014,"Ingeniería, Industria y Construcción",Postítulo en Arte y Arquitectura,3
2014,"Ingeniería, Industria y Construcción",Postítulo en Tecnología,429
2014,"Ingeniería, Industria y Construcción",Química Industrial,259
2014,"Ingeniería, Industria y Construcción",Técnico en Agroindustria,52
2014,"Ingeniería, Industria y Construcción",Técnico en Alimentos,950
2014,"Ingeniería, Industria y Construcción",Técnico en Biotecnología Industrial,147
2014,"Ingeniería, Industria y Construcción",Técnico en Construcción y Obras Civiles,15320
2014,"Ingeniería, Industria y Construcción",Técnico en Dibujo Arquitectónico,1836
2014,"Ingeniería, Industria y Construcción",Técnico en Dibujo Técnico,358
2014,"Ingeniería, Industria y Construcción",Técnico en Diseño de Áreas Verdes y Paisajismo,161
2014,"Ingeniería, Industria y Construcción",Técnico en Diseño Industrial,63
2014,"Ingeniería, Industria y Construcción",Técnico en Electricidad y Electricidad Industrial,8991
2014,"Ingeniería, Industria y Construcción",Técnico en Electromecánica,1280
2014,"Ingeniería, Industria y Construcción",Técnico en Electrónica y Electrónica Industrial,1224
2014,"Ingeniería, Industria y Construcción",Técnico en Energía,308
2014,"Ingeniería, Industria y Construcción",Técnico en Industria Forestal o de la Madera,30
2014,"Ingeniería, Industria y Construcción","Técnico en Instrumentación, Automatización y Control Industrial",3996
2014,"Ingeniería, Industria y Construcción",Técnico en Mantenimiento Industrial,5115
2014,"Ingeniería, Industria y Construcción",Técnico en Mecánica Automotriz,12437
2014,"Ingeniería, Industria y Construcción",Técnico en Mecánica Industrial,1964
2014,"Ingeniería, Industria y Construcción",Técnico en Mecatrónica,10
2014,"Ingeniería, Industria y Construcción",Técnico en Medio Ambiente (Control y Gestión),135
2014,"Ingeniería, Industria y Construcción",Técnico en Metalurgia,564
2014,"Ingeniería, Industria y Construcción",Técnico en Minería,8500
2014,"Ingeniería, Industria y Construcción",Técnico en Procesos Industriales,614
2014,"Ingeniería, Industria y Construcción",Técnico en Proyecto y Diseño Mecánico,99
2014,"Ingeniería, Industria y Construcción",Técnico en Proyectos de Ingeniería,110
2014,"Ingeniería, Industria y Construcción",Técnico en Refrigeración y Climatización,387
2014,"Ingeniería, Industria y Construcción",Técnico en Telecomunicaciones,2685
2014,"Ingeniería, Industria y Construcción",Técnico en Topografía,2366
2014,"Ingeniería, Industria y Construcción",Técnico en Vitivinicultura y/o Enología,28
2014,Salud y Bienestar,Bachillerato y/o Licenciatura en Salud,737
2014,Salud y Bienestar,Doctorado en Salud,360
2014,Salud y Bienestar,Enfermería,40014
2014,Salud y Bienestar,Fonoaudiología,12494
2014,Salud y Bienestar,Kinesiología,24586
2014,Salud y Bienestar,Magister en Ciencias Sociales,254
2014,Salud y Bienestar,Magister en Salud,2392
2014,Salud y Bienestar,Medicina,13740
2014,Salud y Bienestar,Naturopatía,150
2014,Salud y Bienestar,Nutrición y Dietética,15145
2014,Salud y Bienestar,Obstetricia y Puericultura,5770
2014,Salud y Bienestar,Odontología,14423
2014,Salud y Bienestar,Orientación Familiar y Relaciones Humanas,342
2014,Salud y Bienestar,Otros Profesionales de Salud,105
2014,Salud y Bienestar,Otros Técnicos de Ciencias Sociales,999
2014,Salud y Bienestar,Otros Técnicos de Salud,701
2014,Salud y Bienestar,Postítulo en Ciencias Sociales,416
2014,Salud y Bienestar,Postítulo en Salud,6179
2014,Salud y Bienestar,Química y Farmacia,4427
2014,Salud y Bienestar,Técnico Dental y Asistente de Odontología,6215
2014,Salud y Bienestar,Técnico en Arsenaleria Quirúrgica,147
2014,Salud y Bienestar,Técnico en Enfermería,52420
2014,Salud y Bienestar,Técnico en Farmacia,382
2014,Salud y Bienestar,Técnico en Laboratorio Clínico,2507
2014,Salud y Bienestar,Técnico en Masoterapia,1797
2014,Salud y Bienestar,Técnico en Nutrición y Dietética,632
2014,Salud y Bienestar,Técnico en Óptica,90
2014,Salud y Bienestar,Técnico en Podología,1069
2014,Salud y Bienestar,Técnico en Prevención y Rehabilitación,346
2014,Salud y Bienestar,Técnico en Radiología y Radioterapia,716
2014,Salud y Bienestar,Técnico en Servicio Social,7529
2014,Salud y Bienestar,Técnico en Terapias Naturales y Naturopatía,971
2014,Salud y Bienestar,Técnico Laboratorista Dental,1239
2014,Salud y Bienestar,Tecnología Médica,10045
2014,Salud y Bienestar,Terapia Ocupacional,7954
2014,Salud y Bienestar,Trabajo Social,25599
2014,Servicios,Administración Gastronómica,4080
2014,Servicios,Administración Turística y Hotelera,5079
2014,Servicios,Ingeniería en Prevención de Riesgos,33576
2014,Servicios,Ingeniería en Transporte y Tránsito,240
2014,Servicios,Ingeniería Marina y Marítimo Portuaria,417
2014,Servicios,Magister en Administración y Comercio,5
2014,Servicios,Magister en Educación,379
2014,Servicios,Magister en Tecnología,107
2014,Servicios,Otras Ingenierías,147
2014,Servicios,Otras Ingenierías Civiles,94
2014,Servicios,Otros Profesionales de Arte y Arquitectura,421
2014,Servicios,Otros Profesionales de Educación,993
2014,Servicios,Otros Profesionales de Tecnología,99
2014,Servicios,Otros Técnicos de Tecnología,48
2014,Servicios,Postítulo en Educación,11
2014,Servicios,Postítulo en Tecnología,160
2014,Servicios,"Técnico en Deporte, Recreación y Preparación Física",10196
2014,Servicios,Técnico en Gastronomía y Cocina,10641
2014,Servicios,Técnico en Peluquería y Estética,1922
2014,Servicios,Técnico en Prevención de Riesgos,47154
2014,Servicios,Técnico en Seguridad Privada,4
2014,Servicios,Técnico en Transporte Marítimo y Puertos,164
2014,Servicios,Técnico en Turismo y Hotelería,5559
2014,Tecnología de la Información y la Comunicación (TIC),Doctorado en Tecnología,72
2014,Tecnología de la Información y la Comunicación (TIC),Ingeniería Civil en Computación e Informática,7501
2014,Tecnología de la Información y la Comunicación (TIC),Ingeniería en Computación e Informática,18850
2014,Tecnología de la Información y la Comunicación (TIC),Ingeniería en Conectividad y Redes,2058
2014,Tecnología de la Información y la Comunicación (TIC),Magister en Tecnología,805
2014,Tecnología de la Información y la Comunicación (TIC),Otras Ingenierías,144
2014,Tecnología de la Información y la Comunicación (TIC),Otros Profesionales de Tecnología,612
2014,Tecnología de la Información y la Comunicación (TIC),Postítulo en Tecnología,219
2014,Tecnología de la Información y la Comunicación (TIC),Técnico en Administración de Redes y Soporte,4142
2014,Tecnología de la Información y la Comunicación (TIC),Técnico en Análisis de Sistemas,600
2014,Tecnología de la Información y la Comunicación (TIC),Técnico en Computación e Informática,11499
2014,Tecnología de la Información y la Comunicación (TIC),"Técnico en Producción, Desarrollo y Diseño Web",222
2015,Administración de Empresas y Derecho,Administración de Empresas e Ing. Asociadas,33631
2015,Administración de Empresas y Derecho,Administración Pública,5893
2015,Administración de Empresas y Derecho,Bachillerato y/o Licenciatura en Administración y Comercio,57
2015,Administración de Empresas y Derecho,Contador Auditor,22427
2015,Administración de Empresas y Derecho,Derecho,37448
2015,Administración de Empresas y Derecho,Doctorado en Administración y Comercio,58
2015,Administración de Empresas y Derecho,Doctorado en Derecho,123
2015,Administración de Empresas y Derecho,Ingeniería Comercial,42610
2015,Administración de Empresas y Derecho,Ingeniería en Administración Jurídica,49
2015,Administración de Empresas y Derecho,Ingeniería en Comercio Exterior,2239
2015,Administración de Empresas y Derecho,Ingeniería en Control de Gestión,2660
2015,Administración de Empresas y Derecho,Ingeniería en Finanzas,1140
2015,Administración de Empresas y Derecho,Ingeniería en Gestión Pública,1095
2015,Administración de Empresas y Derecho,Ingeniería en Gestión y Control de Calidad,103
2015,Administración de Empresas y Derecho,Ingeniería en Logística,976
2015,Administración de Empresas y Derecho,Ingeniería en Marketing,1825
2015,Administración de Empresas y Derecho,Ingeniería en Recursos Humanos,5092
2015,Administración de Empresas y Derecho,Magister en Administración y Comercio,11137
2015,Administración de Empresas y Derecho,Magister en Ciencias Sociales,315
2015,Administración de Empresas y Derecho,Magister en Derecho,2445
2015,Administración de Empresas y Derecho,Otros Profesionales de Administración y Comercio,78
2015,Administración de Empresas y Derecho,Otros Profesionales de Ciencias Sociales,96
2015,Administración de Empresas y Derecho,Otros Técnicos de Administración y Comercio,194
2015,Administración de Empresas y Derecho,Otros Técnicos de Ciencias Sociales,36
2015,Administración de Empresas y Derecho,Postítulo en Administración y Comercio,3055
2015,Administración de Empresas y Derecho,Postítulo en Ciencias Sociales,74
2015,Administración de Empresas y Derecho,Postítulo en Derecho,713
2015,Administración de Empresas y Derecho,Publicidad,4340
2015,Administración de Empresas y Derecho,Relaciones Públicas,2075
2015,Administración de Empresas y Derecho,Secretariado Bilingüe,1536
2015,Administración de Empresas y Derecho,Secretariado Computacional,176
2015,Administración de Empresas y Derecho,Secretariado Ejecutivo,347
2015,Administración de Empresas y Derecho,Técnico Agente o Visitador Médico,369
2015,Administración de Empresas y Derecho,Técnico en Administración de Empresas,38019
2015,Administración de Empresas y Derecho,Técnico en Administración de Recursos Humanos y Personal,6963
2015,Administración de Empresas y Derecho,Técnico en Administración de Ventas,817
2015,Administración de Empresas y Derecho,Técnico en Administración en Marketing,245
2015,Administración de Empresas y Derecho,Técnico en Administración Financiera y Finanzas,4607
2015,Administración de Empresas y Derecho,Técnico en Administración Pública o Municipal,1282
2015,Administración de Empresas y Derecho,Técnico en Comercio Exterior,2902
2015,Administración de Empresas y Derecho,Técnico en Contabilidad Computacional,78
2015,Administración de Empresas y Derecho,Técnico en Contabilidad General,9251
2015,Administración de Empresas y Derecho,Técnico en Contabilidad Tributaria,18
2015,Administración de Empresas y Derecho,Técnico en Gestión Previsional,14
2015,Administración de Empresas y Derecho,Técnico en Gestión y Control de Calidad,219
2015,Administración de Empresas y Derecho,Técnico en Logística,3670
2015,Administración de Empresas y Derecho,Técnico en Producción de Eventos,703
2015,Administración de Empresas y Derecho,Técnico en Publicidad,220
2015,Administración de Empresas y Derecho,Técnico en Relaciones Públicas,1314
2015,Administración de Empresas y Derecho,Técnico Jurídico,2948
2015,"Agricultura, Silvicultura, Pesca y Veterinaria",Agronomía,6649
2015,"Agricultura, Silvicultura, Pesca y Veterinaria",Doctorado en Agropecuaria,389
2015,"Agricultura, Silvicultura, Pesca y Veterinaria",Ingeniería Agrícola,2363
2015,"Agricultura, Silvicultura, Pesca y Veterinaria",Ingeniería de Ejecución Forestal,2
2015,"Agricultura, Silvicultura, Pesca y Veterinaria",Ingeniería en Acuicultura y Pesca,308
2015,"Agricultura, Silvicultura, Pesca y Veterinaria",Ingeniería en Vitivinicultura,34
2015,"Agricultura, Silvicultura, Pesca y Veterinaria",Ingeniería Forestal,653
2015,"Agricultura, Silvicultura, Pesca y Veterinaria",Magister en Administración y Comercio,55
2015,"Agricultura, Silvicultura, Pesca y Veterinaria",Magister en Agropecuaria,621
2015,"Agricultura, Silvicultura, Pesca y Veterinaria",Medicina Veterinaria,8476
2015,"Agricultura, Silvicultura, Pesca y Veterinaria",Postítulo en Agropecuaria,129
2015,"Agricultura, Silvicultura, Pesca y Veterinaria",Técnico Agropecuario,4264
2015,"Agricultura, Silvicultura, Pesca y Veterinaria",Técnico en Acuicultura y Pesca,324
2015,"Agricultura, Silvicultura, Pesca y Veterinaria",Técnico en Vitivinicultura y/o Enología,120
2015,"Agricultura, Silvicultura, Pesca y Veterinaria",Técnico Veterinario,1650
2015,Artes y Humanidades,Actuación y Teatro,2052
2015,Artes y Humanidades,Animación Digital,925
2015,Artes y Humanidades,Arqueología,173
2015,Artes y Humanidades,Artes y Licenciatura en Artes,2639
2015,Artes y Humanidades,Bachillerato y/o Licenciatura en Humanidades,968
2015,Artes y Humanidades,Comunicación Audiovisual y/o Multimedia,2963
2015,Artes y Humanidades,Diseño,4307
2015,Artes y Humanidades,Diseño de Ambientes e Interiores,828
2015,Artes y Humanidades,Diseño de Vestuario,1665
2015,Artes y Humanidades,Diseño Gráfico,7678
2015,Artes y Humanidades,Diseño Teatral,120
2015,Artes y Humanidades,Doctorado en Arte y Arquitectura,15
2015,Artes y Humanidades,Doctorado en Ciencias Sociales,105
2015,Artes y Humanidades,Doctorado en Humanidades,523
2015,Artes y Humanidades,Filosofía,554
2015,Artes y Humanidades,Fotografía,730
2015,Artes y Humanidades,Historia,1786
2015,Artes y Humanidades,Licenciatura en Letras y Literatura,1936
2015,Artes y Humanidades,Magister en Arte y Arquitectura,600
2015,Artes y Humanidades,Magister en Ciencias Sociales,386
2015,Artes y Humanidades,Magister en Humanidades,1062
2015,Artes y Humanidades,"Música, Canto o Danza",3683
2015,Artes y Humanidades,Otros Profesionales de Arte y Arquitectura,273
2015,Artes y Humanidades,Otros Profesionales de Humanidades,145
2015,Artes y Humanidades,Otros Técnicos de Arte y Arquitectura,933
2015,Artes y Humanidades,Otros Técnicos de Humanidades,7
2015,Artes y Humanidades,Postítulo en Arte y Arquitectura,186
2015,Artes y Humanidades,Postítulo en Ciencias Sociales,23
2015,Artes y Humanidades,Postítulo en Humanidades,435
2015,Artes y Humanidades,Realizador de Cine y Televisión,980
2015,Artes y Humanidades,Técnico en Ambientes e Interiores,171
2015,Artes y Humanidades,Técnico en Comunicación Audiovisual,1523
2015,Artes y Humanidades,Técnico en Diseño de Vestuario,315
2015,Artes y Humanidades,Técnico en Diseño Gráfico,1735
2015,Artes y Humanidades,Técnico en Fotografía,794
2015,Artes y Humanidades,Técnico en Producción de Videojuegos,19
2015,Artes y Humanidades,Técnico en Producción Gráfica y Multimedia,669
2015,Artes y Humanidades,Técnico en Sonido,1766
2015,Artes y Humanidades,Técnico en Teatro,8
2015,Artes y Humanidades,Técnico en Traducción e Interpretariado,994
2015,Artes y Humanidades,Traducción e Interpretación,4397
2015,"Ciencias naturales, matemáticas y estadística",Analista Químico,438
2015,"Ciencias naturales, matemáticas y estadística",Bachillerato y/o Licenciatura en Ciencias Básicas,4366
2015,"Ciencias naturales, matemáticas y estadística",Biología,941
2015,"Ciencias naturales, matemáticas y estadística",Biología Marina y Ecología Marina,1097
2015,"Ciencias naturales, matemáticas y estadística",Bioquímica,1925
2015,"Ciencias naturales, matemáticas y estadística",Biotecnología,399
2015,"Ciencias naturales, matemáticas y estadística",Doctorado en Ciencias Básicas,1854
2015,"Ciencias naturales, matemáticas y estadística",Doctorado en Tecnología,180
2015,"Ciencias naturales, matemáticas y estadística",Física y Astronomía,1253
2015,"Ciencias naturales, matemáticas y estadística",Geología,3400
2015,"Ciencias naturales, matemáticas y estadística",Ingeniería Civil en Geomática y Geomensura,79
2015,"Ciencias naturales, matemáticas y estadística",Ingeniería Civil Matemática y Estadística,400
2015,"Ciencias naturales, matemáticas y estadística",Ingeniería en Geomensura y Cartografía,1315
2015,"Ciencias naturales, matemáticas y estadística",Ingeniería en Matemática y Estadística,693
2015,"Ciencias naturales, matemáticas y estadística",Ingeniería en Recursos Renovables,1138
2015,"Ciencias naturales, matemáticas y estadística",Magister en Ciencias Básicas,1442
2015,"Ciencias naturales, matemáticas y estadística",Magister en Tecnología,359
2015,"Ciencias naturales, matemáticas y estadística",Matemática y/o Estadística,508
2015,"Ciencias naturales, matemáticas y estadística",Otras Ingenierías,266
2015,"Ciencias naturales, matemáticas y estadística",Otras Ingenierías Civiles,9
2015,"Ciencias naturales, matemáticas y estadística",Otros Profesionales de Ciencias Básicas,56
2015,"Ciencias naturales, matemáticas y estadística",Otros Técnicos de Ciencias Básicas,70
2015,"Ciencias naturales, matemáticas y estadística",Postítulo en Ciencias Básicas,48
2015,"Ciencias naturales, matemáticas y estadística",Postítulo en Tecnología,12
2015,"Ciencias naturales, matemáticas y estadística",Química Ambiental,332
2015,"Ciencias naturales, matemáticas y estadística","Química, Licenciado en Química",894
2015,"Ciencias naturales, matemáticas y estadística",Técnico en Geología,1106
2015,"Ciencias naturales, matemáticas y estadística",Técnico en Geominería,612
2015,"Ciencias naturales, matemáticas y estadística",Técnico en Medio Ambiente (Control y Gestión),117
2015,"Ciencias naturales, matemáticas y estadística",Técnico en Química (Análisis e Industrial),1254
2015,"Ciencias Sociales, Periodismo e Información",Antropología,1831
2015,"Ciencias Sociales, Periodismo e Información",Bachillerato y/o Licenciatura en Ciencias Sociales,1170
2015,"Ciencias Sociales, Periodismo e Información",Bibliotecología,418
2015,"Ciencias Sociales, Periodismo e Información",Ciencias Políticas,2066
2015,"Ciencias Sociales, Periodismo e Información",Comunicación Social,31
2015,"Ciencias Sociales, Periodismo e Información",Doctorado en Ciencias Sociales,479
2015,"Ciencias Sociales, Periodismo e Información",Geografía,1723
2015,"Ciencias Sociales, Periodismo e Información",Magister en Ciencias Sociales,5549
2015,"Ciencias Sociales, Periodismo e Información",Magister en Humanidades,22
2015,"Ciencias Sociales, Periodismo e Información",Otros Profesionales de Ciencias Sociales,318
2015,"Ciencias Sociales, Periodismo e Información",Otros Técnicos de Ciencias Sociales,35
2015,"Ciencias Sociales, Periodismo e Información",Periodismo,6277
2015,"Ciencias Sociales, Periodismo e Información",Postítulo en Ciencias Sociales,1203
2015,"Ciencias Sociales, Periodismo e Información",Postítulo en Humanidades,43
2015,"Ciencias Sociales, Periodismo e Información",Psicología,30038
2015,"Ciencias Sociales, Periodismo e Información",Sociología,3418
2015,"Ciencias Sociales, Periodismo e Información",Técnico en Bibliotecas y Centros de Documentación,300
2015,"Ciencias Sociales, Periodismo e Información",Técnico en Comunicación Social,15
2015,Educación,Bachillerato y/o Licenciatura en Educación,473
2015,Educación,Doctorado en Educación,253
2015,Educación,Magister en Educación,8658
2015,Educación,Otros Profesionales de Educación,1
2015,Educación,Otros Técnicos de Educación,136
2015,Educación,Pedagogía en Artes y Música,3141
2015,Educación,Pedagogía en Ciencias,3071
2015,Educación,Pedagogía en Educación Básica,10938
2015,Educación,Pedagogía en Educación de Párvulos,12998
2015,Educación,Pedagogía en Educación Diferencial,15196
2015,Educación,Pedagogía en Educación Física,15277
2015,Educación,Pedagogía en Educación Media,310
2015,Educación,Pedagogía en Educación Técnico Profesional,144
2015,Educación,Pedagogía en Educación Tecnológica,20
2015,Educación,Pedagogía en Filosofía y Religión,1103
2015,Educación,"Pedagogía en Historia, Geografía y Ciencias Sociales",4755
2015,Educación,Pedagogía en Idiomas,10227
2015,Educación,"Pedagogía en Lenguaje, Comunicación y/o Castellano",4081
2015,Educación,Pedagogía en Matemáticas y Computación,3998
2015,Educación,Postítulo en Educación,7983
2015,Educación,Programas de Formación Pedagógica,885
2015,Educación,Psicopedagogía,14340
2015,Educación,Técnico Asistente del Educador de Párvulos,15373
2015,Educación,Técnico Asistente del Educador Diferencial,7116
2015,"Ingeniería, Industria y Construcción",Arquitectura,12010
2015,"Ingeniería, Industria y Construcción",Bachillerato y/o Licenciatura en Tecnología,523
2015,"Ingeniería, Industria y Construcción",Construcción Civil,10744
2015,"Ingeniería, Industria y Construcción",Diseño Industrial,1631
2015,"Ingeniería, Industria y Construcción",Doctorado en Arte y Arquitectura,58
2015,"Ingeniería, Industria y Construcción",Doctorado en Tecnología,621
2015,"Ingeniería, Industria y Construcción",Ingeniería Agroindustrial,204
2015,"Ingeniería, Industria y Construcción",Ingeniería Civil Agrícola,112
2015,"Ingeniería, Industria y Construcción",Ingeniería Civil Ambiental,948
2015,"Ingeniería, Industria y Construcción",Ingeniería Civil Bioquímica,259
2015,"Ingeniería, Industria y Construcción",Ingeniería Civil Eléctrica,2887
2015,"Ingeniería, Industria y Construcción",Ingeniería Civil Electrónica,1838
2015,"Ingeniería, Industria y Construcción",Ingeniería Civil en Agroindustrias,4
2015,"Ingeniería, Industria y Construcción",Ingeniería Civil en Biomédica,526
2015,"Ingeniería, Industria y Construcción",Ingeniería Civil en Biotecnología y/o Bioingeniería,258
2015,"Ingeniería, Industria y Construcción",Ingeniería Civil en Energía,45
2015,"Ingeniería, Industria y Construcción",Ingeniería Civil en Geografía,165
2015,"Ingeniería, Industria y Construcción",Ingeniería Civil en Industrias Forestales,67
2015,"Ingeniería, Industria y Construcción",Ingeniería Civil en Materiales,153
2015,"Ingeniería, Industria y Construcción",Ingeniería Civil en Minas,6083
2015,"Ingeniería, Industria y Construcción",Ingeniería Civil en Obras Civiles,2570
2015,"Ingeniería, Industria y Construcción",Ingeniería Civil en Sonido y Acústica,140
2015,"Ingeniería, Industria y Construcción",Ingeniería Civil en Telemática,237
2015,"Ingeniería, Industria y Construcción",Ingeniería Civil Industrial,26612
2015,"Ingeniería, Industria y Construcción",Ingeniería Civil Mecánica,4000
2015,"Ingeniería, Industria y Construcción",Ingeniería Civil Metalúrgica,2446
2015,"Ingeniería, Industria y Construcción",Ingeniería Civil Química,2435
2015,"Ingeniería, Industria y Construcción","Ingeniería Civil, plan común y licenciatura en Ciencias de la Ingeniería",15164
2015,"Ingeniería, Industria y Construcción",Ingeniería en Alimentos,1249
2015,"Ingeniería, Industria y Construcción","Ingeniería en Automatización, Instrumentación y Control",2924
2015,"Ingeniería, Industria y Construcción",Ingeniería en Biotecnología y Bioingeniería,1979
2015,"Ingeniería, Industria y Construcción",Ingeniería en Construcción,13095
2015,"Ingeniería, Industria y Construcción",Ingeniería en Electricidad,5849
2015,"Ingeniería, Industria y Construcción",Ingeniería en Electrónica,1494
2015,"Ingeniería, Industria y Construcción",Ingeniería en Energía,5
2015,"Ingeniería, Industria y Construcción",Ingeniería en Geomensura y Cartografía,91
2015,"Ingeniería, Industria y Construcción",Ingeniería en Industria de la Madera,17
2015,"Ingeniería, Industria y Construcción",Ingeniería en Mecánica Automotriz,10711
2015,"Ingeniería, Industria y Construcción",Ingeniería en Mecatrónica,277
2015,"Ingeniería, Industria y Construcción",Ingeniería en Medio Ambiente,2002
2015,"Ingeniería, Industria y Construcción",Ingeniería en Metalurgia,1080
2015,"Ingeniería, Industria y Construcción",Ingeniería en Minas,5966
2015,"Ingeniería, Industria y Construcción",Ingeniería en Proyectos Estructurales,94
2015,"Ingeniería, Industria y Construcción",Ingeniería en Química,1358
2015,"Ingeniería, Industria y Construcción",Ingeniería en Refrigeración y Climatización,441
2015,"Ingeniería, Industria y Construcción",Ingeniería en Sonido,998
2015,"Ingeniería, Industria y Construcción",Ingeniería en Telecomunicaciones,1689
2015,"Ingeniería, Industria y Construcción",Ingeniería Industrial,7666
2015,"Ingeniería, Industria y Construcción",Ingeniería Mecánica,6907
2015,"Ingeniería, Industria y Construcción",Ingeniería Naval,235
2015,"Ingeniería, Industria y Construcción",Magister en Arte y Arquitectura,411
2015,"Ingeniería, Industria y Construcción",Magister en Tecnología,2933
2015,"Ingeniería, Industria y Construcción",Otras Ingenierías,306
2015,"Ingeniería, Industria y Construcción",Otras Ingenierías Civiles,1233
2015,"Ingeniería, Industria y Construcción",Otros Profesionales de Arte y Arquitectura,1
2015,"Ingeniería, Industria y Construcción",Otros Profesionales de Tecnología,1142
2015,"Ingeniería, Industria y Construcción",Otros Técnicos de Tecnología,148
2015,"Ingeniería, Industria y Construcción",Paisajismo,119
2015,"Ingeniería, Industria y Construcción",Postítulo en Arte y Arquitectura,25
2015,"Ingeniería, Industria y Construcción",Postítulo en Tecnología,523
2015,"Ingeniería, Industria y Construcción",Química Industrial,264
2015,"Ingeniería, Industria y Construcción",Técnico en Agroindustria,74
2015,"Ingeniería, Industria y Construcción",Técnico en Alimentos,990
2015,"Ingeniería, Industria y Construcción",Técnico en Biotecnología Industrial,67
2015,"Ingeniería, Industria y Construcción",Técnico en Construcción y Obras Civiles,16260
2015,"Ingeniería, Industria y Construcción",Técnico en Dibujo Arquitectónico,1949
2015,"Ingeniería, Industria y Construcción",Técnico en Dibujo Técnico,274
2015,"Ingeniería, Industria y Construcción",Técnico en Diseño de Áreas Verdes y Paisajismo,147
2015,"Ingeniería, Industria y Construcción",Técnico en Diseño Industrial,70
2015,"Ingeniería, Industria y Construcción",Técnico en Electricidad y Electricidad Industrial,10300
2015,"Ingeniería, Industria y Construcción",Técnico en Electromecánica,1644
2015,"Ingeniería, Industria y Construcción",Técnico en Electrónica y Electrónica Industrial,1143
2015,"Ingeniería, Industria y Construcción",Técnico en Energía,333
2015,"Ingeniería, Industria y Construcción",Técnico en Industria Forestal o de la Madera,8
2015,"Ingeniería, Industria y Construcción","Técnico en Instrumentación, Automatización y Control Industrial",4540
2015,"Ingeniería, Industria y Construcción",Técnico en Mantenimiento Industrial,5960
2015,"Ingeniería, Industria y Construcción",Técnico en Mecánica Automotriz,13311
2015,"Ingeniería, Industria y Construcción",Técnico en Mecánica Industrial,2146
2015,"Ingeniería, Industria y Construcción",Técnico en Mecatrónica,44
2015,"Ingeniería, Industria y Construcción",Técnico en Medio Ambiente (Control y Gestión),163
2015,"Ingeniería, Industria y Construcción",Técnico en Metalurgia,588
2015,"Ingeniería, Industria y Construcción",Técnico en Minería,9869
2015,"Ingeniería, Industria y Construcción",Técnico en Procesos Industriales,613
2015,"Ingeniería, Industria y Construcción",Técnico en Proyecto y Diseño Mecánico,88
2015,"Ingeniería, Industria y Construcción",Técnico en Proyectos de Ingeniería,95
2015,"Ingeniería, Industria y Construcción",Técnico en Refrigeración y Climatización,438
2015,"Ingeniería, Industria y Construcción",Técnico en Telecomunicaciones,2621
2015,"Ingeniería, Industria y Construcción",Técnico en Topografía,3046
2015,"Ingeniería, Industria y Construcción",Técnico en Vitivinicultura y/o Enología,124
2015,Salud y Bienestar,Bachillerato y/o Licenciatura en Salud,745
2015,Salud y Bienestar,Doctorado en Salud,433
2015,Salud y Bienestar,Enfermería,40906
2015,Salud y Bienestar,Fonoaudiología,12687
2015,Salud y Bienestar,Kinesiología,23382
2015,Salud y Bienestar,Magister en Ciencias Sociales,231
2015,Salud y Bienestar,Magister en Salud,2570
2015,Salud y Bienestar,Medicina,14018
2015,Salud y Bienestar,Naturopatía,235
2015,Salud y Bienestar,Nutrición y Dietética,15561
2015,Salud y Bienestar,Obstetricia y Puericultura,6394
2015,Salud y Bienestar,Odontología,14519
2015,Salud y Bienestar,Orientación Familiar y Relaciones Humanas,326
2015,Salud y Bienestar,Otros Profesionales de Salud,111
2015,Salud y Bienestar,Otros Técnicos de Ciencias Sociales,1163
2015,Salud y Bienestar,Otros Técnicos de Salud,582
2015,Salud y Bienestar,Postítulo en Ciencias Sociales,558
2015,Salud y Bienestar,Postítulo en Salud,6378
2015,Salud y Bienestar,Química y Farmacia,4461
2015,Salud y Bienestar,Técnico Dental y Asistente de Odontología,6605
2015,Salud y Bienestar,Técnico en Arsenaleria Quirúrgica,60
2015,Salud y Bienestar,Técnico en Enfermería,51976
2015,Salud y Bienestar,Técnico en Farmacia,471
2015,Salud y Bienestar,Técnico en Laboratorio Clínico,2641
2015,Salud y Bienestar,Técnico en Masoterapia,2151
2015,Salud y Bienestar,Técnico en Nutrición y Dietética,829
2015,Salud y Bienestar,Técnico en Óptica,61
2015,Salud y Bienestar,Técnico en Podología,1238
2015,Salud y Bienestar,Técnico en Prevención y Rehabilitación,377
2015,Salud y Bienestar,Técnico en Radiología y Radioterapia,709
2015,Salud y Bienestar,Técnico en Servicio Social,9527
2015,Salud y Bienestar,Técnico en Terapias Naturales y Naturopatía,1018
2015,Salud y Bienestar,Técnico Laboratorista Dental,1176
2015,Salud y Bienestar,Tecnología Médica,10657
2015,Salud y Bienestar,Terapia Ocupacional,9024
2015,Salud y Bienestar,Trabajo Social,24578
2015,Servicios,Administración Gastronómica,4190
2015,Servicios,Administración Turística y Hotelera,5187
2015,Servicios,Ingeniería en Prevención de Riesgos,35155
2015,Servicios,Ingeniería en Seguridad Privada,393
2015,Servicios,Ingeniería en Transporte y Tránsito,243
2015,Servicios,Ingeniería Marina y Marítimo Portuaria,431
2015,Servicios,Magister en Administración y Comercio,26
2015,Servicios,Magister en Educación,421
2015,Servicios,Magister en Tecnología,84
2015,Servicios,Otras Ingenierías,139
2015,Servicios,Otras Ingenierías Civiles,167
2015,Servicios,Otros Profesionales de Arte y Arquitectura,487
2015,Servicios,Otros Profesionales de Educación,1063
2015,Servicios,Otros Profesionales de Tecnología,103
2015,Servicios,Otros Técnicos de Tecnología,63
2015,Servicios,Postítulo en Administración y Comercio,37
2015,Servicios,Postítulo en Educación,29
2015,Servicios,Postítulo en Tecnología,313
2015,Servicios,"Técnico en Deporte, Recreación y Preparación Física",10558
2015,Servicios,Técnico en Gastronomía y Cocina,10836
2015,Servicios,Técnico en Peluquería y Estética,2327
2015,Servicios,Técnico en Prevención de Riesgos,40532
2015,Servicios,Técnico en Seguridad Privada,37
2015,Servicios,Técnico en Transporte Marítimo y Puertos,222
2015,Servicios,Técnico en Turismo y Hotelería,5971
2015,Tecnología de la Información y la Comunicación (TIC),Doctorado en Tecnología,81
2015,Tecnología de la Información y la Comunicación (TIC),Ingeniería Civil en Computación e Informática,7428
2015,Tecnología de la Información y la Comunicación (TIC),Ingeniería en Computación e Informática,18224
2015,Tecnología de la Información y la Comunicación (TIC),Ingeniería en Conectividad y Redes,2319
2015,Tecnología de la Información y la Comunicación (TIC),Magister en Tecnología,617
2015,Tecnología de la Información y la Comunicación (TIC),Otras Ingenierías,149
2015,Tecnología de la Información y la Comunicación (TIC),Otros Profesionales de Tecnología,617
2015,Tecnología de la Información y la Comunicación (TIC),Postítulo en Tecnología,254
2015,Tecnología de la Información y la Comunicación (TIC),Técnico en Administración de Redes y Soporte,3922
2015,Tecnología de la Información y la Comunicación (TIC),Técnico en Análisis de Sistemas,419
2015,Tecnología de la Información y la Comunicación (TIC),Técnico en Computación e Informática,11771
2015,Tecnología de la Información y la Comunicación (TIC),"Técnico en Producción, Desarrollo y Diseño Web",227
2016,Administración de Empresas y Derecho,Administración de Empresas e Ing. Asociadas,35218
2016,Administración de Empresas y Derecho,Administración Pública,5061
2016,Administración de Empresas y Derecho,Bachillerato y/o Licenciatura en Administración y Comercio,25
2016,Administración de Empresas y Derecho,Bachillerato y/o Licenciatura en Derecho,41
2016,Administración de Empresas y Derecho,Contador Auditor,23426
2016,Administración de Empresas y Derecho,Derecho,38601
2016,Administración de Empresas y Derecho,Doctorado en Administración y Comercio,75
2016,Administración de Empresas y Derecho,Doctorado en Derecho,180
2016,Administración de Empresas y Derecho,Ingeniería Comercial,44043
2016,Administración de Empresas y Derecho,Ingeniería en Administración Jurídica,8
2016,Administración de Empresas y Derecho,Ingeniería en Comercio Exterior,2477
2016,Administración de Empresas y Derecho,Ingeniería en Control de Gestión,2903
2016,Administración de Empresas y Derecho,Ingeniería en Finanzas,1370
2016,Administración de Empresas y Derecho,Ingeniería en Gestión Pública,1278
2016,Administración de Empresas y Derecho,Ingeniería en Gestión y Control de Calidad,104
2016,Administración de Empresas y Derecho,Ingeniería en Logística,1188
2016,Administración de Empresas y Derecho,Ingeniería en Marketing,2147
2016,Administración de Empresas y Derecho,Ingeniería en Recursos Humanos,5995
2016,Administración de Empresas y Derecho,Magister en Administración y Comercio,11765
2016,Administración de Empresas y Derecho,Magister en Ciencias Sociales,305
2016,Administración de Empresas y Derecho,Magister en Derecho,2539
2016,Administración de Empresas y Derecho,Otros Profesionales de Administración y Comercio,58
2016,Administración de Empresas y Derecho,Otros Profesionales de Ciencias Sociales,42
2016,Administración de Empresas y Derecho,Otros Técnicos de Administración y Comercio,255
2016,Administración de Empresas y Derecho,Otros Técnicos de Ciencias Sociales,15
2016,Administración de Empresas y Derecho,Postítulo en Administración y Comercio,2666
2016,Administración de Empresas y Derecho,Postítulo en Ciencias Sociales,57
2016,Administración de Empresas y Derecho,Postítulo en Derecho,667
2016,Administración de Empresas y Derecho,Publicidad,4092
2016,Administración de Empresas y Derecho,Relaciones Públicas,1757
2016,Administración de Empresas y Derecho,Secretariado Bilingüe,1240
2016,Administración de Empresas y Derecho,Secretariado Computacional,190
2016,Administración de Empresas y Derecho,Secretariado Ejecutivo,254
2016,Administración de Empresas y Derecho,Técnico Agente o Visitador Médico,319
2016,Administración de Empresas y Derecho,Técnico en Administración de Empresas,41618
2016,Administración de Empresas y Derecho,Técnico en Administración de Recursos Humanos y Personal,7886
2016,Administración de Empresas y Derecho,Técnico en Administración de Ventas,729
2016,Administración de Empresas y Derecho,Técnico en Administración en Marketing,204
2016,Administración de Empresas y Derecho,Técnico en Administración Financiera y Finanzas,4760
2016,Administración de Empresas y Derecho,Técnico en Administración Pública o Municipal,1400
2016,Administración de Empresas y Derecho,Técnico en Comercio Exterior,2949
2016,Administración de Empresas y Derecho,Técnico en Contabilidad Computacional,42
2016,Administración de Empresas y Derecho,Técnico en Contabilidad General,9843
2016,Administración de Empresas y Derecho,Técnico en Contabilidad Tributaria,2
2016,Administración de Empresas y Derecho,Técnico en Gestión y Control de Calidad,206
2016,Administración de Empresas y Derecho,Técnico en Logística,4602
2016,Administración de Empresas y Derecho,Técnico en Producción de Eventos,644
2016,Administración de Empresas y Derecho,Técnico en Publicidad,173
2016,Administración de Empresas y Derecho,Técnico en Relaciones Públicas,1172
2016,Administración de Empresas y Derecho,Técnico Jurídico,2788
2016,"Agricultura, Silvicultura, Pesca y Veterinaria",Agronomía,6713
2016,"Agricultura, Silvicultura, Pesca y Veterinaria",Doctorado en Agropecuaria,366
2016,"Agricultura, Silvicultura, Pesca y Veterinaria",Ingeniería Agrícola,2571
2016,"Agricultura, Silvicultura, Pesca y Veterinaria",Ingeniería de Ejecución Forestal,1
2016,"Agricultura, Silvicultura, Pesca y Veterinaria",Ingeniería en Acuicultura y Pesca,229
2016,"Agricultura, Silvicultura, Pesca y Veterinaria",Ingeniería en Vitivinicultura,33
2016,"Agricultura, Silvicultura, Pesca y Veterinaria",Ingeniería Forestal,669
2016,"Agricultura, Silvicultura, Pesca y Veterinaria",Magister en Administración y Comercio,48
2016,"Agricultura, Silvicultura, Pesca y Veterinaria",Magister en Agropecuaria,538
2016,"Agricultura, Silvicultura, Pesca y Veterinaria",Medicina Veterinaria,8676
2016,"Agricultura, Silvicultura, Pesca y Veterinaria",Postítulo en Agropecuaria,108
2016,"Agricultura, Silvicultura, Pesca y Veterinaria",Técnico Agropecuario,4748
2016,"Agricultura, Silvicultura, Pesca y Veterinaria",Técnico en Acuicultura y Pesca,337
2016,"Agricultura, Silvicultura, Pesca y Veterinaria",Técnico en Vitivinicultura y/o Enología,99
2016,"Agricultura, Silvicultura, Pesca y Veterinaria",Técnico Veterinario,1863
2016,Artes y Humanidades,Actuación y Teatro,2007
2016,Artes y Humanidades,Animación Digital,1052
2016,Artes y Humanidades,Arqueología,196
2016,Artes y Humanidades,Artes y Licenciatura en Artes,2942
2016,Artes y Humanidades,Bachillerato y/o Licenciatura en Humanidades,940
2016,Artes y Humanidades,Comunicación Audiovisual y/o Multimedia,2795
2016,Artes y Humanidades,Diseño,4338
2016,Artes y Humanidades,Diseño de Ambientes e Interiores,754
2016,Artes y Humanidades,Diseño de Vestuario,1633
2016,Artes y Humanidades,Diseño Gráfico,7191
2016,Artes y Humanidades,Diseño Teatral,111
2016,Artes y Humanidades,Doctorado en Arte y Arquitectura,20
2016,Artes y Humanidades,Doctorado en Ciencias Sociales,116
2016,Artes y Humanidades,Doctorado en Humanidades,620
2016,Artes y Humanidades,Filosofía,551
2016,Artes y Humanidades,Fotografía,559
2016,Artes y Humanidades,Historia,1746
2016,Artes y Humanidades,Licenciatura en Letras y Literatura,1997
2016,Artes y Humanidades,Magister en Arte y Arquitectura,762
2016,Artes y Humanidades,Magister en Ciencias Sociales,388
2016,Artes y Humanidades,Magister en Humanidades,1024
2016,Artes y Humanidades,"Música, Canto o Danza",3845
2016,Artes y Humanidades,Otros Profesionales de Arte y Arquitectura,325
2016,Artes y Humanidades,Otros Profesionales de Humanidades,126
2016,Artes y Humanidades,Otros Técnicos de Arte y Arquitectura,1010
2016,Artes y Humanidades,Otros Técnicos de Humanidades,10
2016,Artes y Humanidades,Postítulo en Arte y Arquitectura,145
2016,Artes y Humanidades,Postítulo en Ciencias Sociales,52
2016,Artes y Humanidades,Postítulo en Humanidades,396
2016,Artes y Humanidades,Realizador de Cine y Televisión,1061
2016,Artes y Humanidades,Técnico en Ambientes e Interiores,174
2016,Artes y Humanidades,Técnico en Comunicación Audiovisual,1542
2016,Artes y Humanidades,Técnico en Diseño de Vestuario,263
2016,Artes y Humanidades,Técnico en Diseño Gráfico,1633
2016,Artes y Humanidades,Técnico en Fotografía,714
2016,Artes y Humanidades,Técnico en Producción de Videojuegos,28
2016,Artes y Humanidades,Técnico en Producción Gráfica y Multimedia,718
2016,Artes y Humanidades,Técnico en Sonido,1755
2016,Artes y Humanidades,Técnico en Teatro,3
2016,Artes y Humanidades,Técnico en Traducción e Interpretariado,1019
2016,Artes y Humanidades,Traducción e Interpretación,4224
2016,"Ciencias naturales, matemáticas y estadística",Analista Químico,426
2016,"Ciencias naturales, matemáticas y estadística",Bachillerato y/o Licenciatura en Ciencias Básicas,4542
2016,"Ciencias naturales, matemáticas y estadística",Biología,914
2016,"Ciencias naturales, matemáticas y estadística",Biología Marina y Ecología Marina,1095
2016,"Ciencias naturales, matemáticas y estadística",Bioquímica,1959
2016,"Ciencias naturales, matemáticas y estadística",Biotecnología,372
2016,"Ciencias naturales, matemáticas y estadística",Doctorado en Ciencias Básicas,1954
2016,"Ciencias naturales, matemáticas y estadística",Doctorado en Tecnología,186
2016,"Ciencias naturales, matemáticas y estadística",Física y Astronomía,1391
2016,"Ciencias naturales, matemáticas y estadística",Geología,3710
2016,"Ciencias naturales, matemáticas y estadística",Ingeniería Civil en Geomática y Geomensura,62
2016,"Ciencias naturales, matemáticas y estadística",Ingeniería Civil Matemática y Estadística,433
2016,"Ciencias naturales, matemáticas y estadística",Ingeniería en Geomensura y Cartografía,1417
2016,"Ciencias naturales, matemáticas y estadística",Ingeniería en Matemática y Estadística,680
2016,"Ciencias naturales, matemáticas y estadística",Ingeniería en Recursos Renovables,1245
2016,"Ciencias naturales, matemáticas y estadística",Magister en Ciencias Básicas,1483
2016,"Ciencias naturales, matemáticas y estadística",Magister en Tecnología,453
2016,"Ciencias naturales, matemáticas y estadística",Matemática y/o Estadística,514
2016,"Ciencias naturales, matemáticas y estadística",Otras Ingenierías,243
2016,"Ciencias naturales, matemáticas y estadística",Otras Ingenierías Civiles,9
2016,"Ciencias naturales, matemáticas y estadística",Otros Profesionales de Ciencias Básicas,57
2016,"Ciencias naturales, matemáticas y estadística",Otros Técnicos de Ciencias Básicas,50
2016,"Ciencias naturales, matemáticas y estadística",Postítulo en Ciencias Básicas,62
2016,"Ciencias naturales, matemáticas y estadística",Postítulo en Tecnología,13
2016,"Ciencias naturales, matemáticas y estadística",Química Ambiental,293
2016,"Ciencias naturales, matemáticas y estadística","Química, Licenciado en Química",842
2016,"Ciencias naturales, matemáticas y estadística",Técnico en Geología,1003
2016,"Ciencias naturales, matemáticas y estadística",Técnico en Geominería,435
2016,"Ciencias naturales, matemáticas y estadística",Técnico en Medio Ambiente (Control y Gestión),188
2016,"Ciencias naturales, matemáticas y estadística",Técnico en Química (Análisis e Industrial),1160
2016,"Ciencias Sociales, Periodismo e Información",Antropología,1975
2016,"Ciencias Sociales, Periodismo e Información",Bachillerato y/o Licenciatura en Ciencias Sociales,1288
2016,"Ciencias Sociales, Periodismo e Información",Bibliotecología,498
2016,"Ciencias Sociales, Periodismo e Información",Ciencias Políticas,2028
2016,"Ciencias Sociales, Periodismo e Información",Comunicación Social,1
2016,"Ciencias Sociales, Periodismo e Información",Doctorado en Ciencias Sociales,511
2016,"Ciencias Sociales, Periodismo e Información",Geografía,1831
2016,"Ciencias Sociales, Periodismo e Información",Magister en Ciencias Sociales,5950
2016,"Ciencias Sociales, Periodismo e Información",Magister en Humanidades,19
2016,"Ciencias Sociales, Periodismo e Información",Otros Profesionales de Ciencias Sociales,300
2016,"Ciencias Sociales, Periodismo e Información",Otros Técnicos de Ciencias Sociales,16
2016,"Ciencias Sociales, Periodismo e Información",Periodismo,6722
2016,"Ciencias Sociales, Periodismo e Información",Postítulo en Ciencias Sociales,1275
2016,"Ciencias Sociales, Periodismo e Información",Postítulo en Humanidades,31
2016,"Ciencias Sociales, Periodismo e Información",Psicología,31834
2016,"Ciencias Sociales, Periodismo e Información",Sociología,3407
2016,"Ciencias Sociales, Periodismo e Información",Técnico en Bibliotecas y Centros de Documentación,315
2016,"Ciencias Sociales, Periodismo e Información",Técnico en Comunicación Social,16
2016,Educación,Bachillerato y/o Licenciatura en Educación,806
2016,Educación,Doctorado en Educación,239
2016,Educación,Magister en Educación,9041
2016,Educación,Otros Técnicos de Educación,371
2016,Educación,Pedagogía en Artes y Música,3068
2016,Educación,Pedagogía en Ciencias,2900
2016,Educación,Pedagogía en Educación Básica,9593
2016,Educación,Pedagogía en Educación de Párvulos,12354
2016,Educación,Pedagogía en Educación Diferencial,16092
2016,Educación,Pedagogía en Educación Física,14261
2016,Educación,Pedagogía en Educación Media,211
2016,Educación,Pedagogía en Educación Técnico Profesional,176
2016,Educación,Pedagogía en Educación Tecnológica,7
2016,Educación,Pedagogía en Filosofía y Religión,1092
2016,Educación,"Pedagogía en Historia, Geografía y Ciencias Sociales",4335
2016,Educación,Pedagogía en Idiomas,9601
2016,Educación,"Pedagogía en Lenguaje, Comunicación y/o Castellano",3926
2016,Educación,Pedagogía en Matemáticas y Computación,3754
2016,Educación,Postítulo en Educación,6437
2016,Educación,Programas de Formación Pedagógica,872
2016,Educación,Psicopedagogía,13914
2016,Educación,Técnico Asistente del Educador de Párvulos,19048
2016,Educación,Técnico Asistente del Educador Diferencial,7792
2016,"Ingeniería, Industria y Construcción",Arquitectura,12245
2016,"Ingeniería, Industria y Construcción",Bachillerato y/o Licenciatura en Tecnología,477
2016,"Ingeniería, Industria y Construcción",Construcción Civil,11563
2016,"Ingeniería, Industria y Construcción",Diseño Industrial,1622
2016,"Ingeniería, Industria y Construcción",Doctorado en Arte y Arquitectura,82
2016,"Ingeniería, Industria y Construcción",Doctorado en Tecnología,685
2016,"Ingeniería, Industria y Construcción",Ingeniería Agroindustrial,241
2016,"Ingeniería, Industria y Construcción",Ingeniería Civil Agrícola,134
2016,"Ingeniería, Industria y Construcción",Ingeniería Civil Ambiental,942
2016,"Ingeniería, Industria y Construcción",Ingeniería Civil Bioquímica,259
2016,"Ingeniería, Industria y Construcción",Ingeniería Civil Eléctrica,2996
2016,"Ingeniería, Industria y Construcción",Ingeniería Civil Electrónica,1849
2016,"Ingeniería, Industria y Construcción",Ingeniería Civil en Agroindustrias,2
2016,"Ingeniería, Industria y Construcción",Ingeniería Civil en Biomédica,540
2016,"Ingeniería, Industria y Construcción",Ingeniería Civil en Biotecnología y/o Bioingeniería,253
2016,"Ingeniería, Industria y Construcción",Ingeniería Civil en Energía,52
2016,"Ingeniería, Industria y Construcción",Ingeniería Civil en Geografía,133
2016,"Ingeniería, Industria y Construcción",Ingeniería Civil en Industrias Forestales,76
2016,"Ingeniería, Industria y Construcción",Ingeniería Civil en Materiales,157
2016,"Ingeniería, Industria y Construcción",Ingeniería Civil en Minas,5973
2016,"Ingeniería, Industria y Construcción",Ingeniería Civil en Obras Civiles,2799
2016,"Ingeniería, Industria y Construcción",Ingeniería Civil en Sonido y Acústica,115
2016,"Ingeniería, Industria y Construcción",Ingeniería Civil en Telemática,225
2016,"Ingeniería, Industria y Construcción",Ingeniería Civil Industrial,27462
2016,"Ingeniería, Industria y Construcción",Ingeniería Civil Mecánica,4277
2016,"Ingeniería, Industria y Construcción",Ingeniería Civil Metalúrgica,2472
2016,"Ingeniería, Industria y Construcción",Ingeniería Civil Química,2477
2016,"Ingeniería, Industria y Construcción","Ingeniería Civil, plan común y licenciatura en Ciencias de la Ingeniería",15271
2016,"Ingeniería, Industria y Construcción",Ingeniería en Alimentos,1144
2016,"Ingeniería, Industria y Construcción","Ingeniería en Automatización, Instrumentación y Control",2999
2016,"Ingeniería, Industria y Construcción",Ingeniería en Biotecnología y Bioingeniería,1854
2016,"Ingeniería, Industria y Construcción",Ingeniería en Construcción,13505
2016,"Ingeniería, Industria y Construcción",Ingeniería en Electricidad,6527
2016,"Ingeniería, Industria y Construcción",Ingeniería en Electrónica,1333
2016,"Ingeniería, Industria y Construcción",Ingeniería en Energía,54
2016,"Ingeniería, Industria y Construcción",Ingeniería en Geomensura y Cartografía,91
2016,"Ingeniería, Industria y Construcción",Ingeniería en Industria de la Madera,6
2016,"Ingeniería, Industria y Construcción",Ingeniería en Mecánica Automotriz,11924
2016,"Ingeniería, Industria y Construcción",Ingeniería en Mecatrónica,204
2016,"Ingeniería, Industria y Construcción",Ingeniería en Medio Ambiente,2137
2016,"Ingeniería, Industria y Construcción",Ingeniería en Metalurgia,1018
2016,"Ingeniería, Industria y Construcción",Ingeniería en Minas,5955
2016,"Ingeniería, Industria y Construcción",Ingeniería en Proyectos Estructurales,72
2016,"Ingeniería, Industria y Construcción",Ingeniería en Química,1268
2016,"Ingeniería, Industria y Construcción",Ingeniería en Refrigeración y Climatización,431
2016,"Ingeniería, Industria y Construcción",Ingeniería en Sonido,1023
2016,"Ingeniería, Industria y Construcción",Ingeniería en Telecomunicaciones,1512
2016,"Ingeniería, Industria y Construcción",Ingeniería Industrial,8126
2016,"Ingeniería, Industria y Construcción",Ingeniería Mecánica,6721
2016,"Ingeniería, Industria y Construcción",Ingeniería Naval,244
2016,"Ingeniería, Industria y Construcción",Magister en Arte y Arquitectura,389
2016,"Ingeniería, Industria y Construcción",Magister en Tecnología,3081
2016,"Ingeniería, Industria y Construcción",Otras Ingenierías,300
2016,"Ingeniería, Industria y Construcción",Otras Ingenierías Civiles,1334
2016,"Ingeniería, Industria y Construcción",Otros Profesionales de Arte y Arquitectura,3
2016,"Ingeniería, Industria y Construcción",Otros Profesionales de Tecnología,1055
2016,"Ingeniería, Industria y Construcción",Otros Técnicos de Arte y Arquitectura,2
2016,"Ingeniería, Industria y Construcción",Otros Técnicos de Tecnología,94
2016,"Ingeniería, Industria y Construcción",Paisajismo,85
2016,"Ingeniería, Industria y Construcción",Postítulo en Arte y Arquitectura,10
2016,"Ingeniería, Industria y Construcción",Postítulo en Tecnología,554
2016,"Ingeniería, Industria y Construcción",Química Industrial,265
2016,"Ingeniería, Industria y Construcción",Técnico en Agroindustria,103
2016,"Ingeniería, Industria y Construcción",Técnico en Alimentos,935
2016,"Ingeniería, Industria y Construcción",Técnico en Biotecnología Industrial,35
2016,"Ingeniería, Industria y Construcción",Técnico en Construcción y Obras Civiles,16681
2016,"Ingeniería, Industria y Construcción",Técnico en Dibujo Arquitectónico,1764
2016,"Ingeniería, Industria y Construcción",Técnico en Dibujo Técnico,215
2016,"Ingeniería, Industria y Construcción",Técnico en Diseño de Áreas Verdes y Paisajismo,182
2016,"Ingeniería, Industria y Construcción",Técnico en Diseño Industrial,62
2016,"Ingeniería, Industria y Construcción",Técnico en Electricidad y Electricidad Industrial,11111
2016,"Ingeniería, Industria y Construcción",Técnico en Electromecánica,1738
2016,"Ingeniería, Industria y Construcción",Técnico en Electrónica y Electrónica Industrial,1008
2016,"Ingeniería, Industria y Construcción",Técnico en Energía,462
2016,"Ingeniería, Industria y Construcción",Técnico en Industria Forestal o de la Madera,16
2016,"Ingeniería, Industria y Construcción","Técnico en Instrumentación, Automatización y Control Industrial",4930
2016,"Ingeniería, Industria y Construcción",Técnico en Mantenimiento Industrial,6826
2016,"Ingeniería, Industria y Construcción",Técnico en Matriceria,12
2016,"Ingeniería, Industria y Construcción",Técnico en Mecánica Automotriz,14109
2016,"Ingeniería, Industria y Construcción",Técnico en Mecánica Industrial,2047
2016,"Ingeniería, Industria y Construcción",Técnico en Mecatrónica,62
2016,"Ingeniería, Industria y Construcción",Técnico en Medio Ambiente (Control y Gestión),161
2016,"Ingeniería, Industria y Construcción",Técnico en Metalurgia,545
2016,"Ingeniería, Industria y Construcción",Técnico en Minería,7968
2016,"Ingeniería, Industria y Construcción",Técnico en Procesos Industriales,513
2016,"Ingeniería, Industria y Construcción",Técnico en Proyecto y Diseño Mecánico,86
2016,"Ingeniería, Industria y Construcción",Técnico en Proyectos de Ingeniería,80
2016,"Ingeniería, Industria y Construcción",Técnico en Refrigeración y Climatización,440
2016,"Ingeniería, Industria y Construcción",Técnico en Telecomunicaciones,2340
2016,"Ingeniería, Industria y Construcción",Técnico en Topografía,3763
2016,"Ingeniería, Industria y Construcción",Técnico en Vitivinicultura y/o Enología,102
2016,Salud y Bienestar,Bachillerato y/o Licenciatura en Salud,779
2016,Salud y Bienestar,Doctorado en Ciencias Sociales,1
2016,Salud y Bienestar,Doctorado en Salud,431
2016,Salud y Bienestar,Enfermería,41099
2016,Salud y Bienestar,Fonoaudiología,12812
2016,Salud y Bienestar,Kinesiología,22436
2016,Salud y Bienestar,Magister en Ciencias Sociales,280
2016,Salud y Bienestar,Magister en Salud,2799
2016,Salud y Bienestar,Medicina,14498
2016,Salud y Bienestar,Naturopatía,255
2016,Salud y Bienestar,Nutrición y Dietética,15960
2016,Salud y Bienestar,Obstetricia y Puericultura,7090
2016,Salud y Bienestar,Odontología,14688
2016,Salud y Bienestar,Orientación Familiar y Relaciones Humanas,204
2016,Salud y Bienestar,Otros Profesionales de Salud,94
2016,Salud y Bienestar,Otros Técnicos de Ciencias Sociales,849
2016,Salud y Bienestar,Otros Técnicos de Salud,489
2016,Salud y Bienestar,Postítulo en Ciencias Sociales,464
2016,Salud y Bienestar,Postítulo en Salud,7487
2016,Salud y Bienestar,Química y Farmacia,4516
2016,Salud y Bienestar,Técnico Dental y Asistente de Odontología,6782
2016,Salud y Bienestar,Técnico en Arsenaleria Quirúrgica,20
2016,Salud y Bienestar,Técnico en Enfermería,50736
2016,Salud y Bienestar,Técnico en Farmacia,564
2016,Salud y Bienestar,Técnico en Laboratorio Clínico,2657
2016,Salud y Bienestar,Técnico en Masoterapia,2273
2016,Salud y Bienestar,Técnico en Nutrición y Dietética,855
2016,Salud y Bienestar,Técnico en Óptica,54
2016,Salud y Bienestar,Técnico en Podología,1498
2016,Salud y Bienestar,Técnico en Prevención y Rehabilitación,400
2016,Salud y Bienestar,Técnico en Radiología y Radioterapia,690
2016,Salud y Bienestar,Técnico en Servicio Social,10150
2016,Salud y Bienestar,Técnico en Terapias Naturales y Naturopatía,912
2016,Salud y Bienestar,Técnico Laboratorista Dental,1091
2016,Salud y Bienestar,Tecnología Médica,11278
2016,Salud y Bienestar,Terapia Ocupacional,10139
2016,Salud y Bienestar,Trabajo Social,25507
2016,Servicios,Administración Gastronómica,4543
2016,Servicios,Administración Turística y Hotelera,5377
2016,Servicios,Ingeniería en Prevención de Riesgos,32118
2016,Servicios,Ingeniería en Seguridad Privada,1403
2016,Servicios,Ingeniería en Transporte y Tránsito,266
2016,Servicios,Ingeniería Marina y Marítimo Portuaria,432
2016,Servicios,Magister en Administración y Comercio,21
2016,Servicios,Magister en Educación,469
2016,Servicios,Magister en Tecnología,95
2016,Servicios,Otras Ingenierías,144
2016,Servicios,Otras Ingenierías Civiles,217
2016,Servicios,Otros Profesionales de Arte y Arquitectura,516
2016,Servicios,Otros Profesionales de Educación,1156
2016,Servicios,Otros Profesionales de Tecnología,113
2016,Servicios,Otros Técnicos de Tecnología,32
2016,Servicios,Postítulo en Administración y Comercio,125
2016,Servicios,Postítulo en Educación,67
2016,Servicios,Postítulo en Tecnología,283
2016,Servicios,"Técnico en Deporte, Recreación y Preparación Física",10780
2016,Servicios,Técnico en Gastronomía y Cocina,11587
2016,Servicios,Técnico en Peluquería y Estética,2883
2016,Servicios,Técnico en Prevención de Riesgos,27991
2016,Servicios,Técnico en Seguridad Privada,205
2016,Servicios,Técnico en Transporte Marítimo y Puertos,216
2016,Servicios,Técnico en Turismo y Hotelería,6033
2016,Tecnología de la Información y la Comunicación (TIC),Doctorado en Tecnología,79
2016,Tecnología de la Información y la Comunicación (TIC),Ingeniería Civil en Computación e Informática,7830
2016,Tecnología de la Información y la Comunicación (TIC),Ingeniería en Computación e Informática,18179
2016,Tecnología de la Información y la Comunicación (TIC),Ingeniería en Conectividad y Redes,2342
2016,Tecnología de la Información y la Comunicación (TIC),Magister en Tecnología,590
2016,Tecnología de la Información y la Comunicación (TIC),Otras Ingenierías,89
2016,Tecnología de la Información y la Comunicación (TIC),Otras Ingenierías Civiles,52
2016,Tecnología de la Información y la Comunicación (TIC),Otros Profesionales de Tecnología,663
2016,Tecnología de la Información y la Comunicación (TIC),Postítulo en Tecnología,215
2016,Tecnología de la Información y la Comunicación (TIC),Técnico en Administración de Redes y Soporte,3506
2016,Tecnología de la Información y la Comunicación (TIC),Técnico en Análisis de Sistemas,301
2016,Tecnología de la Información y la Comunicación (TIC),Técnico en Computación e Informática,11984
2016,Tecnología de la Información y la Comunicación (TIC),"Técnico en Producción, Desarrollo y Diseño Web",183
2017,Administración de Empresas y Derecho,Administración de Empresas e Ing. Asociadas,36603
2017,Administración de Empresas y Derecho,Administración Pública,5418
2017,Administración de Empresas y Derecho,Bachillerato y/o Licenciatura en Administración y Comercio,16
2017,Administración de Empresas y Derecho,Bachillerato y/o Licenciatura en Derecho,59
2017,Administración de Empresas y Derecho,Contador Auditor,23946
2017,Administración de Empresas y Derecho,Derecho,39424
2017,Administración de Empresas y Derecho,Doctorado en Administración y Comercio,81
2017,Administración de Empresas y Derecho,Doctorado en Derecho,168
2017,Administración de Empresas y Derecho,Ingeniería Comercial,44662
2017,Administración de Empresas y Derecho,Ingeniería en Administración Jurídica,1
2017,Administración de Empresas y Derecho,Ingeniería en Comercio Exterior,2611
2017,Administración de Empresas y Derecho,Ingeniería en Control de Gestión,3253
2017,Administración de Empresas y Derecho,Ingeniería en Finanzas,1497
2017,Administración de Empresas y Derecho,Ingeniería en Gestión Pública,1481
2017,Administración de Empresas y Derecho,Ingeniería en Gestión y Control de Calidad,100
2017,Administración de Empresas y Derecho,Ingeniería en Logística,1425
2017,Administración de Empresas y Derecho,Ingeniería en Marketing,2326
2017,Administración de Empresas y Derecho,Ingeniería en Recursos Humanos,6475
2017,Administración de Empresas y Derecho,Magister en Administración y Comercio,12559
2017,Administración de Empresas y Derecho,Magister en Ciencias Sociales,355
2017,Administración de Empresas y Derecho,Magister en Derecho,2714
2017,Administración de Empresas y Derecho,Otros Profesionales de Administración y Comercio,69
2017,Administración de Empresas y Derecho,Otros Profesionales de Ciencias Sociales,5
2017,Administración de Empresas y Derecho,Otros Técnicos de Administración y Comercio,379
2017,Administración de Empresas y Derecho,Otros Técnicos de Ciencias Sociales,3
2017,Administración de Empresas y Derecho,Postítulo en Administración y Comercio,3577
2017,Administración de Empresas y Derecho,Postítulo en Ciencias Sociales,115
2017,Administración de Empresas y Derecho,Postítulo en Derecho,730
2017,Administración de Empresas y Derecho,Publicidad,3872
2017,Administración de Empresas y Derecho,Relaciones Públicas,1721
2017,Administración de Empresas y Derecho,Secretariado Bilingüe,1006
2017,Administración de Empresas y Derecho,Secretariado Computacional,35
2017,Administración de Empresas y Derecho,Secretariado Ejecutivo,279
2017,Administración de Empresas y Derecho,Técnico Agente o Visitador Médico,276
2017,Administración de Empresas y Derecho,Técnico en Administración de Empresas,40230
2017,Administración de Empresas y Derecho,Técnico en Administración de Recursos Humanos y Personal,8072
2017,Administración de Empresas y Derecho,Técnico en Administración de Ventas,726
2017,Administración de Empresas y Derecho,Técnico en Administración en Marketing,196
2017,Administración de Empresas y Derecho,Técnico en Administración Financiera y Finanzas,4458
2017,Administración de Empresas y Derecho,Técnico en Administración Pública o Municipal,1526
2017,Administración de Empresas y Derecho,Técnico en Comercio Exterior,2899
2017,Administración de Empresas y Derecho,Técnico en Contabilidad Computacional,3
2017,Administración de Empresas y Derecho,Técnico en Contabilidad General,9972
2017,Administración de Empresas y Derecho,Técnico en Contabilidad Tributaria,30
2017,Administración de Empresas y Derecho,Técnico en Gestión y Control de Calidad,174
2017,Administración de Empresas y Derecho,Técnico en Logística,5442
2017,Administración de Empresas y Derecho,Técnico en Producción de Eventos,711
2017,Administración de Empresas y Derecho,Técnico en Publicidad,146
2017,Administración de Empresas y Derecho,Técnico en Relaciones Públicas,1039
2017,Administración de Empresas y Derecho,Técnico Jurídico,2762
2017,"Agricultura, Silvicultura, Pesca y Veterinaria",Agronomía,6827
2017,"Agricultura, Silvicultura, Pesca y Veterinaria",Doctorado en Agropecuaria,359
2017,"Agricultura, Silvicultura, Pesca y Veterinaria",Ingeniería Agrícola,2750
2017,"Agricultura, Silvicultura, Pesca y Veterinaria",Ingeniería de Ejecución Forestal,1
2017,"Agricultura, Silvicultura, Pesca y Veterinaria",Ingeniería en Acuicultura y Pesca,179
2017,"Agricultura, Silvicultura, Pesca y Veterinaria",Ingeniería en Vitivinicultura,14
2017,"Agricultura, Silvicultura, Pesca y Veterinaria",Ingeniería Forestal,668
2017,"Agricultura, Silvicultura, Pesca y Veterinaria",Magister en Administración y Comercio,58
2017,"Agricultura, Silvicultura, Pesca y Veterinaria",Magister en Agropecuaria,490
2017,"Agricultura, Silvicultura, Pesca y Veterinaria",Medicina Veterinaria,9127
2017,"Agricultura, Silvicultura, Pesca y Veterinaria",Postítulo en Agropecuaria,105
2017,"Agricultura, Silvicultura, Pesca y Veterinaria",Técnico Agropecuario,5402
2017,"Agricultura, Silvicultura, Pesca y Veterinaria",Técnico en Acuicultura y Pesca,258
2017,"Agricultura, Silvicultura, Pesca y Veterinaria",Técnico en Vitivinicultura y/o Enología,98
2017,"Agricultura, Silvicultura, Pesca y Veterinaria",Técnico Veterinario,1906
2017,Artes y Humanidades,Actuación y Teatro,1974
2017,Artes y Humanidades,Animación Digital,1232
2017,Artes y Humanidades,Arqueología,213
2017,Artes y Humanidades,Artes y Licenciatura en Artes,2781
2017,Artes y Humanidades,Bachillerato y/o Licenciatura en Humanidades,819
2017,Artes y Humanidades,Comunicación Audiovisual y/o Multimedia,2889
2017,Artes y Humanidades,Diseño,4279
2017,Artes y Humanidades,Diseño de Ambientes e Interiores,754
2017,Artes y Humanidades,Diseño de Vestuario,1704
2017,Artes y Humanidades,Diseño Gráfico,7083
2017,Artes y Humanidades,Diseño Teatral,99
2017,Artes y Humanidades,Doctorado en Arte y Arquitectura,23
2017,Artes y Humanidades,Doctorado en Ciencias Sociales,106
2017,Artes y Humanidades,Doctorado en Humanidades,617
2017,Artes y Humanidades,Filosofía,534
2017,Artes y Humanidades,Fotografía,581
2017,Artes y Humanidades,Historia,1710
2017,Artes y Humanidades,Licenciatura en Letras y Literatura,2031
2017,Artes y Humanidades,Magister en Arte y Arquitectura,731
2017,Artes y Humanidades,Magister en Ciencias Sociales,360
2017,Artes y Humanidades,Magister en Humanidades,1008
2017,Artes y Humanidades,"Música, Canto o Danza",4066
2017,Artes y Humanidades,Otros Profesionales de Arte y Arquitectura,428
2017,Artes y Humanidades,Otros Profesionales de Humanidades,153
2017,Artes y Humanidades,Otros Técnicos de Arte y Arquitectura,980
2017,Artes y Humanidades,Otros Técnicos de Humanidades,13
2017,Artes y Humanidades,Postítulo en Arte y Arquitectura,214
2017,Artes y Humanidades,Postítulo en Ciencias Sociales,47
2017,Artes y Humanidades,Postítulo en Humanidades,456
2017,Artes y Humanidades,Realizador de Cine y Televisión,1144
2017,Artes y Humanidades,Técnico en Ambientes e Interiores,180
2017,Artes y Humanidades,Técnico en Comunicación Audiovisual,1546
2017,Artes y Humanidades,Técnico en Diseño de Vestuario,204
2017,Artes y Humanidades,Técnico en Diseño Gráfico,1385
2017,Artes y Humanidades,Técnico en Fotografía,613
2017,Artes y Humanidades,Técnico en Producción de Videojuegos,38
2017,Artes y Humanidades,Técnico en Producción Gráfica y Multimedia,840
2017,Artes y Humanidades,Técnico en Sonido,1804
2017,Artes y Humanidades,Técnico en Traducción e Interpretariado,1028
2017,Artes y Humanidades,Traducción e Interpretación,4167
2017,"Ciencias naturales, matemáticas y estadística",Analista Químico,397
2017,"Ciencias naturales, matemáticas y estadística",Bachillerato y/o Licenciatura en Ciencias Básicas,4344
2017,"Ciencias naturales, matemáticas y estadística",Biología,929
2017,"Ciencias naturales, matemáticas y estadística",Biología Marina y Ecología Marina,1102
2017,"Ciencias naturales, matemáticas y estadística",Bioquímica,1997
2017,"Ciencias naturales, matemáticas y estadística",Biotecnología,396
2017,"Ciencias naturales, matemáticas y estadística",Doctorado en Ciencias Básicas,1938
2017,"Ciencias naturales, matemáticas y estadística",Doctorado en Tecnología,169
2017,"Ciencias naturales, matemáticas y estadística",Física y Astronomía,1473
2017,"Ciencias naturales, matemáticas y estadística",Geología,3747
2017,"Ciencias naturales, matemáticas y estadística",Ingeniería Civil en Geomática y Geomensura,66
2017,"Ciencias naturales, matemáticas y estadística",Ingeniería Civil Matemática y Estadística,512
2017,"Ciencias naturales, matemáticas y estadística",Ingeniería en Geomensura y Cartografía,1545
2017,"Ciencias naturales, matemáticas y estadística",Ingeniería en Matemática y Estadística,678
2017,"Ciencias naturales, matemáticas y estadística",Ingeniería en Recursos Renovables,1368
2017,"Ciencias naturales, matemáticas y estadística",Magister en Ciencias Básicas,1461
2017,"Ciencias naturales, matemáticas y estadística",Magister en Tecnología,413
2017,"Ciencias naturales, matemáticas y estadística",Matemática y/o Estadística,494
2017,"Ciencias naturales, matemáticas y estadística",Otras Ingenierías,238
2017,"Ciencias naturales, matemáticas y estadística",Otras Ingenierías Civiles,19
2017,"Ciencias naturales, matemáticas y estadística",Otros Profesionales de Ciencias Básicas,68
2017,"Ciencias naturales, matemáticas y estadística",Otros Técnicos de Ciencias Básicas,44
2017,"Ciencias naturales, matemáticas y estadística",Postítulo en Ciencias Básicas,46
2017,"Ciencias naturales, matemáticas y estadística",Postítulo en Tecnología,17
2017,"Ciencias naturales, matemáticas y estadística",Química Ambiental,296
2017,"Ciencias naturales, matemáticas y estadística","Química, Licenciado en Química",867
2017,"Ciencias naturales, matemáticas y estadística",Técnico en Geología,711
2017,"Ciencias naturales, matemáticas y estadística",Técnico en Geominería,286
2017,"Ciencias naturales, matemáticas y estadística",Técnico en Medio Ambiente (Control y Gestión),296
2017,"Ciencias naturales, matemáticas y estadística",Técnico en Química (Análisis e Industrial),1123
2017,"Ciencias Sociales, Periodismo e Información",Antropología,1976
2017,"Ciencias Sociales, Periodismo e Información",Bachillerato y/o Licenciatura en Ciencias Sociales,1272
2017,"Ciencias Sociales, Periodismo e Información",Bibliotecología,529
2017,"Ciencias Sociales, Periodismo e Información",Ciencias Políticas,1900
2017,"Ciencias Sociales, Periodismo e Información",Doctorado en Ciencias Sociales,508
2017,"Ciencias Sociales, Periodismo e Información",Geografía,1858
2017,"Ciencias Sociales, Periodismo e Información",Magister en Ciencias Sociales,5474
2017,"Ciencias Sociales, Periodismo e Información",Magister en Humanidades,12
2017,"Ciencias Sociales, Periodismo e Información",Otros Profesionales de Ciencias Sociales,244
2017,"Ciencias Sociales, Periodismo e Información",Otros Técnicos de Ciencias Sociales,22
2017,"Ciencias Sociales, Periodismo e Información",Periodismo,6994
2017,"Ciencias Sociales, Periodismo e Información",Postítulo en Ciencias Sociales,1294
2017,"Ciencias Sociales, Periodismo e Información",Postítulo en Humanidades,20
2017,"Ciencias Sociales, Periodismo e Información",Psicología,33331
2017,"Ciencias Sociales, Periodismo e Información",Sociología,3395
2017,"Ciencias Sociales, Periodismo e Información",Técnico en Bibliotecas y Centros de Documentación,265
2017,"Ciencias Sociales, Periodismo e Información",Técnico en Comunicación Social,51
2017,Educación,Bachillerato y/o Licenciatura en Educación,1010
2017,Educación,Doctorado en Educación,261
2017,Educación,Magister en Educación,9730
2017,Educación,Otros Técnicos de Educación,521
2017,Educación,Pedagogía en Artes y Música,3089
2017,Educación,Pedagogía en Ciencias,2882
2017,Educación,Pedagogía en Educación Básica,8563
2017,Educación,Pedagogía en Educación de Párvulos,11867
2017,Educación,Pedagogía en Educación Diferencial,16261
2017,Educación,Pedagogía en Educación Física,12298
2017,Educación,Pedagogía en Educación Media,231
2017,Educación,Pedagogía en Educación Técnico Profesional,191
2017,Educación,Pedagogía en Educación Tecnológica,7
2017,Educación,Pedagogía en Filosofía y Religión,1003
2017,Educación,"Pedagogía en Historia, Geografía y Ciencias Sociales",4008
2017,Educación,Pedagogía en Idiomas,8733
2017,Educación,"Pedagogía en Lenguaje, Comunicación y/o Castellano",3889
2017,Educación,Pedagogía en Matemáticas y Computación,3620
2017,Educación,Postítulo en Educación,6156
2017,Educación,Programas de Formación Pedagógica,933
2017,Educación,Psicopedagogía,13307
2017,Educación,Técnico Asistente del Educador de Párvulos,23655
2017,Educación,Técnico Asistente del Educador Diferencial,8541
2017,"Ingeniería, Industria y Construcción",Arquitectura,12511
2017,"Ingeniería, Industria y Construcción",Bachillerato y/o Licenciatura en Tecnología,481
2017,"Ingeniería, Industria y Construcción",Construcción Civil,12521
2017,"Ingeniería, Industria y Construcción",Diseño Industrial,1604
2017,"Ingeniería, Industria y Construcción",Doctorado en Arte y Arquitectura,72
2017,"Ingeniería, Industria y Construcción",Doctorado en Tecnología,727
2017,"Ingeniería, Industria y Construcción",Ingeniería Agroindustrial,217
2017,"Ingeniería, Industria y Construcción",Ingeniería Civil Agrícola,157
2017,"Ingeniería, Industria y Construcción",Ingeniería Civil Ambiental,938
2017,"Ingeniería, Industria y Construcción",Ingeniería Civil Bioquímica,279
2017,"Ingeniería, Industria y Construcción",Ingeniería Civil Eléctrica,3186
2017,"Ingeniería, Industria y Construcción",Ingeniería Civil Electrónica,1922
2017,"Ingeniería, Industria y Construcción",Ingeniería Civil en Agroindustrias,1
2017,"Ingeniería, Industria y Construcción",Ingeniería Civil en Biomédica,533
2017,"Ingeniería, Industria y Construcción",Ingeniería Civil en Biotecnología y/o Bioingeniería,209
2017,"Ingeniería, Industria y Construcción",Ingeniería Civil en Energía,46
2017,"Ingeniería, Industria y Construcción",Ingeniería Civil en Geografía,139
2017,"Ingeniería, Industria y Construcción",Ingeniería Civil en Industrias Forestales,84
2017,"Ingeniería, Industria y Construcción",Ingeniería Civil en Materiales,141
2017,"Ingeniería, Industria y Construcción",Ingeniería Civil en Minas,5656
2017,"Ingeniería, Industria y Construcción",Ingeniería Civil en Obras Civiles,2948
2017,"Ingeniería, Industria y Construcción",Ingeniería Civil en Sonido y Acústica,105
2017,"Ingeniería, Industria y Construcción",Ingeniería Civil en Telemática,245
2017,"Ingeniería, Industria y Construcción",Ingeniería Civil Industrial,27600
2017,"Ingeniería, Industria y Construcción",Ingeniería Civil Mecánica,4456
2017,"Ingeniería, Industria y Construcción",Ingeniería Civil Metalúrgica,2358
2017,"Ingeniería, Industria y Construcción",Ingeniería Civil Química,2550
2017,"Ingeniería, Industria y Construcción","Ingeniería Civil, plan común y licenciatura en Ciencias de la Ingeniería",16234
2017,"Ingeniería, Industria y Construcción",Ingeniería en Alimentos,1105
2017,"Ingeniería, Industria y Construcción","Ingeniería en Automatización, Instrumentación y Control",3095
2017,"Ingeniería, Industria y Construcción",Ingeniería en Biotecnología y Bioingeniería,1902
2017,"Ingeniería, Industria y Construcción",Ingeniería en Construcción,14085
2017,"Ingeniería, Industria y Construcción",Ingeniería en Electricidad,7228
2017,"Ingeniería, Industria y Construcción",Ingeniería en Electrónica,1193
2017,"Ingeniería, Industria y Construcción",Ingeniería en Energía,126
2017,"Ingeniería, Industria y Construcción",Ingeniería en Geomensura y Cartografía,76
2017,"Ingeniería, Industria y Construcción",Ingeniería en Industria de la Madera,7
2017,"Ingeniería, Industria y Construcción",Ingeniería en Mecánica Automotriz,13450
2017,"Ingeniería, Industria y Construcción",Ingeniería en Mecatrónica,49
2017,"Ingeniería, Industria y Construcción",Ingeniería en Medio Ambiente,2304
2017,"Ingeniería, Industria y Construcción",Ingeniería en Metalurgia,985
2017,"Ingeniería, Industria y Construcción",Ingeniería en Minas,5889
2017,"Ingeniería, Industria y Construcción",Ingeniería en Proyectos Estructurales,92
2017,"Ingeniería, Industria y Construcción",Ingeniería en Química,1270
2017,"Ingeniería, Industria y Construcción",Ingeniería en Refrigeración y Climatización,511
2017,"Ingeniería, Industria y Construcción",Ingeniería en Sonido,1120
2017,"Ingeniería, Industria y Construcción",Ingeniería en Telecomunicaciones,1622
2017,"Ingeniería, Industria y Construcción",Ingeniería Industrial,8985
2017,"Ingeniería, Industria y Construcción",Ingeniería Mecánica,7011
2017,"Ingeniería, Industria y Construcción",Ingeniería Naval,247
2017,"Ingeniería, Industria y Construcción",Magister en Arte y Arquitectura,401
2017,"Ingeniería, Industria y Construcción",Magister en Tecnología,3001
2017,"Ingeniería, Industria y Construcción",Otras Ingenierías,323
2017,"Ingeniería, Industria y Construcción",Otras Ingenierías Civiles,1520
2017,"Ingeniería, Industria y Construcción",Otros Profesionales de Arte y Arquitectura,3
2017,"Ingeniería, Industria y Construcción",Otros Profesionales de Tecnología,1052
2017,"Ingeniería, Industria y Construcción",Otros Técnicos de Tecnología,63
2017,"Ingeniería, Industria y Construcción",Paisajismo,77
2017,"Ingeniería, Industria y Construcción",Postítulo en Arte y Arquitectura,7
2017,"Ingeniería, Industria y Construcción",Postítulo en Tecnología,384
2017,"Ingeniería, Industria y Construcción",Química Industrial,263
2017,"Ingeniería, Industria y Construcción",Técnico en Agroindustria,45
2017,"Ingeniería, Industria y Construcción",Técnico en Alimentos,852
2017,"Ingeniería, Industria y Construcción",Técnico en Biotecnología Industrial,6
2017,"Ingeniería, Industria y Construcción",Técnico en Construcción y Obras Civiles,16941
2017,"Ingeniería, Industria y Construcción",Técnico en Dibujo Arquitectónico,1640
2017,"Ingeniería, Industria y Construcción",Técnico en Dibujo Técnico,193
2017,"Ingeniería, Industria y Construcción",Técnico en Diseño de Áreas Verdes y Paisajismo,178
2017,"Ingeniería, Industria y Construcción",Técnico en Diseño Industrial,64
2017,"Ingeniería, Industria y Construcción",Técnico en Electricidad y Electricidad Industrial,11359
2017,"Ingeniería, Industria y Construcción",Técnico en Electromecánica,1641
2017,"Ingeniería, Industria y Construcción",Técnico en Electrónica y Electrónica Industrial,889
2017,"Ingeniería, Industria y Construcción",Técnico en Energía,684
2017,"Ingeniería, Industria y Construcción",Técnico en Industria Forestal o de la Madera,33
2017,"Ingeniería, Industria y Construcción","Técnico en Instrumentación, Automatización y Control Industrial",5421
2017,"Ingeniería, Industria y Construcción",Técnico en Mantenimiento Industrial,6836
2017,"Ingeniería, Industria y Construcción",Técnico en Mecánica Automotriz,14348
2017,"Ingeniería, Industria y Construcción",Técnico en Mecánica Industrial,1985
2017,"Ingeniería, Industria y Construcción",Técnico en Mecatrónica,73
2017,"Ingeniería, Industria y Construcción",Técnico en Medio Ambiente (Control y Gestión),150
2017,"Ingeniería, Industria y Construcción",Técnico en Metalurgia,695
2017,"Ingeniería, Industria y Construcción",Técnico en Minería,5840
2017,"Ingeniería, Industria y Construcción",Técnico en Procesos Industriales,479
2017,"Ingeniería, Industria y Construcción",Técnico en Proyecto y Diseño Mecánico,76
2017,"Ingeniería, Industria y Construcción",Técnico en Proyectos de Ingeniería,64
2017,"Ingeniería, Industria y Construcción",Técnico en Refrigeración y Climatización,415
2017,"Ingeniería, Industria y Construcción",Técnico en Telecomunicaciones,2135
2017,"Ingeniería, Industria y Construcción",Técnico en Topografía,3882
2017,"Ingeniería, Industria y Construcción",Técnico en Vitivinicultura y/o Enología,100
2017,Salud y Bienestar,Bachillerato y/o Licenciatura en Salud,786
2017,Salud y Bienestar,Doctorado en Ciencias Sociales,1
2017,Salud y Bienestar,Doctorado en Salud,416
2017,Salud y Bienestar,Enfermería,40377
2017,Salud y Bienestar,Fonoaudiología,12818
2017,Salud y Bienestar,Kinesiología,21661
2017,Salud y Bienestar,Magister en Ciencias Sociales,300
2017,Salud y Bienestar,Magister en Salud,2863
2017,Salud y Bienestar,Medicina,15025
2017,Salud y Bienestar,Naturopatía,320
2017,Salud y Bienestar,Nutrición y Dietética,16159
2017,Salud y Bienestar,Obstetricia y Puericultura,7938
2017,Salud y Bienestar,Odontología,14780
2017,Salud y Bienestar,Orientación Familiar y Relaciones Humanas,130
2017,Salud y Bienestar,Otros Profesionales de Salud,120
2017,Salud y Bienestar,Otros Técnicos de Ciencias Sociales,605
2017,Salud y Bienestar,Otros Técnicos de Salud,505
2017,Salud y Bienestar,Postítulo en Ciencias Sociales,432
2017,Salud y Bienestar,Postítulo en Salud,7982
2017,Salud y Bienestar,Química y Farmacia,4808
2017,Salud y Bienestar,Técnico Dental y Asistente de Odontología,7089
2017,Salud y Bienestar,Técnico en Enfermería,48488
2017,Salud y Bienestar,Técnico en Farmacia,711
2017,Salud y Bienestar,Técnico en Laboratorio Clínico,2521
2017,Salud y Bienestar,Técnico en Masoterapia,2120
2017,Salud y Bienestar,Técnico en Nutrición y Dietética,773
2017,Salud y Bienestar,Técnico en Óptica,51
2017,Salud y Bienestar,Técnico en Podología,1488
2017,Salud y Bienestar,Técnico en Prevención y Rehabilitación,590
2017,Salud y Bienestar,Técnico en Radiología y Radioterapia,662
2017,Salud y Bienestar,Técnico en Servicio Social,12169
2017,Salud y Bienestar,Técnico en Terapias Naturales y Naturopatía,914
2017,Salud y Bienestar,Técnico Laboratorista Dental,1097
2017,Salud y Bienestar,Tecnología Médica,12081
2017,Salud y Bienestar,Terapia Ocupacional,11291
2017,Salud y Bienestar,Trabajo Social,25178
2017,Servicios,Administración Gastronómica,5271
2017,Servicios,Administración Turística y Hotelera,5808
2017,Servicios,Doctorado en Educación,6
2017,Servicios,Ingeniería en Prevención de Riesgos,25482
2017,Servicios,Ingeniería en Seguridad Privada,1610
2017,Servicios,Ingeniería en Transporte y Tránsito,261
2017,Servicios,Ingeniería Marina y Marítimo Portuaria,458
2017,Servicios,Magister en Administración y Comercio,35
2017,Servicios,Magister en Educación,543
2017,Servicios,Magister en Tecnología,116
2017,Servicios,Otras Ingenierías,156
2017,Servicios,Otras Ingenierías Civiles,183
2017,Servicios,Otros Profesionales de Arte y Arquitectura,582
2017,Servicios,Otros Profesionales de Educación,1324
2017,Servicios,Otros Profesionales de Tecnología,79
2017,Servicios,Otros Técnicos de Tecnología,42
2017,Servicios,Postítulo en Administración y Comercio,171
2017,Servicios,Postítulo en Educación,33
2017,Servicios,Postítulo en Tecnología,347
2017,Servicios,"Técnico en Deporte, Recreación y Preparación Física",11100
2017,Servicios,Técnico en Gastronomía y Cocina,11294
2017,Servicios,Técnico en Peluquería y Estética,3312
2017,Servicios,Técnico en Prevención de Riesgos,16294
2017,Servicios,Técnico en Seguridad Privada,21
2017,Servicios,Técnico en Transporte Marítimo y Puertos,253
2017,Servicios,Técnico en Turismo y Hotelería,6413
2017,Tecnología de la Información y la Comunicación (TIC),Bachillerato y/o Licenciatura en Tecnología,2
2017,Tecnología de la Información y la Comunicación (TIC),Doctorado en Tecnología,84
2017,Tecnología de la Información y la Comunicación (TIC),Ingeniería Civil en Computación e Informática,8096
2017,Tecnología de la Información y la Comunicación (TIC),Ingeniería en Computación e Informática,18273
2017,Tecnología de la Información y la Comunicación (TIC),Ingeniería en Conectividad y Redes,2335
2017,Tecnología de la Información y la Comunicación (TIC),Magister en Tecnología,538
2017,Tecnología de la Información y la Comunicación (TIC),Otras Ingenierías,49
2017,Tecnología de la Información y la Comunicación (TIC),Otras Ingenierías Civiles,90
2017,Tecnología de la Información y la Comunicación (TIC),Otros Profesionales de Tecnología,683
2017,Tecnología de la Información y la Comunicación (TIC),Postítulo en Tecnología,170
2017,Tecnología de la Información y la Comunicación (TIC),Técnico en Administración de Redes y Soporte,3066
2017,Tecnología de la Información y la Comunicación (TIC),Técnico en Análisis de Sistemas,251
2017,Tecnología de la Información y la Comunicación (TIC),Técnico en Computación e Informática,12022
2017,Tecnología de la Información y la Comunicación (TIC),"Técnico en Producción, Desarrollo y Diseño Web",157
2018,Administración de Empresas y Derecho,Administración de Empresas e Ing. Asociadas,37308
2018,Administración de Empresas y Derecho,Administración Pública,6333
2018,Administración de Empresas y Derecho,Bachillerato y/o Licenciatura en Administración y Comercio,26
2018,Administración de Empresas y Derecho,Bachillerato y/o Licenciatura en Ciencias Sociales,124
2018,Administración de Empresas y Derecho,Bachillerato y/o Licenciatura en Derecho,34
2018,Administración de Empresas y Derecho,Contador Auditor,25057
2018,Administración de Empresas y Derecho,Derecho,40021
2018,Administración de Empresas y Derecho,Doctorado en Administración y Comercio,106
2018,Administración de Empresas y Derecho,Doctorado en Derecho,170
2018,Administración de Empresas y Derecho,Ingeniería Comercial,46137
2018,Administración de Empresas y Derecho,Ingeniería en Comercio Exterior,2973
2018,Administración de Empresas y Derecho,Ingeniería en Control de Gestión,3421
2018,Administración de Empresas y Derecho,Ingeniería en Finanzas,1886
2018,Administración de Empresas y Derecho,Ingeniería en Gestión Pública,1670
2018,Administración de Empresas y Derecho,Ingeniería en Gestión y Control de Calidad,90
2018,Administración de Empresas y Derecho,Ingeniería en Logística,1724
2018,Administración de Empresas y Derecho,Ingeniería en Marketing,2379
2018,Administración de Empresas y Derecho,Ingeniería en Recursos Humanos,6629
2018,Administración de Empresas y Derecho,Magister en Administración y Comercio,11606
2018,Administración de Empresas y Derecho,Magister en Ciencias Sociales,452
2018,Administración de Empresas y Derecho,Magister en Derecho,2649
2018,Administración de Empresas y Derecho,Otros Profesionales de Administración y Comercio,68
2018,Administración de Empresas y Derecho,Otros Técnicos de Administración y Comercio,478
2018,Administración de Empresas y Derecho,Otros Técnicos de Ciencias Sociales,55
2018,Administración de Empresas y Derecho,Postítulo en Administración y Comercio,5145
2018,Administración de Empresas y Derecho,Postítulo en Ciencias Sociales,110
2018,Administración de Empresas y Derecho,Postítulo en Derecho,1239
2018,Administración de Empresas y Derecho,Publicidad,3929
2018,Administración de Empresas y Derecho,Relaciones Públicas,1703
2018,Administración de Empresas y Derecho,Secretariado Bilingüe,691
2018,Administración de Empresas y Derecho,Secretariado Computacional,35
2018,Administración de Empresas y Derecho,Secretariado Ejecutivo,269
2018,Administración de Empresas y Derecho,Técnico Agente o Visitador Médico,201
2018,Administración de Empresas y Derecho,Técnico en Administración de Empresas,40451
2018,Administración de Empresas y Derecho,Técnico en Administración de Recursos Humanos y Personal,7234
2018,Administración de Empresas y Derecho,Técnico en Administración de Ventas,709
2018,Administración de Empresas y Derecho,Técnico en Administración en Marketing,199
2018,Administración de Empresas y Derecho,Técnico en Administración Financiera y Finanzas,3856
2018,Administración de Empresas y Derecho,Técnico en Administración Pública o Municipal,1728
2018,Administración de Empresas y Derecho,Técnico en Comercio Exterior,2751
2018,Administración de Empresas y Derecho,Técnico en Contabilidad Computacional,5
2018,Administración de Empresas y Derecho,Técnico en Contabilidad General,9852
2018,Administración de Empresas y Derecho,Técnico en Contabilidad Tributaria,51
2018,Administración de Empresas y Derecho,Técnico en Gestión y Control de Calidad,183
2018,Administración de Empresas y Derecho,Técnico en Logística,6617
2018,Administración de Empresas y Derecho,Técnico en Producción de Eventos,599
2018,Administración de Empresas y Derecho,Técnico en Publicidad,95
2018,Administración de Empresas y Derecho,Técnico en Relaciones Públicas,853
2018,Administración de Empresas y Derecho,Técnico Jurídico,2773
2018,"Agricultura, Silvicultura, Pesca y Veterinaria",Agronomía,6992
2018,"Agricultura, Silvicultura, Pesca y Veterinaria",Doctorado en Agropecuaria,362
2018,"Agricultura, Silvicultura, Pesca y Veterinaria",Ingeniería Agrícola,3162
2018,"Agricultura, Silvicultura, Pesca y Veterinaria",Ingeniería en Acuicultura y Pesca,117
2018,"Agricultura, Silvicultura, Pesca y Veterinaria",Ingeniería en Vitivinicultura,6
2018,"Agricultura, Silvicultura, Pesca y Veterinaria",Ingeniería Forestal,672
2018,"Agricultura, Silvicultura, Pesca y Veterinaria",Magister en Administración y Comercio,37
2018,"Agricultura, Silvicultura, Pesca y Veterinaria",Magister en Agropecuaria,496
2018,"Agricultura, Silvicultura, Pesca y Veterinaria",Medicina Veterinaria,9833
2018,"Agricultura, Silvicultura, Pesca y Veterinaria",Postítulo en Administración y Comercio,35
2018,"Agricultura, Silvicultura, Pesca y Veterinaria",Postítulo en Agropecuaria,120
2018,"Agricultura, Silvicultura, Pesca y Veterinaria",Técnico Agropecuario,5673
2018,"Agricultura, Silvicultura, Pesca y Veterinaria",Técnico en Acuicultura y Pesca,283
2018,"Agricultura, Silvicultura, Pesca y Veterinaria",Técnico en Vitivinicultura y/o Enología,98
2018,"Agricultura, Silvicultura, Pesca y Veterinaria",Técnico Veterinario,2149
2018,Artes y Humanidades,Actuación y Teatro,1918
2018,Artes y Humanidades,Animación Digital,1450
2018,Artes y Humanidades,Arqueología,230
2018,Artes y Humanidades,Artes y Licenciatura en Artes,2921
2018,Artes y Humanidades,Bachillerato y/o Licenciatura en Humanidades,774
2018,Artes y Humanidades,Comunicación Audiovisual y/o Multimedia,3104
2018,Artes y Humanidades,Diseño,4433
2018,Artes y Humanidades,Diseño de Ambientes e Interiores,758
2018,Artes y Humanidades,Diseño de Vestuario,1698
2018,Artes y Humanidades,Diseño Gráfico,7347
2018,Artes y Humanidades,Diseño Teatral,103
2018,Artes y Humanidades,Doctorado en Arte y Arquitectura,19
2018,Artes y Humanidades,Doctorado en Ciencias Sociales,126
2018,Artes y Humanidades,Doctorado en Humanidades,620
2018,Artes y Humanidades,Filosofía,549
2018,Artes y Humanidades,Fotografía,591
2018,Artes y Humanidades,Historia,1805
2018,Artes y Humanidades,Licenciatura en Letras y Literatura,2066
2018,Artes y Humanidades,Magister en Arte y Arquitectura,563
2018,Artes y Humanidades,Magister en Ciencias Sociales,322
2018,Artes y Humanidades,Magister en Humanidades,1046
2018,Artes y Humanidades,"Música, Canto o Danza",4396
2018,Artes y Humanidades,Otros Profesionales de Arte y Arquitectura,620
2018,Artes y Humanidades,Otros Profesionales de Humanidades,173
2018,Artes y Humanidades,Otros Técnicos de Arte y Arquitectura,1050
2018,Artes y Humanidades,Otros Técnicos de Humanidades,4
2018,Artes y Humanidades,Postítulo en Arte y Arquitectura,416
2018,Artes y Humanidades,Postítulo en Ciencias Sociales,18
2018,Artes y Humanidades,Postítulo en Humanidades,586
2018,Artes y Humanidades,Realizador de Cine y Televisión,1264
2018,Artes y Humanidades,Técnico en Ambientes e Interiores,162
2018,Artes y Humanidades,Técnico en Comunicación Audiovisual,1463
2018,Artes y Humanidades,Técnico en Diseño de Vestuario,238
2018,Artes y Humanidades,Técnico en Diseño Gráfico,1083
2018,Artes y Humanidades,Técnico en Fotografía,509
2018,Artes y Humanidades,Técnico en Producción de Videojuegos,39
2018,Artes y Humanidades,Técnico en Producción Gráfica y Multimedia,854
2018,Artes y Humanidades,Técnico en Sonido,1765
2018,Artes y Humanidades,Técnico en Traducción e Interpretariado,1141
2018,Artes y Humanidades,Traducción e Interpretación,4030
2018,"Ciencias naturales, matemáticas y estadística",Analista Químico,384
2018,"Ciencias naturales, matemáticas y estadística",Bachillerato y/o Licenciatura en Ciencias Básicas,4090
2018,"Ciencias naturales, matemáticas y estadística",Biología,960
2018,"Ciencias naturales, matemáticas y estadística",Biología Marina y Ecología Marina,1168
2018,"Ciencias naturales, matemáticas y estadística",Bioquímica,2052
2018,"Ciencias naturales, matemáticas y estadística",Biotecnología,397
2018,"Ciencias naturales, matemáticas y estadística",Doctorado en Ciencias Básicas,2045
2018,"Ciencias naturales, matemáticas y estadística",Doctorado en Tecnología,151
2018,"Ciencias naturales, matemáticas y estadística",Física y Astronomía,1608
2018,"Ciencias naturales, matemáticas y estadística",Geología,3746
2018,"Ciencias naturales, matemáticas y estadística",Ingeniería Civil en Geomática y Geomensura,78
2018,"Ciencias naturales, matemáticas y estadística",Ingeniería Civil Matemática y Estadística,533
2018,"Ciencias naturales, matemáticas y estadística",Ingeniería en Geomensura y Cartografía,1680
2018,"Ciencias naturales, matemáticas y estadística",Ingeniería en Matemática y Estadística,661
2018,"Ciencias naturales, matemáticas y estadística",Ingeniería en Recursos Renovables,1432
2018,"Ciencias naturales, matemáticas y estadística",Magister en Ciencias Básicas,1480
2018,"Ciencias naturales, matemáticas y estadística",Magister en Tecnología,320
2018,"Ciencias naturales, matemáticas y estadística",Matemática y/o Estadística,538
2018,"Ciencias naturales, matemáticas y estadística",Otras Ingenierías,252
2018,"Ciencias naturales, matemáticas y estadística",Otras Ingenierías Civiles,22
2018,"Ciencias naturales, matemáticas y estadística",Otros Profesionales de Ciencias Básicas,75
2018,"Ciencias naturales, matemáticas y estadística",Otros Técnicos de Ciencias Básicas,52
2018,"Ciencias naturales, matemáticas y estadística",Postítulo en Ciencias Básicas,299
2018,"Ciencias naturales, matemáticas y estadística",Postítulo en Tecnología,63
2018,"Ciencias naturales, matemáticas y estadística",Química Ambiental,299
2018,"Ciencias naturales, matemáticas y estadística","Química, Licenciado en Química",903
2018,"Ciencias naturales, matemáticas y estadística",Técnico en Geología,646
2018,"Ciencias naturales, matemáticas y estadística",Técnico en Geominería,214
2018,"Ciencias naturales, matemáticas y estadística",Técnico en Medio Ambiente (Control y Gestión),399
2018,"Ciencias naturales, matemáticas y estadística",Técnico en Química (Análisis e Industrial),1066
2018,"Ciencias Sociales, Periodismo e Información",Antropología,1986
2018,"Ciencias Sociales, Periodismo e Información",Bachillerato y/o Licenciatura en Ciencias Sociales,1343
2018,"Ciencias Sociales, Periodismo e Información",Bibliotecología,544
2018,"Ciencias Sociales, Periodismo e Información",Ciencias Políticas,1896
2018,"Ciencias Sociales, Periodismo e Información",Doctorado en Ciencias Sociales,570
2018,"Ciencias Sociales, Periodismo e Información",Geografía,1853
2018,"Ciencias Sociales, Periodismo e Información",Magister en Ciencias Sociales,4879
2018,"Ciencias Sociales, Periodismo e Información",Magister en Humanidades,12
2018,"Ciencias Sociales, Periodismo e Información",Otros Profesionales de Ciencias Sociales,342
2018,"Ciencias Sociales, Periodismo e Información",Otros Técnicos de Ciencias Sociales,13
2018,"Ciencias Sociales, Periodismo e Información",Periodismo,7128
2018,"Ciencias Sociales, Periodismo e Información",Postítulo en Ciencias Sociales,2143
2018,"Ciencias Sociales, Periodismo e Información",Postítulo en Humanidades,27
2018,"Ciencias Sociales, Periodismo e Información",Psicología,34830
2018,"Ciencias Sociales, Periodismo e Información",Sociología,3321
2018,"Ciencias Sociales, Periodismo e Información",Técnico en Bibliotecas y Centros de Documentación,285
2018,"Ciencias Sociales, Periodismo e Información",Técnico en Comunicación Social,76
2018,Educación,Bachillerato y/o Licenciatura en Educación,1280
2018,Educación,Doctorado en Educación,319
2018,Educación,Magister en Educación,9177
2018,Educación,Otros Técnicos de Educación,564
2018,Educación,Pedagogía en Artes y Música,3153
2018,Educación,Pedagogía en Ciencias,3058
2018,Educación,Pedagogía en Educación Básica,8343
2018,Educación,Pedagogía en Educación de Párvulos,12060
2018,Educación,Pedagogía en Educación Diferencial,16810
2018,Educación,Pedagogía en Educación Física,11466
2018,Educación,Pedagogía en Educación Media,186
2018,Educación,Pedagogía en Educación Técnico Profesional,244
2018,Educación,Pedagogía en Educación Tecnológica,6
2018,Educación,Pedagogía en Filosofía y Religión,918
2018,Educación,"Pedagogía en Historia, Geografía y Ciencias Sociales",3985
2018,Educación,Pedagogía en Idiomas,8556
2018,Educación,"Pedagogía en Lenguaje, Comunicación y/o Castellano",4069
2018,Educación,Pedagogía en Matemáticas y Computación,3748
2018,Educación,Postítulo en Educación,5452
2018,Educación,Programas de Formación Pedagógica,832
2018,Educación,Psicopedagogía,11994
2018,Educación,Técnico Asistente del Educador de Párvulos,27204
2018,Educación,Técnico Asistente del Educador Diferencial,9639
2018,"Ingeniería, Industria y Construcción",Arquitectura,12877
2018,"Ingeniería, Industria y Construcción",Bachillerato y/o Licenciatura en Tecnología,533
2018,"Ingeniería, Industria y Construcción",Construcción Civil,13426
2018,"Ingeniería, Industria y Construcción",Diseño Industrial,1557
2018,"Ingeniería, Industria y Construcción",Doctorado en Arte y Arquitectura,65
2018,"Ingeniería, Industria y Construcción",Doctorado en Tecnología,850
2018,"Ingeniería, Industria y Construcción",Ingeniería Agroindustrial,256
2018,"Ingeniería, Industria y Construcción",Ingeniería Civil Agrícola,165
2018,"Ingeniería, Industria y Construcción",Ingeniería Civil Ambiental,991
2018,"Ingeniería, Industria y Construcción",Ingeniería Civil Bioquímica,290
2018,"Ingeniería, Industria y Construcción",Ingeniería Civil Eléctrica,3362
2018,"Ingeniería, Industria y Construcción",Ingeniería Civil Electrónica,2048
2018,"Ingeniería, Industria y Construcción",Ingeniería Civil en Biomédica,561
2018,"Ingeniería, Industria y Construcción",Ingeniería Civil en Biotecnología y/o Bioingeniería,215
2018,"Ingeniería, Industria y Construcción",Ingeniería Civil en Energía,98
2018,"Ingeniería, Industria y Construcción",Ingeniería Civil en Geografía,142
2018,"Ingeniería, Industria y Construcción",Ingeniería Civil en Industrias Forestales,83
2018,"Ingeniería, Industria y Construcción",Ingeniería Civil en Materiales,142
2018,"Ingeniería, Industria y Construcción",Ingeniería Civil en Minas,5492
2018,"Ingeniería, Industria y Construcción",Ingeniería Civil en Obras Civiles,2898
2018,"Ingeniería, Industria y Construcción",Ingeniería Civil en Sonido y Acústica,118
2018,"Ingeniería, Industria y Construcción",Ingeniería Civil en Telemática,258
2018,"Ingeniería, Industria y Construcción",Ingeniería Civil Industrial,27884
2018,"Ingeniería, Industria y Construcción",Ingeniería Civil Mecánica,4635
2018,"Ingeniería, Industria y Construcción",Ingeniería Civil Metalúrgica,2324
2018,"Ingeniería, Industria y Construcción",Ingeniería Civil Química,2621
2018,"Ingeniería, Industria y Construcción","Ingeniería Civil, plan común y licenciatura en Ciencias de la Ingeniería",16498
2018,"Ingeniería, Industria y Construcción",Ingeniería en Alimentos,1077
2018,"Ingeniería, Industria y Construcción","Ingeniería en Automatización, Instrumentación y Control",3145
2018,"Ingeniería, Industria y Construcción",Ingeniería en Biotecnología y Bioingeniería,1982
2018,"Ingeniería, Industria y Construcción",Ingeniería en Construcción,14363
2018,"Ingeniería, Industria y Construcción",Ingeniería en Electricidad,7838
2018,"Ingeniería, Industria y Construcción",Ingeniería en Electrónica,1044
2018,"Ingeniería, Industria y Construcción",Ingeniería en Energía,188
2018,"Ingeniería, Industria y Construcción",Ingeniería en Geomensura y Cartografía,75
2018,"Ingeniería, Industria y Construcción",Ingeniería en Industria de la Madera,4
2018,"Ingeniería, Industria y Construcción",Ingeniería en Mecánica Automotriz,14952
2018,"Ingeniería, Industria y Construcción",Ingeniería en Mecatrónica,42
2018,"Ingeniería, Industria y Construcción",Ingeniería en Medio Ambiente,2475
2018,"Ingeniería, Industria y Construcción",Ingeniería en Metalurgia,1015
2018,"Ingeniería, Industria y Construcción",Ingeniería en Minas,5594
2018,"Ingeniería, Industria y Construcción",Ingeniería en Proyectos Estructurales,97
2018,"Ingeniería, Industria y Construcción",Ingeniería en Química,1356
2018,"Ingeniería, Industria y Construcción",Ingeniería en Refrigeración y Climatización,578
2018,"Ingeniería, Industria y Construcción",Ingeniería en Sonido,1256
2018,"Ingeniería, Industria y Construcción",Ingeniería en Telecomunicaciones,1839
2018,"Ingeniería, Industria y Construcción",Ingeniería Industrial,9652
2018,"Ingeniería, Industria y Construcción",Ingeniería Mecánica,7188
2018,"Ingeniería, Industria y Construcción",Ingeniería Naval,238
2018,"Ingeniería, Industria y Construcción",Magister en Arte y Arquitectura,505
2018,"Ingeniería, Industria y Construcción",Magister en Tecnología,2925
2018,"Ingeniería, Industria y Construcción",Otras Ingenierías,498
2018,"Ingeniería, Industria y Construcción",Otras Ingenierías Civiles,1504
2018,"Ingeniería, Industria y Construcción",Otros Profesionales de Arte y Arquitectura,6
2018,"Ingeniería, Industria y Construcción",Otros Profesionales de Tecnología,999
2018,"Ingeniería, Industria y Construcción",Otros Técnicos de Tecnología,88
2018,"Ingeniería, Industria y Construcción",Paisajismo,86
2018,"Ingeniería, Industria y Construcción",Postítulo en Arte y Arquitectura,135
2018,"Ingeniería, Industria y Construcción",Postítulo en Tecnología,547
2018,"Ingeniería, Industria y Construcción",Química Industrial,288
2018,"Ingeniería, Industria y Construcción",Técnico en Agroindustria,21
2018,"Ingeniería, Industria y Construcción",Técnico en Alimentos,852
2018,"Ingeniería, Industria y Construcción",Técnico en Construcción y Obras Civiles,15839
2018,"Ingeniería, Industria y Construcción",Técnico en Dibujo Arquitectónico,1529
2018,"Ingeniería, Industria y Construcción",Técnico en Dibujo Técnico,142
2018,"Ingeniería, Industria y Construcción",Técnico en Diseño de Áreas Verdes y Paisajismo,170
2018,"Ingeniería, Industria y Construcción",Técnico en Diseño Industrial,55
2018,"Ingeniería, Industria y Construcción",Técnico en Electricidad y Electricidad Industrial,11440
2018,"Ingeniería, Industria y Construcción",Técnico en Electromecánica,1913
2018,"Ingeniería, Industria y Construcción",Técnico en Electrónica y Electrónica Industrial,837
2018,"Ingeniería, Industria y Construcción",Técnico en Energía,1064
2018,"Ingeniería, Industria y Construcción",Técnico en Industria Forestal o de la Madera,24
2018,"Ingeniería, Industria y Construcción","Técnico en Instrumentación, Automatización y Control Industrial",6187
2018,"Ingeniería, Industria y Construcción",Técnico en Mantenimiento Industrial,6584
2018,"Ingeniería, Industria y Construcción",Técnico en Matriceria,2
2018,"Ingeniería, Industria y Construcción",Técnico en Mecánica Automotriz,14461
2018,"Ingeniería, Industria y Construcción",Técnico en Mecánica Industrial,2111
2018,"Ingeniería, Industria y Construcción",Técnico en Mecatrónica,63
2018,"Ingeniería, Industria y Construcción",Técnico en Medio Ambiente (Control y Gestión),136
2018,"Ingeniería, Industria y Construcción",Técnico en Metalurgia,475
2018,"Ingeniería, Industria y Construcción",Técnico en Minería,4711
2018,"Ingeniería, Industria y Construcción",Técnico en Procesos Industriales,368
2018,"Ingeniería, Industria y Construcción",Técnico en Proyecto y Diseño Mecánico,80
2018,"Ingeniería, Industria y Construcción",Técnico en Proyectos de Ingeniería,72
2018,"Ingeniería, Industria y Construcción",Técnico en Refrigeración y Climatización,417
2018,"Ingeniería, Industria y Construcción",Técnico en Telecomunicaciones,1959
2018,"Ingeniería, Industria y Construcción",Técnico en Topografía,3619
2018,"Ingeniería, Industria y Construcción",Técnico en Vitivinicultura y/o Enología,132
2018,Salud y Bienestar,Bachillerato y/o Licenciatura en Salud,841
2018,Salud y Bienestar,Doctorado en Ciencias Sociales,2
2018,Salud y Bienestar,Doctorado en Salud,444
2018,Salud y Bienestar,Enfermería,38953
2018,Salud y Bienestar,Fonoaudiología,12473
2018,Salud y Bienestar,Kinesiología,20961
2018,Salud y Bienestar,Magister en Ciencias Sociales,221
2018,Salud y Bienestar,Magister en Salud,2855
2018,Salud y Bienestar,Medicina,15807
2018,Salud y Bienestar,Naturopatía,361
2018,Salud y Bienestar,Nutrición y Dietética,16224
2018,Salud y Bienestar,Obstetricia y Puericultura,8714
2018,Salud y Bienestar,Odontología,14485
2018,Salud y Bienestar,Orientación Familiar y Relaciones Humanas,95
2018,Salud y Bienestar,Otros Profesionales de Salud,129
2018,Salud y Bienestar,Otros Técnicos de Ciencias Sociales,639
2018,Salud y Bienestar,Otros Técnicos de Salud,586
2018,Salud y Bienestar,Postítulo en Ciencias Sociales,509
2018,Salud y Bienestar,Postítulo en Salud,9978
2018,Salud y Bienestar,Química y Farmacia,5428
2018,Salud y Bienestar,Técnico Dental y Asistente de Odontología,7214
2018,Salud y Bienestar,Técnico en Enfermería,46935
2018,Salud y Bienestar,Técnico en Farmacia,936
2018,Salud y Bienestar,Técnico en Laboratorio Clínico,2476
2018,Salud y Bienestar,Técnico en Masoterapia,2031
2018,Salud y Bienestar,Técnico en Nutrición y Dietética,508
2018,Salud y Bienestar,Técnico en Óptica,60
2018,Salud y Bienestar,Técnico en Podología,1420
2018,Salud y Bienestar,Técnico en Prevención y Rehabilitación,891
2018,Salud y Bienestar,Técnico en Radiología y Radioterapia,658
2018,Salud y Bienestar,Técnico en Servicio Social,13100
2018,Salud y Bienestar,Técnico en Terapias Naturales y Naturopatía,816
2018,Salud y Bienestar,Técnico Laboratorista Dental,1077
2018,Salud y Bienestar,Tecnología Médica,13005
2018,Salud y Bienestar,Terapia Ocupacional,12672
2018,Salud y Bienestar,Trabajo Social,24972
2018,Servicios,Administración Gastronómica,5860
2018,Servicios,Administración Turística y Hotelera,6410
2018,Servicios,Doctorado en Educación,6
2018,Servicios,Ingeniería en Prevención de Riesgos,19407
2018,Servicios,Ingeniería en Seguridad Privada,1695
2018,Servicios,Ingeniería en Transporte y Tránsito,261
2018,Servicios,Ingeniería Marina y Marítimo Portuaria,474
2018,Servicios,Magister en Administración y Comercio,12
2018,Servicios,Magister en Educación,612
2018,Servicios,Magister en Tecnología,128
2018,Servicios,Otras Ingenierías,159
2018,Servicios,Otras Ingenierías Civiles,171
2018,Servicios,Otros Profesionales de Arte y Arquitectura,697
2018,Servicios,Otros Profesionales de Educación,1513
2018,Servicios,Otros Profesionales de Tecnología,47
2018,Servicios,Otros Técnicos de Tecnología,10
2018,Servicios,Postítulo en Administración y Comercio,98
2018,Servicios,Postítulo en Educación,4
2018,Servicios,Postítulo en Tecnología,129
2018,Servicios,"Técnico en Deporte, Recreación y Preparación Física",11539
2018,Servicios,Técnico en Gastronomía y Cocina,11277
2018,Servicios,Técnico en Peluquería y Estética,3933
2018,Servicios,Técnico en Prevención de Riesgos,9399
2018,Servicios,Técnico en Seguridad Privada,141
2018,Servicios,Técnico en Transporte Marítimo y Puertos,247
2018,Servicios,Técnico en Turismo y Hotelería,6837
2018,Tecnología de la Información y la Comunicación (TIC),Doctorado en Tecnología,84
2018,Tecnología de la Información y la Comunicación (TIC),Ingeniería Civil en Computación e Informática,8506
2018,Tecnología de la Información y la Comunicación (TIC),Ingeniería en Computación e Informática,18792
2018,Tecnología de la Información y la Comunicación (TIC),Ingeniería en Conectividad y Redes,2562
2018,Tecnología de la Información y la Comunicación (TIC),Magister en Tecnología,639
2018,Tecnología de la Información y la Comunicación (TIC),Otras Ingenierías,27
2018,Tecnología de la Información y la Comunicación (TIC),Otras Ingenierías Civiles,109
2018,Tecnología de la Información y la Comunicación (TIC),Otros Profesionales de Tecnología,734
2018,Tecnología de la Información y la Comunicación (TIC),Postítulo en Tecnología,361
2018,Tecnología de la Información y la Comunicación (TIC),Técnico en Administración de Redes y Soporte,2580
2018,Tecnología de la Información y la Comunicación (TIC),Técnico en Análisis de Sistemas,148
2018,Tecnología de la Información y la Comunicación (TIC),Técnico en Computación e Informática,11951
2018,Tecnología de la Información y la Comunicación (TIC),"Técnico en Producción, Desarrollo y Diseño Web",181
2019,Administración de Empresas y Derecho,Administración de Empresas e Ing. Asociadas,36805
2019,Administración de Empresas y Derecho,Administración Pública,7595
2019,Administración de Empresas y Derecho,Bachillerato y/o Licenciatura en Administración y Comercio,9
2019,Administración de Empresas y Derecho,Bachillerato y/o Licenciatura en Ciencias Sociales,195
2019,Administración de Empresas y Derecho,Bachillerato y/o Licenciatura en Derecho,25
2019,Administración de Empresas y Derecho,Contador Auditor,25571
2019,Administración de Empresas y Derecho,Derecho,41690
2019,Administración de Empresas y Derecho,Doctorado en Administración y Comercio,105
2019,Administración de Empresas y Derecho,Doctorado en Derecho,182
2019,Administración de Empresas y Derecho,Ingeniería Comercial,46530
2019,Administración de Empresas y Derecho,Ingeniería en Administración Jurídica,1
2019,Administración de Empresas y Derecho,Ingeniería en Comercio Exterior,3497
2019,Administración de Empresas y Derecho,Ingeniería en Control de Gestión,3778
2019,Administración de Empresas y Derecho,Ingeniería en Finanzas,2265
2019,Administración de Empresas y Derecho,Ingeniería en Gestión Pública,1856
2019,Administración de Empresas y Derecho,Ingeniería en Gestión y Control de Calidad,88
2019,Administración de Empresas y Derecho,Ingeniería en Logística,2549
2019,Administración de Empresas y Derecho,Ingeniería en Marketing,2754
2019,Administración de Empresas y Derecho,Ingeniería en Recursos Humanos,6985
2019,Administración de Empresas y Derecho,Magister en Administración y Comercio,12112
2019,Administración de Empresas y Derecho,Magister en Ciencias Sociales,487
2019,Administración de Empresas y Derecho,Magister en Derecho,2806
2019,Administración de Empresas y Derecho,Otros Profesionales de Administración y Comercio,88
2019,Administración de Empresas y Derecho,Otros Técnicos de Administración y Comercio,521
2019,Administración de Empresas y Derecho,Otros Técnicos de Ciencias Sociales,101
2019,Administración de Empresas y Derecho,Postítulo en Administración y Comercio,4167
2019,Administración de Empresas y Derecho,Postítulo en Ciencias Sociales,307
2019,Administración de Empresas y Derecho,Postítulo en Derecho,1244
2019,Administración de Empresas y Derecho,Publicidad,4023
2019,Administración de Empresas y Derecho,Relaciones Públicas,1581
2019,Administración de Empresas y Derecho,Secretariado Bilingüe,541
2019,Administración de Empresas y Derecho,Secretariado Computacional,64
2019,Administración de Empresas y Derecho,Secretariado Ejecutivo,157
2019,Administración de Empresas y Derecho,Técnico Agente o Visitador Médico,115
2019,Administración de Empresas y Derecho,Técnico en Administración de Empresas,38589
2019,Administración de Empresas y Derecho,Técnico en Administración de Recursos Humanos y Personal,6445
2019,Administración de Empresas y Derecho,Técnico en Administración de Ventas,588
2019,Administración de Empresas y Derecho,Técnico en Administración en Marketing,350
2019,Administración de Empresas y Derecho,Técnico en Administración Financiera y Finanzas,3012
2019,Administración de Empresas y Derecho,Técnico en Administración Pública o Municipal,2258
2019,Administración de Empresas y Derecho,Técnico en Comercio Exterior,2779
2019,Administración de Empresas y Derecho,Técnico en Contabilidad Computacional,1
2019,Administración de Empresas y Derecho,Técnico en Contabilidad General,9432
2019,Administración de Empresas y Derecho,Técnico en Contabilidad Tributaria,103
2019,Administración de Empresas y Derecho,Técnico en Gestión y Control de Calidad,139
2019,Administración de Empresas y Derecho,Técnico en Logística,8057
2019,Administración de Empresas y Derecho,Técnico en Producción de Eventos,368
2019,Administración de Empresas y Derecho,Técnico en Publicidad,74
2019,Administración de Empresas y Derecho,Técnico en Relaciones Públicas,764
2019,Administración de Empresas y Derecho,Técnico Jurídico,2854
2019,"Agricultura, Silvicultura, Pesca y Veterinaria",Agronomía,7119
2019,"Agricultura, Silvicultura, Pesca y Veterinaria",Doctorado en Agropecuaria,325
2019,"Agricultura, Silvicultura, Pesca y Veterinaria",Ingeniería Agrícola,3742
2019,"Agricultura, Silvicultura, Pesca y Veterinaria",Ingeniería de Ejecución Forestal,1
2019,"Agricultura, Silvicultura, Pesca y Veterinaria",Ingeniería en Acuicultura y Pesca,66
2019,"Agricultura, Silvicultura, Pesca y Veterinaria",Ingeniería en Vitivinicultura,17
2019,"Agricultura, Silvicultura, Pesca y Veterinaria",Ingeniería Forestal,623
2019,"Agricultura, Silvicultura, Pesca y Veterinaria",Magister en Administración y Comercio,31
2019,"Agricultura, Silvicultura, Pesca y Veterinaria",Magister en Agropecuaria,471
2019,"Agricultura, Silvicultura, Pesca y Veterinaria",Medicina Veterinaria,10971
2019,"Agricultura, Silvicultura, Pesca y Veterinaria",Postítulo en Administración y Comercio,38
2019,"Agricultura, Silvicultura, Pesca y Veterinaria",Postítulo en Agropecuaria,240
2019,"Agricultura, Silvicultura, Pesca y Veterinaria",Técnico Agropecuario,5766
2019,"Agricultura, Silvicultura, Pesca y Veterinaria",Técnico en Acuicultura y Pesca,286
2019,"Agricultura, Silvicultura, Pesca y Veterinaria",Técnico en Vitivinicultura y/o Enología,115
2019,"Agricultura, Silvicultura, Pesca y Veterinaria",Técnico Veterinario,2535
2019,Artes y Humanidades,Actuación y Teatro,1907
2019,Artes y Humanidades,Animación Digital,1621
2019,Artes y Humanidades,Arqueología,276
2019,Artes y Humanidades,Artes y Licenciatura en Artes,3028
2019,Artes y Humanidades,Bachillerato y/o Licenciatura en Humanidades,767
2019,Artes y Humanidades,Comunicación Audiovisual y/o Multimedia,3044
2019,Artes y Humanidades,Diseño,4674
2019,Artes y Humanidades,Diseño de Ambientes e Interiores,716
2019,Artes y Humanidades,Diseño de Vestuario,1616
2019,Artes y Humanidades,Diseño Gráfico,7639
2019,Artes y Humanidades,Diseño Teatral,116
2019,Artes y Humanidades,Doctorado en Arte y Arquitectura,17
2019,Artes y Humanidades,Doctorado en Ciencias Sociales,123
2019,Artes y Humanidades,Doctorado en Humanidades,636
2019,Artes y Humanidades,Filosofía,588
2019,Artes y Humanidades,Fotografía,584
2019,Artes y Humanidades,Historia,1851
2019,Artes y Humanidades,Licenciatura en Letras y Literatura,2101
2019,Artes y Humanidades,Magister en Arte y Arquitectura,575
2019,Artes y Humanidades,Magister en Ciencias Sociales,308
2019,Artes y Humanidades,Magister en Humanidades,1100
2019,Artes y Humanidades,"Música, Canto o Danza",4727
2019,Artes y Humanidades,Otros Profesionales de Arte y Arquitectura,762
2019,Artes y Humanidades,Otros Profesionales de Humanidades,156
2019,Artes y Humanidades,Otros Técnicos de Arte y Arquitectura,1034
2019,Artes y Humanidades,Otros Técnicos de Humanidades,3
2019,Artes y Humanidades,Postítulo en Arte y Arquitectura,279
2019,Artes y Humanidades,Postítulo en Ciencias Sociales,14
2019,Artes y Humanidades,Postítulo en Humanidades,594
2019,Artes y Humanidades,Realizador de Cine y Televisión,1396
2019,Artes y Humanidades,Técnico en Ambientes e Interiores,152
2019,Artes y Humanidades,Técnico en Comunicación Audiovisual,1394
2019,Artes y Humanidades,Técnico en Diseño de Vestuario,299
2019,Artes y Humanidades,Técnico en Diseño Gráfico,954
2019,Artes y Humanidades,Técnico en Fotografía,395
2019,Artes y Humanidades,Técnico en Producción de Videojuegos,15
2019,Artes y Humanidades,Técnico en Producción Gráfica y Multimedia,889
2019,Artes y Humanidades,Técnico en Sonido,1663
2019,Artes y Humanidades,Técnico en Traducción e Interpretariado,1032
2019,Artes y Humanidades,Traducción e Interpretación,3791
2019,"Ciencias naturales, matemáticas y estadística",Analista Químico,440
2019,"Ciencias naturales, matemáticas y estadística",Bachillerato y/o Licenciatura en Ciencias Básicas,4152
2019,"Ciencias naturales, matemáticas y estadística",Biología,993
2019,"Ciencias naturales, matemáticas y estadística",Biología Marina y Ecología Marina,1276
2019,"Ciencias naturales, matemáticas y estadística",Bioquímica,2197
2019,"Ciencias naturales, matemáticas y estadística",Biotecnología,419
2019,"Ciencias naturales, matemáticas y estadística",Doctorado en Ciencias Básicas,2039
2019,"Ciencias naturales, matemáticas y estadística",Doctorado en Tecnología,156
2019,"Ciencias naturales, matemáticas y estadística",Física y Astronomía,1709
2019,"Ciencias naturales, matemáticas y estadística",Geología,3704
2019,"Ciencias naturales, matemáticas y estadística",Ingeniería Civil en Geomática y Geomensura,77
2019,"Ciencias naturales, matemáticas y estadística",Ingeniería Civil Matemática y Estadística,606
2019,"Ciencias naturales, matemáticas y estadística",Ingeniería en Geomensura y Cartografía,1680
2019,"Ciencias naturales, matemáticas y estadística",Ingeniería en Matemática y Estadística,669
2019,"Ciencias naturales, matemáticas y estadística",Ingeniería en Recursos Renovables,1583
2019,"Ciencias naturales, matemáticas y estadística",Magister en Ciencias Básicas,1678
2019,"Ciencias naturales, matemáticas y estadística",Magister en Tecnología,268
2019,"Ciencias naturales, matemáticas y estadística",Matemática y/o Estadística,557
2019,"Ciencias naturales, matemáticas y estadística",Otras Ingenierías,247
2019,"Ciencias naturales, matemáticas y estadística",Otras Ingenierías Civiles,24
2019,"Ciencias naturales, matemáticas y estadística",Otros Profesionales de Ciencias Básicas,86
2019,"Ciencias naturales, matemáticas y estadística",Otros Técnicos de Ciencias Básicas,45
2019,"Ciencias naturales, matemáticas y estadística",Postítulo en Ciencias Básicas,289
2019,"Ciencias naturales, matemáticas y estadística",Postítulo en Tecnología,63
2019,"Ciencias naturales, matemáticas y estadística",Química Ambiental,303
2019,"Ciencias naturales, matemáticas y estadística","Química, Licenciado en Química",946
2019,"Ciencias naturales, matemáticas y estadística",Técnico en Geología,577
2019,"Ciencias naturales, matemáticas y estadística",Técnico en Geominería,184
2019,"Ciencias naturales, matemáticas y estadística",Técnico en Medio Ambiente (Control y Gestión),547
2019,"Ciencias naturales, matemáticas y estadística",Técnico en Química (Análisis e Industrial),956
2019,"Ciencias Sociales, Periodismo e Información",Antropología,2049
2019,"Ciencias Sociales, Periodismo e Información",Bachillerato y/o Licenciatura en Ciencias Sociales,1387
2019,"Ciencias Sociales, Periodismo e Información",Bibliotecología,522
2019,"Ciencias Sociales, Periodismo e Información",Ciencias Políticas,1861
2019,"Ciencias Sociales, Periodismo e Información",Doctorado en Ciencias Sociales,605
2019,"Ciencias Sociales, Periodismo e Información",Geografía,1886
2019,"Ciencias Sociales, Periodismo e Información",Magister en Ciencias Sociales,4801
2019,"Ciencias Sociales, Periodismo e Información",Magister en Humanidades,16
2019,"Ciencias Sociales, Periodismo e Información",Otros Profesionales de Ciencias Sociales,395
2019,"Ciencias Sociales, Periodismo e Información",Otros Técnicos de Ciencias Sociales,13
2019,"Ciencias Sociales, Periodismo e Información",Periodismo,7555
2019,"Ciencias Sociales, Periodismo e Información",Postítulo en Ciencias Sociales,2110
2019,"Ciencias Sociales, Periodismo e Información",Postítulo en Humanidades,8
2019,"Ciencias Sociales, Periodismo e Información",Psicología,36886
2019,"Ciencias Sociales, Periodismo e Información",Sociología,3462
2019,"Ciencias Sociales, Periodismo e Información",Técnico en Bibliotecas y Centros de Documentación,246
2019,"Ciencias Sociales, Periodismo e Información",Técnico en Comunicación Social,48
2019,Educación,Bachillerato y/o Licenciatura en Educación,1395
2019,Educación,Doctorado en Educación,304
2019,Educación,Magister en Educación,9612
2019,Educación,Otros Técnicos de Educación,745
2019,Educación,Pedagogía en Artes y Música,3139
2019,Educación,Pedagogía en Ciencias,3159
2019,Educación,Pedagogía en Educación Básica,8438
2019,Educación,Pedagogía en Educación de Párvulos,10972
2019,Educación,Pedagogía en Educación Diferencial,14284
2019,Educación,Pedagogía en Educación Física,10695
2019,Educación,Pedagogía en Educación Media,138
2019,Educación,Pedagogía en Educación Técnico Profesional,198
2019,Educación,Pedagogía en Educación Tecnológica,5
2019,Educación,Pedagogía en Filosofía y Religión,821
2019,Educación,"Pedagogía en Historia, Geografía y Ciencias Sociales",3921
2019,Educación,Pedagogía en Idiomas,8338
2019,Educación,"Pedagogía en Lenguaje, Comunicación y/o Castellano",4292
2019,Educación,Pedagogía en Matemáticas y Computación,3945
2019,Educación,Postítulo en Educación,5541
2019,Educación,Programas de Formación Pedagógica,842
2019,Educación,Psicopedagogía,11558
2019,Educación,Técnico Asistente del Educador de Párvulos,29498
2019,Educación,Técnico Asistente del Educador Diferencial,10670
2019,"Ingeniería, Industria y Construcción",Arquitectura,13078
2019,"Ingeniería, Industria y Construcción",Bachillerato y/o Licenciatura en Tecnología,403
2019,"Ingeniería, Industria y Construcción",Construcción Civil,13908
2019,"Ingeniería, Industria y Construcción",Diseño Industrial,1518
2019,"Ingeniería, Industria y Construcción",Doctorado en Arte y Arquitectura,59
2019,"Ingeniería, Industria y Construcción",Doctorado en Tecnología,944
2019,"Ingeniería, Industria y Construcción",Ingeniería Agroindustrial,200
2019,"Ingeniería, Industria y Construcción",Ingeniería Civil Agrícola,154
2019,"Ingeniería, Industria y Construcción",Ingeniería Civil Ambiental,935
2019,"Ingeniería, Industria y Construcción",Ingeniería Civil Bioquímica,309
2019,"Ingeniería, Industria y Construcción",Ingeniería Civil Eléctrica,3612
2019,"Ingeniería, Industria y Construcción",Ingeniería Civil Electrónica,2139
2019,"Ingeniería, Industria y Construcción",Ingeniería Civil en Biomédica,585
2019,"Ingeniería, Industria y Construcción",Ingeniería Civil en Biotecnología y/o Bioingeniería,206
2019,"Ingeniería, Industria y Construcción",Ingeniería Civil en Energía,85
2019,"Ingeniería, Industria y Construcción",Ingeniería Civil en Geografía,140
2019,"Ingeniería, Industria y Construcción",Ingeniería Civil en Industrias Forestales,69
2019,"Ingeniería, Industria y Construcción",Ingeniería Civil en Materiales,131
2019,"Ingeniería, Industria y Construcción",Ingeniería Civil en Minas,5323
2019,"Ingeniería, Industria y Construcción",Ingeniería Civil en Obras Civiles,2929
2019,"Ingeniería, Industria y Construcción",Ingeniería Civil en Sonido y Acústica,119
2019,"Ingeniería, Industria y Construcción",Ingeniería Civil en Telemática,347
2019,"Ingeniería, Industria y Construcción",Ingeniería Civil Industrial,27464
2019,"Ingeniería, Industria y Construcción",Ingeniería Civil Mecánica,4606
2019,"Ingeniería, Industria y Construcción",Ingeniería Civil Metalúrgica,2095
2019,"Ingeniería, Industria y Construcción",Ingeniería Civil Química,2724
2019,"Ingeniería, Industria y Construcción","Ingeniería Civil, plan común y licenciatura en Ciencias de la Ingeniería",17751
2019,"Ingeniería, Industria y Construcción",Ingeniería en Alimentos,1093
2019,"Ingeniería, Industria y Construcción","Ingeniería en Automatización, Instrumentación y Control",3236
2019,"Ingeniería, Industria y Construcción",Ingeniería en Biotecnología y Bioingeniería,2086
2019,"Ingeniería, Industria y Construcción",Ingeniería en Construcción,14407
2019,"Ingeniería, Industria y Construcción",Ingeniería en Electricidad,8294
2019,"Ingeniería, Industria y Construcción",Ingeniería en Electrónica,898
2019,"Ingeniería, Industria y Construcción",Ingeniería en Energía,221
2019,"Ingeniería, Industria y Construcción",Ingeniería en Geomensura y Cartografía,44
2019,"Ingeniería, Industria y Construcción",Ingeniería en Mecánica Automotriz,16417
2019,"Ingeniería, Industria y Construcción",Ingeniería en Mecatrónica,41
2019,"Ingeniería, Industria y Construcción",Ingeniería en Medio Ambiente,2654
2019,"Ingeniería, Industria y Construcción",Ingeniería en Metalurgia,987
2019,"Ingeniería, Industria y Construcción",Ingeniería en Minas,5089
2019,"Ingeniería, Industria y Construcción",Ingeniería en Proyectos Estructurales,118
2019,"Ingeniería, Industria y Construcción",Ingeniería en Química,1552
2019,"Ingeniería, Industria y Construcción",Ingeniería en Refrigeración y Climatización,595
2019,"Ingeniería, Industria y Construcción",Ingeniería en Sonido,1354
2019,"Ingeniería, Industria y Construcción",Ingeniería en Telecomunicaciones,2059
2019,"Ingeniería, Industria y Construcción",Ingeniería Industrial,10343
2019,"Ingeniería, Industria y Construcción",Ingeniería Mecánica,7307
2019,"Ingeniería, Industria y Construcción",Ingeniería Naval,242
2019,"Ingeniería, Industria y Construcción",Magister en Arte y Arquitectura,508
2019,"Ingeniería, Industria y Construcción",Magister en Tecnología,2980
2019,"Ingeniería, Industria y Construcción",Otras Ingenierías,506
2019,"Ingeniería, Industria y Construcción",Otras Ingenierías Civiles,1516
2019,"Ingeniería, Industria y Construcción",Otros Profesionales de Arte y Arquitectura,8
2019,"Ingeniería, Industria y Construcción",Otros Profesionales de Tecnología,885
2019,"Ingeniería, Industria y Construcción",Otros Técnicos de Tecnología,66
2019,"Ingeniería, Industria y Construcción",Paisajismo,64
2019,"Ingeniería, Industria y Construcción",Postítulo en Arte y Arquitectura,122
2019,"Ingeniería, Industria y Construcción",Postítulo en Tecnología,428
2019,"Ingeniería, Industria y Construcción",Química Industrial,277
2019,"Ingeniería, Industria y Construcción",Técnico en Agroindustria,22
2019,"Ingeniería, Industria y Construcción",Técnico en Alimentos,868
2019,"Ingeniería, Industria y Construcción",Técnico en Construcción y Obras Civiles,14801
2019,"Ingeniería, Industria y Construcción",Técnico en Dibujo Arquitectónico,1492
2019,"Ingeniería, Industria y Construcción",Técnico en Dibujo Técnico,112
2019,"Ingeniería, Industria y Construcción",Técnico en Diseño de Áreas Verdes y Paisajismo,143
2019,"Ingeniería, Industria y Construcción",Técnico en Diseño Industrial,49
2019,"Ingeniería, Industria y Construcción",Técnico en Electricidad y Electricidad Industrial,11566
2019,"Ingeniería, Industria y Construcción",Técnico en Electromecánica,2032
2019,"Ingeniería, Industria y Construcción",Técnico en Electrónica y Electrónica Industrial,767
2019,"Ingeniería, Industria y Construcción",Técnico en Energía,1160
2019,"Ingeniería, Industria y Construcción",Técnico en Industria Forestal o de la Madera,10
2019,"Ingeniería, Industria y Construcción","Técnico en Instrumentación, Automatización y Control Industrial",6962
2019,"Ingeniería, Industria y Construcción",Técnico en Mantenimiento Industrial,6504
2019,"Ingeniería, Industria y Construcción",Técnico en Mecánica Automotriz,13878
2019,"Ingeniería, Industria y Construcción",Técnico en Mecánica Industrial,2192
2019,"Ingeniería, Industria y Construcción",Técnico en Mecatrónica,53
2019,"Ingeniería, Industria y Construcción",Técnico en Medio Ambiente (Control y Gestión),112
2019,"Ingeniería, Industria y Construcción",Técnico en Metalurgia,437
2019,"Ingeniería, Industria y Construcción",Técnico en Minería,4235
2019,"Ingeniería, Industria y Construcción",Técnico en Procesos Industriales,355
2019,"Ingeniería, Industria y Construcción",Técnico en Proyecto y Diseño Mecánico,57
2019,"Ingeniería, Industria y Construcción",Técnico en Proyectos de Ingeniería,68
2019,"Ingeniería, Industria y Construcción",Técnico en Refrigeración y Climatización,434
2019,"Ingeniería, Industria y Construcción",Técnico en Telecomunicaciones,1684
2019,"Ingeniería, Industria y Construcción",Técnico en Topografía,3024
2019,"Ingeniería, Industria y Construcción",Técnico en Vitivinicultura y/o Enología,130
2019,Salud y Bienestar,Bachillerato y/o Licenciatura en Salud,950
2019,Salud y Bienestar,Doctorado en Ciencias Sociales,1
2019,Salud y Bienestar,Doctorado en Salud,445
2019,Salud y Bienestar,Enfermería,37305
2019,Salud y Bienestar,Fonoaudiología,11756
2019,Salud y Bienestar,Kinesiología,20306
2019,Salud y Bienestar,Magister en Ciencias Sociales,232
2019,Salud y Bienestar,Magister en Salud,2924
2019,Salud y Bienestar,Medicina,16329
2019,Salud y Bienestar,Naturopatía,192
2019,Salud y Bienestar,Nutrición y Dietética,15458
2019,Salud y Bienestar,Obstetricia y Puericultura,9588
2019,Salud y Bienestar,Odontología,14348
2019,Salud y Bienestar,Orientación Familiar y Relaciones Humanas,44
2019,Salud y Bienestar,Otros Profesionales de Salud,61
2019,Salud y Bienestar,Otros Técnicos de Ciencias Sociales,669
2019,Salud y Bienestar,Otros Técnicos de Salud,214
2019,Salud y Bienestar,Postítulo en Ciencias Sociales,478
2019,Salud y Bienestar,Postítulo en Salud,9107
2019,Salud y Bienestar,Química y Farmacia,6207
2019,Salud y Bienestar,Técnico Dental y Asistente de Odontología,7406
2019,Salud y Bienestar,Técnico en Enfermería,45267
2019,Salud y Bienestar,Técnico en Farmacia,1528
2019,Salud y Bienestar,Técnico en Laboratorio Clínico,2484
2019,Salud y Bienestar,Técnico en Masoterapia,1632
2019,Salud y Bienestar,Técnico en Nutrición y Dietética,292
2019,Salud y Bienestar,Técnico en Óptica,47
2019,Salud y Bienestar,Técnico en Podología,1620
2019,Salud y Bienestar,Técnico en Prevención y Rehabilitación,1272
2019,Salud y Bienestar,Técnico en Radiología y Radioterapia,706
2019,Salud y Bienestar,Técnico en Servicio Social,13623
2019,Salud y Bienestar,Técnico en Terapias Naturales y Naturopatía,703
2019,Salud y Bienestar,Técnico Laboratorista Dental,1058
2019,Salud y Bienestar,Tecnología Médica,13833
2019,Salud y Bienestar,Terapia Ocupacional,13486
2019,Salud y Bienestar,Trabajo Social,25197
2019,Servicios,Administración Gastronómica,6628
2019,Servicios,Administración Turística y Hotelera,7247
2019,Servicios,Doctorado en Educación,11
2019,Servicios,Ingeniería en Prevención de Riesgos,14222
2019,Servicios,Ingeniería en Seguridad Privada,2029
2019,Servicios,Ingeniería en Transporte y Tránsito,230
2019,Servicios,Ingeniería Marina y Marítimo Portuaria,474
2019,Servicios,Magister en Administración y Comercio,10
2019,Servicios,Magister en Educación,656
2019,Servicios,Magister en Tecnología,108
2019,Servicios,Otras Ingenierías,153
2019,Servicios,Otras Ingenierías Civiles,157
2019,Servicios,Otros Profesionales de Arte y Arquitectura,1043
2019,Servicios,Otros Profesionales de Educación,1741
2019,Servicios,Otros Profesionales de Tecnología,17
2019,Servicios,Otros Técnicos de Tecnología,16
2019,Servicios,Postítulo en Administración y Comercio,102
2019,Servicios,Postítulo en Educación,33
2019,Servicios,Postítulo en Tecnología,244
2019,Servicios,"Técnico en Deporte, Recreación y Preparación Física",11523
2019,Servicios,Técnico en Gastronomía y Cocina,11278
2019,Servicios,Técnico en Peluquería y Estética,4838
2019,Servicios,Técnico en Prevención de Riesgos,5317
2019,Servicios,Técnico en Seguridad Privada,190
2019,Servicios,Técnico en Transporte Marítimo y Puertos,272
2019,Servicios,Técnico en Turismo y Hotelería,6480
2019,Tecnología de la Información y la Comunicación (TIC),Doctorado en Tecnología,94
2019,Tecnología de la Información y la Comunicación (TIC),Ingeniería Civil en Computación e Informática,9069
2019,Tecnología de la Información y la Comunicación (TIC),Ingeniería en Computación e Informática,19399
2019,Tecnología de la Información y la Comunicación (TIC),Ingeniería en Conectividad y Redes,3181
2019,Tecnología de la Información y la Comunicación (TIC),Magister en Tecnología,662
2019,Tecnología de la Información y la Comunicación (TIC),Otras Ingenierías,13
2019,Tecnología de la Información y la Comunicación (TIC),Otras Ingenierías Civiles,127
2019,Tecnología de la Información y la Comunicación (TIC),Otros Profesionales de Tecnología,741
2019,Tecnología de la Información y la Comunicación (TIC),Postítulo en Tecnología,225
2019,Tecnología de la Información y la Comunicación (TIC),Técnico en Administración de Redes y Soporte,2427
2019,Tecnología de la Información y la Comunicación (TIC),Técnico en Análisis de Sistemas,149
2019,Tecnología de la Información y la Comunicación (TIC),Técnico en Computación e Informática,12405
2019,Tecnología de la Información y la Comunicación (TIC),"Técnico en Producción, Desarrollo y Diseño Web",208
2020,Administración de Empresas y Derecho,Administración de Empresas e Ing. Asociadas,33872
2020,Administración de Empresas y Derecho,Administración Pública,8702
2020,Administración de Empresas y Derecho,Bachillerato y/o Licenciatura en Administración y Comercio,8
2020,Administración de Empresas y Derecho,Bachillerato y/o Licenciatura en Ciencias Sociales,160
2020,Administración de Empresas y Derecho,Bachillerato y/o Licenciatura en Derecho,60
2020,Administración de Empresas y Derecho,Contador Auditor,24995
2020,Administración de Empresas y Derecho,Derecho,41935
2020,Administración de Empresas y Derecho,Doctorado en Administración y Comercio,108
2020,Administración de Empresas y Derecho,Doctorado en Derecho,167
2020,Administración de Empresas y Derecho,Ingeniería Comercial,45174
2020,Administración de Empresas y Derecho,Ingeniería en Comercio Exterior,3812
2020,Administración de Empresas y Derecho,Ingeniería en Control de Gestión,3777
2020,Administración de Empresas y Derecho,Ingeniería en Finanzas,2476
2020,Administración de Empresas y Derecho,Ingeniería en Gestión Pública,1770
2020,Administración de Empresas y Derecho,Ingeniería en Gestión y Control de Calidad,155
2020,Administración de Empresas y Derecho,Ingeniería en Logística,3286
2020,Administración de Empresas y Derecho,Ingeniería en Marketing,2826
2020,Administración de Empresas y Derecho,Ingeniería en Recursos Humanos,6644
2020,Administración de Empresas y Derecho,Magister en Administración y Comercio,11214
2020,Administración de Empresas y Derecho,Magister en Ciencias Sociales,506
2020,Administración de Empresas y Derecho,Magister en Derecho,2826
2020,Administración de Empresas y Derecho,Otros Profesionales de Administración y Comercio,93
2020,Administración de Empresas y Derecho,Otros Técnicos de Administración y Comercio,441
2020,Administración de Empresas y Derecho,Otros Técnicos de Ciencias Sociales,95
2020,Administración de Empresas y Derecho,Postítulo en Administración y Comercio,3716
2020,Administración de Empresas y Derecho,Postítulo en Ciencias Sociales,348
2020,Administración de Empresas y Derecho,Postítulo en Derecho,970
2020,Administración de Empresas y Derecho,Publicidad,4009
2020,Administración de Empresas y Derecho,Relaciones Públicas,1529
2020,Administración de Empresas y Derecho,Secretariado Bilingüe,360
2020,Administración de Empresas y Derecho,Secretariado Computacional,51
2020,Administración de Empresas y Derecho,Secretariado Ejecutivo,174
2020,Administración de Empresas y Derecho,Técnico Agente o Visitador Médico,38
2020,Administración de Empresas y Derecho,Técnico en Administración de Empresas,32903
2020,Administración de Empresas y Derecho,Técnico en Administración de Recursos Humanos y Personal,5112
2020,Administración de Empresas y Derecho,Técnico en Administración de Ventas,417
2020,Administración de Empresas y Derecho,Técnico en Administración en Marketing,456
2020,Administración de Empresas y Derecho,Técnico en Administración Financiera y Finanzas,2186
2020,Administración de Empresas y Derecho,Técnico en Administración Pública o Municipal,3005
2020,Administración de Empresas y Derecho,Técnico en Comercio Exterior,2535
2020,Administración de Empresas y Derecho,Técnico en Contabilidad Computacional,1
2020,Administración de Empresas y Derecho,Técnico en Contabilidad General,8333
2020,Administración de Empresas y Derecho,Técnico en Contabilidad Tributaria,127
2020,Administración de Empresas y Derecho,Técnico en Gestión y Control de Calidad,111
2020,Administración de Empresas y Derecho,Técnico en Logística,8601
2020,Administración de Empresas y Derecho,Técnico en Producción de Eventos,271
2020,Administración de Empresas y Derecho,Técnico en Publicidad,47
2020,Administración de Empresas y Derecho,Técnico en Relaciones Públicas,518
2020,Administración de Empresas y Derecho,Técnico Jurídico,3003
2020,"Agricultura, Silvicultura, Pesca y Veterinaria",Agronomía,7095
2020,"Agricultura, Silvicultura, Pesca y Veterinaria",Doctorado en Agropecuaria,322
2020,"Agricultura, Silvicultura, Pesca y Veterinaria",Ingeniería Agrícola,4224
2020,"Agricultura, Silvicultura, Pesca y Veterinaria",Ingeniería en Acuicultura y Pesca,49
2020,"Agricultura, Silvicultura, Pesca y Veterinaria",Ingeniería en Vitivinicultura,13
2020,"Agricultura, Silvicultura, Pesca y Veterinaria",Ingeniería Forestal,645
2020,"Agricultura, Silvicultura, Pesca y Veterinaria",Magister en Administración y Comercio,29
2020,"Agricultura, Silvicultura, Pesca y Veterinaria",Magister en Agropecuaria,458
2020,"Agricultura, Silvicultura, Pesca y Veterinaria",Medicina Veterinaria,12247
2020,"Agricultura, Silvicultura, Pesca y Veterinaria",Postítulo en Agropecuaria,172
2020,"Agricultura, Silvicultura, Pesca y Veterinaria",Técnico Agropecuario,5112
2020,"Agricultura, Silvicultura, Pesca y Veterinaria",Técnico en Acuicultura y Pesca,314
2020,"Agricultura, Silvicultura, Pesca y Veterinaria",Técnico en Vitivinicultura y/o Enología,87
2020,"Agricultura, Silvicultura, Pesca y Veterinaria",Técnico Veterinario,2703
2020,Artes y Humanidades,Actuación y Teatro,1798
2020,Artes y Humanidades,Animación Digital,1838
2020,Artes y Humanidades,Arqueología,301
2020,Artes y Humanidades,Artes y Licenciatura en Artes,3065
2020,Artes y Humanidades,Bachillerato y/o Licenciatura en Humanidades,718
2020,Artes y Humanidades,Comunicación Audiovisual y/o Multimedia,3137
2020,Artes y Humanidades,Diseño,4748
2020,Artes y Humanidades,Diseño de Ambientes e Interiores,686
2020,Artes y Humanidades,Diseño de Vestuario,1537
2020,Artes y Humanidades,Diseño Gráfico,7746
2020,Artes y Humanidades,Diseño Teatral,99
2020,Artes y Humanidades,Doctorado en Arte y Arquitectura,17
2020,Artes y Humanidades,Doctorado en Ciencias Sociales,130
2020,Artes y Humanidades,Doctorado en Humanidades,568
2020,Artes y Humanidades,Filosofía,621
2020,Artes y Humanidades,Fotografía,540
2020,Artes y Humanidades,Historia,1721
2020,Artes y Humanidades,Licenciatura en Letras y Literatura,2014
2020,Artes y Humanidades,Magister en Arte y Arquitectura,436
2020,Artes y Humanidades,Magister en Ciencias Sociales,278
2020,Artes y Humanidades,Magister en Humanidades,1061
2020,Artes y Humanidades,"Música, Canto o Danza",4707
2020,Artes y Humanidades,Otros Profesionales de Arte y Arquitectura,890
2020,Artes y Humanidades,Otros Profesionales de Humanidades,121
2020,Artes y Humanidades,Otros Técnicos de Arte y Arquitectura,904
2020,Artes y Humanidades,Postítulo en Arte y Arquitectura,66
2020,Artes y Humanidades,Postítulo en Ciencias Sociales,12
2020,Artes y Humanidades,Postítulo en Humanidades,296
2020,Artes y Humanidades,Realizador de Cine y Televisión,1396
2020,Artes y Humanidades,Técnico en Ambientes e Interiores,122
2020,Artes y Humanidades,Técnico en Comunicación Audiovisual,1049
2020,Artes y Humanidades,Técnico en Diseño de Vestuario,203
2020,Artes y Humanidades,Técnico en Diseño Gráfico,739
2020,Artes y Humanidades,Técnico en Fotografía,247
2020,Artes y Humanidades,Técnico en Producción de Videojuegos,48
2020,Artes y Humanidades,Técnico en Producción Gráfica y Multimedia,943
2020,Artes y Humanidades,Técnico en Sonido,1426
2020,Artes y Humanidades,Técnico en Traducción e Interpretariado,890
2020,Artes y Humanidades,Traducción e Interpretación,3369
2020,"Ciencias naturales, matemáticas y estadística",Analista Químico,435
2020,"Ciencias naturales, matemáticas y estadística",Bachillerato y/o Licenciatura en Ciencias Básicas,4188
2020,"Ciencias naturales, matemáticas y estadística",Biología,1041
2020,"Ciencias naturales, matemáticas y estadística",Biología Marina y Ecología Marina,1337
2020,"Ciencias naturales, matemáticas y estadística",Bioquímica,2259
2020,"Ciencias naturales, matemáticas y estadística",Biotecnología,451
2020,"Ciencias naturales, matemáticas y estadística",Doctorado en Ciencias Básicas,1975
2020,"Ciencias naturales, matemáticas y estadística",Doctorado en Tecnología,151
2020,"Ciencias naturales, matemáticas y estadística",Física y Astronomía,1940
2020,"Ciencias naturales, matemáticas y estadística",Geología,3622
2020,"Ciencias naturales, matemáticas y estadística",Ingeniería Civil en Geomática y Geomensura,58
2020,"Ciencias naturales, matemáticas y estadística",Ingeniería Civil Matemática y Estadística,773
2020,"Ciencias naturales, matemáticas y estadística",Ingeniería en Geomensura y Cartografía,1547
2020,"Ciencias naturales, matemáticas y estadística",Ingeniería en Matemática y Estadística,684
2020,"Ciencias naturales, matemáticas y estadística",Ingeniería en Recursos Renovables,1610
2020,"Ciencias naturales, matemáticas y estadística",Magister en Ciencias Básicas,1715
2020,"Ciencias naturales, matemáticas y estadística",Magister en Tecnología,208
2020,"Ciencias naturales, matemáticas y estadística",Matemática y/o Estadística,574
2020,"Ciencias naturales, matemáticas y estadística",Otras Ingenierías,289
2020,"Ciencias naturales, matemáticas y estadística",Otras Ingenierías Civiles,26
2020,"Ciencias naturales, matemáticas y estadística",Otros Profesionales de Ciencias Básicas,97
2020,"Ciencias naturales, matemáticas y estadística",Otros Técnicos de Ciencias Básicas,43
2020,"Ciencias naturales, matemáticas y estadística",Postítulo en Ciencias Básicas,332
2020,"Ciencias naturales, matemáticas y estadística",Postítulo en Tecnología,96
2020,"Ciencias naturales, matemáticas y estadística",Química Ambiental,317
2020,"Ciencias naturales, matemáticas y estadística","Química, Licenciado en Química",925
2020,"Ciencias naturales, matemáticas y estadística",Técnico en Geología,485
2020,"Ciencias naturales, matemáticas y estadística",Técnico en Geominería,146
2020,"Ciencias naturales, matemáticas y estadística",Técnico en Medio Ambiente (Control y Gestión),577
2020,"Ciencias naturales, matemáticas y estadística",Técnico en Química (Análisis e Industrial),887
2020,"Ciencias Sociales, Periodismo e Información",Antropología,2092
2020,"Ciencias Sociales, Periodismo e Información",Bachillerato y/o Licenciatura en Ciencias Sociales,1428
2020,"Ciencias Sociales, Periodismo e Información",Bibliotecología,440
2020,"Ciencias Sociales, Periodismo e Información",Ciencias Políticas,1818
2020,"Ciencias Sociales, Periodismo e Información",Doctorado en Ciencias Sociales,627
2020,"Ciencias Sociales, Periodismo e Información",Geografía,1780
2020,"Ciencias Sociales, Periodismo e Información",Magister en Ciencias Sociales,4485
2020,"Ciencias Sociales, Periodismo e Información",Magister en Humanidades,5
2020,"Ciencias Sociales, Periodismo e Información",Otros Profesionales de Ciencias Sociales,458
2020,"Ciencias Sociales, Periodismo e Información",Periodismo,7239
2020,"Ciencias Sociales, Periodismo e Información",Postítulo en Ciencias Sociales,1300
2020,"Ciencias Sociales, Periodismo e Información",Psicología,37638
2020,"Ciencias Sociales, Periodismo e Información",Sociología,3324
2020,"Ciencias Sociales, Periodismo e Información",Técnico en Bibliotecas y Centros de Documentación,246
2020,"Ciencias Sociales, Periodismo e Información",Técnico en Comunicación Social,102
2020,Educación,Bachillerato y/o Licenciatura en Educación,942
2020,Educación,Doctorado en Educación,281
2020,Educación,Magister en Educación,8881
2020,Educación,Otros Técnicos de Educación,882
2020,Educación,Pedagogía en Artes y Música,3028
2020,Educación,Pedagogía en Ciencias,3310
2020,Educación,Pedagogía en Educación Básica,8293
2020,Educación,Pedagogía en Educación de Párvulos,9433
2020,Educación,Pedagogía en Educación Diferencial,10338
2020,Educación,Pedagogía en Educación Física,9212
2020,Educación,Pedagogía en Educación Media,165
2020,Educación,Pedagogía en Educación Técnico Profesional,207
2020,Educación,Pedagogía en Filosofía y Religión,764
2020,Educación,"Pedagogía en Historia, Geografía y Ciencias Sociales",3650
2020,Educación,Pedagogía en Idiomas,8171
2020,Educación,"Pedagogía en Lenguaje, Comunicación y/o Castellano",4367
2020,Educación,Pedagogía en Matemáticas y Computación,4128
2020,Educación,Postítulo en Educación,4397
2020,Educación,Programas de Formación Pedagógica,753
2020,Educación,Psicopedagogía,10637
2020,Educación,Técnico Asistente del Educador de Párvulos,28274
2020,Educación,Técnico Asistente del Educador Diferencial,10762
2020,"Ingeniería, Industria y Construcción",Arquitectura,13251
2020,"Ingeniería, Industria y Construcción",Bachillerato y/o Licenciatura en Tecnología,359
2020,"Ingeniería, Industria y Construcción",Construcción Civil,13321
2020,"Ingeniería, Industria y Construcción",Diseño Industrial,1333
2020,"Ingeniería, Industria y Construcción",Doctorado en Arte y Arquitectura,67
2020,"Ingeniería, Industria y Construcción",Doctorado en Tecnología,1018
2020,"Ingeniería, Industria y Construcción",Ingeniería Agroindustrial,179
2020,"Ingeniería, Industria y Construcción",Ingeniería Civil Agrícola,152
2020,"Ingeniería, Industria y Construcción",Ingeniería Civil Ambiental,990
2020,"Ingeniería, Industria y Construcción",Ingeniería Civil Bioquímica,341
2020,"Ingeniería, Industria y Construcción",Ingeniería Civil Eléctrica,4123
2020,"Ingeniería, Industria y Construcción",Ingeniería Civil Electrónica,2267
2020,"Ingeniería, Industria y Construcción",Ingeniería Civil en Biomédica,695
2020,"Ingeniería, Industria y Construcción",Ingeniería Civil en Biotecnología y/o Bioingeniería,322
2020,"Ingeniería, Industria y Construcción",Ingeniería Civil en Energía,86
2020,"Ingeniería, Industria y Construcción",Ingeniería Civil en Geografía,136
2020,"Ingeniería, Industria y Construcción",Ingeniería Civil en Industrias Forestales,55
2020,"Ingeniería, Industria y Construcción",Ingeniería Civil en Materiales,133
2020,"Ingeniería, Industria y Construcción",Ingeniería Civil en Minas,4939
2020,"Ingeniería, Industria y Construcción",Ingeniería Civil en Obras Civiles,2984
2020,"Ingeniería, Industria y Construcción",Ingeniería Civil en Sonido y Acústica,125
2020,"Ingeniería, Industria y Construcción",Ingeniería Civil en Telemática,432
2020,"Ingeniería, Industria y Construcción",Ingeniería Civil Industrial,27814
2020,"Ingeniería, Industria y Construcción",Ingeniería Civil Mecánica,4634
2020,"Ingeniería, Industria y Construcción",Ingeniería Civil Metalúrgica,1935
2020,"Ingeniería, Industria y Construcción",Ingeniería Civil Química,2795
2020,"Ingeniería, Industria y Construcción","Ingeniería Civil, plan común y licenciatura en Ciencias de la Ingeniería",17314
2020,"Ingeniería, Industria y Construcción",Ingeniería en Alimentos,1022
2020,"Ingeniería, Industria y Construcción","Ingeniería en Automatización, Instrumentación y Control",3233
2020,"Ingeniería, Industria y Construcción",Ingeniería en Biotecnología y Bioingeniería,2119
2020,"Ingeniería, Industria y Construcción",Ingeniería en Construcción,13794
2020,"Ingeniería, Industria y Construcción",Ingeniería en Electricidad,7826
2020,"Ingeniería, Industria y Construcción",Ingeniería en Electrónica,786
2020,"Ingeniería, Industria y Construcción",Ingeniería en Energía,253
2020,"Ingeniería, Industria y Construcción",Ingeniería en Geomensura y Cartografía,29
2020,"Ingeniería, Industria y Construcción",Ingeniería en Mecánica Automotriz,16606
2020,"Ingeniería, Industria y Construcción",Ingeniería en Mecatrónica,76
2020,"Ingeniería, Industria y Construcción",Ingeniería en Medio Ambiente,2674
2020,"Ingeniería, Industria y Construcción",Ingeniería en Metalurgia,882
2020,"Ingeniería, Industria y Construcción",Ingeniería en Minas,4277
2020,"Ingeniería, Industria y Construcción",Ingeniería en Proyectos Estructurales,98
2020,"Ingeniería, Industria y Construcción",Ingeniería en Química,1560
2020,"Ingeniería, Industria y Construcción",Ingeniería en Refrigeración y Climatización,569
2020,"Ingeniería, Industria y Construcción",Ingeniería en Sonido,1353
2020,"Ingeniería, Industria y Construcción",Ingeniería en Telecomunicaciones,2202
2020,"Ingeniería, Industria y Construcción",Ingeniería Industrial,10024
2020,"Ingeniería, Industria y Construcción",Ingeniería Mecánica,6582
2020,"Ingeniería, Industria y Construcción",Ingeniería Naval,256
2020,"Ingeniería, Industria y Construcción",Magister en Arte y Arquitectura,532
2020,"Ingeniería, Industria y Construcción",Magister en Tecnología,2683
2020,"Ingeniería, Industria y Construcción",Otras Ingenierías,449
2020,"Ingeniería, Industria y Construcción",Otras Ingenierías Civiles,1552
2020,"Ingeniería, Industria y Construcción",Otros Profesionales de Arte y Arquitectura,8
2020,"Ingeniería, Industria y Construcción",Otros Profesionales de Tecnología,674
2020,"Ingeniería, Industria y Construcción",Otros Técnicos de Tecnología,109
2020,"Ingeniería, Industria y Construcción",Paisajismo,52
2020,"Ingeniería, Industria y Construcción",Postítulo en Arte y Arquitectura,76
2020,"Ingeniería, Industria y Construcción",Postítulo en Tecnología,367
2020,"Ingeniería, Industria y Construcción",Química Industrial,260
2020,"Ingeniería, Industria y Construcción",Técnico en Agroindustria,90
2020,"Ingeniería, Industria y Construcción",Técnico en Alimentos,907
2020,"Ingeniería, Industria y Construcción",Técnico en Construcción y Obras Civiles,12067
2020,"Ingeniería, Industria y Construcción",Técnico en Dibujo Arquitectónico,1279
2020,"Ingeniería, Industria y Construcción",Técnico en Dibujo Técnico,97
2020,"Ingeniería, Industria y Construcción",Técnico en Diseño de Áreas Verdes y Paisajismo,69
2020,"Ingeniería, Industria y Construcción",Técnico en Diseño Industrial,49
2020,"Ingeniería, Industria y Construcción",Técnico en Electricidad y Electricidad Industrial,11283
2020,"Ingeniería, Industria y Construcción",Técnico en Electromecánica,1809
2020,"Ingeniería, Industria y Construcción",Técnico en Electrónica y Electrónica Industrial,716
2020,"Ingeniería, Industria y Construcción",Técnico en Energía,1050
2020,"Ingeniería, Industria y Construcción",Técnico en Industria Forestal o de la Madera,2
2020,"Ingeniería, Industria y Construcción","Técnico en Instrumentación, Automatización y Control Industrial",7096
2020,"Ingeniería, Industria y Construcción",Técnico en Mantenimiento Industrial,5963
2020,"Ingeniería, Industria y Construcción",Técnico en Mecánica Automotriz,12358
2020,"Ingeniería, Industria y Construcción",Técnico en Mecánica Industrial,1925
2020,"Ingeniería, Industria y Construcción",Técnico en Mecatrónica,122
2020,"Ingeniería, Industria y Construcción",Técnico en Medio Ambiente (Control y Gestión),142
2020,"Ingeniería, Industria y Construcción",Técnico en Metalurgia,396
2020,"Ingeniería, Industria y Construcción",Técnico en Minería,3763
2020,"Ingeniería, Industria y Construcción",Técnico en Procesos Industriales,314
2020,"Ingeniería, Industria y Construcción",Técnico en Proyecto y Diseño Mecánico,66
2020,"Ingeniería, Industria y Construcción",Técnico en Proyectos de Ingeniería,63
2020,"Ingeniería, Industria y Construcción",Técnico en Refrigeración y Climatización,383
2020,"Ingeniería, Industria y Construcción",Técnico en Telecomunicaciones,1488
2020,"Ingeniería, Industria y Construcción",Técnico en Topografía,2340
2020,"Ingeniería, Industria y Construcción",Técnico en Vitivinicultura y/o Enología,130
2020,Salud y Bienestar,Bachillerato y/o Licenciatura en Salud,1025
2020,Salud y Bienestar,Doctorado en Salud,483
2020,Salud y Bienestar,Enfermería,36013
2020,Salud y Bienestar,Fonoaudiología,10965
2020,Salud y Bienestar,Kinesiología,19977
2020,Salud y Bienestar,Magister en Ciencias Sociales,212
2020,Salud y Bienestar,Magister en Salud,2635
2020,Salud y Bienestar,Medicina,16929
2020,Salud y Bienestar,Naturopatía,142
2020,Salud y Bienestar,Nutrición y Dietética,14660
2020,Salud y Bienestar,Obstetricia y Puericultura,10251
2020,Salud y Bienestar,Odontología,14030
2020,Salud y Bienestar,Orientación Familiar y Relaciones Humanas,14
2020,Salud y Bienestar,Otros Profesionales de Salud,86
2020,Salud y Bienestar,Otros Técnicos de Ciencias Sociales,670
2020,Salud y Bienestar,Otros Técnicos de Salud,70
2020,Salud y Bienestar,Postítulo en Ciencias Sociales,439
2020,Salud y Bienestar,Postítulo en Salud,10499
2020,Salud y Bienestar,Química y Farmacia,6899
2020,Salud y Bienestar,Técnico Dental y Asistente de Odontología,7108
2020,Salud y Bienestar,Técnico en Enfermería,41801
2020,Salud y Bienestar,Técnico en Farmacia,1970
2020,Salud y Bienestar,Técnico en Laboratorio Clínico,2242
2020,Salud y Bienestar,Técnico en Masoterapia,1380
2020,Salud y Bienestar,Técnico en Nutrición y Dietética,139
2020,Salud y Bienestar,Técnico en Óptica,39
2020,Salud y Bienestar,Técnico en Podología,1481
2020,Salud y Bienestar,Técnico en Prevención y Rehabilitación,1464
2020,Salud y Bienestar,Técnico en Radiología y Radioterapia,784
2020,Salud y Bienestar,Técnico en Servicio Social,12594
2020,Salud y Bienestar,Técnico en Terapias Naturales y Naturopatía,454
2020,Salud y Bienestar,Técnico Laboratorista Dental,838
2020,Salud y Bienestar,Tecnología Médica,14340
2020,Salud y Bienestar,Terapia Ocupacional,14053
2020,Salud y Bienestar,Trabajo Social,26811
2020,Servicios,Administración Gastronómica,6664
2020,Servicios,Administración Turística y Hotelera,7463
2020,Servicios,Doctorado en Educación,8
2020,Servicios,Ingeniería en Prevención de Riesgos,9873
2020,Servicios,Ingeniería en Seguridad Privada,2336
2020,Servicios,Ingeniería en Transporte y Tránsito,206
2020,Servicios,Ingeniería Marina y Marítimo Portuaria,529
2020,Servicios,Magister en Administración y Comercio,9
2020,Servicios,Magister en Educación,499
2020,Servicios,Magister en Tecnología,83
2020,Servicios,Otras Ingenierías,175
2020,Servicios,Otras Ingenierías Civiles,137
2020,Servicios,Otros Profesionales de Arte y Arquitectura,1186
2020,Servicios,Otros Profesionales de Educación,1759
2020,Servicios,Otros Profesionales de Tecnología,4
2020,Servicios,Otros Técnicos de Tecnología,58
2020,Servicios,Postítulo en Administración y Comercio,65
2020,Servicios,Postítulo en Educación,21
2020,Servicios,Postítulo en Tecnología,230
2020,Servicios,"Técnico en Deporte, Recreación y Preparación Física",10018
2020,Servicios,Técnico en Gastronomía y Cocina,10596
2020,Servicios,Técnico en Peluquería y Estética,5750
2020,Servicios,Técnico en Prevención de Riesgos,2964
2020,Servicios,Técnico en Seguridad Privada,54
2020,Servicios,Técnico en Transporte Marítimo y Puertos,271
2020,Servicios,Técnico en Turismo y Hotelería,6054
2020,Tecnología de la Información y la Comunicación (TIC),Doctorado en Tecnología,102
2020,Tecnología de la Información y la Comunicación (TIC),Ingeniería Civil en Computación e Informática,10238
2020,Tecnología de la Información y la Comunicación (TIC),Ingeniería en Computación e Informática,18744
2020,Tecnología de la Información y la Comunicación (TIC),Ingeniería en Conectividad y Redes,3419
2020,Tecnología de la Información y la Comunicación (TIC),Magister en Tecnología,704
2020,Tecnología de la Información y la Comunicación (TIC),Otras Ingenierías,9
2020,Tecnología de la Información y la Comunicación (TIC),Otras Ingenierías Civiles,135
2020,Tecnología de la Información y la Comunicación (TIC),Otros Profesionales de Tecnología,694
2020,Tecnología de la Información y la Comunicación (TIC),Postítulo en Tecnología,179
2020,Tecnología de la Información y la Comunicación (TIC),Técnico en Administración de Redes y Soporte,2202
2020,Tecnología de la Información y la Comunicación (TIC),Técnico en Análisis de Sistemas,123
2020,Tecnología de la Información y la Comunicación (TIC),Técnico en Computación e Informática,12330
2020,Tecnología de la Información y la Comunicación (TIC),"Técnico en Producción, Desarrollo y Diseño Web",235
2021,Administración de Empresas y Derecho,Administración de Empresas e Ing. Asociadas,34616
2021,Administración de Empresas y Derecho,Administración Pública,10114
2021,Administración de Empresas y Derecho,Bachillerato y/o Licenciatura en Administración y Comercio,6
2021,Administración de Empresas y Derecho,Bachillerato y/o Licenciatura en Derecho,36
2021,Administración de Empresas y Derecho,Contador Auditor,25759
2021,Administración de Empresas y Derecho,Derecho,45840
2021,Administración de Empresas y Derecho,Doctorado en Administración y Comercio,102
2021,Administración de Empresas y Derecho,Doctorado en Derecho,190
2021,Administración de Empresas y Derecho,Ingeniería Comercial,46673
2021,Administración de Empresas y Derecho,Ingeniería en Comercio Exterior,3996
2021,Administración de Empresas y Derecho,Ingeniería en Control de Gestión,3996
2021,Administración de Empresas y Derecho,Ingeniería en Finanzas,3933
2021,Administración de Empresas y Derecho,Ingeniería en Gestión Pública,1801
2021,Administración de Empresas y Derecho,Ingeniería en Gestión y Control de Calidad,367
2021,Administración de Empresas y Derecho,Ingeniería en Logística,5206
2021,Administración de Empresas y Derecho,Ingeniería en Marketing,2965
2021,Administración de Empresas y Derecho,Ingeniería en Recursos Humanos,7065
2021,Administración de Empresas y Derecho,Magister en Administración y Comercio,13177
2021,Administración de Empresas y Derecho,Magister en Ciencias Sociales,645
2021,Administración de Empresas y Derecho,Magister en Derecho,3399
2021,Administración de Empresas y Derecho,Otros Profesionales de Administración y Comercio,88
2021,Administración de Empresas y Derecho,Otros Técnicos de Administración y Comercio,456
2021,Administración de Empresas y Derecho,Otros Técnicos de Ciencias Sociales,98
2021,Administración de Empresas y Derecho,Postítulo en Administración y Comercio,6181
2021,Administración de Empresas y Derecho,Postítulo en Ciencias Sociales,603
2021,Administración de Empresas y Derecho,Postítulo en Derecho,2079
2021,Administración de Empresas y Derecho,Publicidad,4124
2021,Administración de Empresas y Derecho,Relaciones Públicas,1375
2021,Administración de Empresas y Derecho,Secretariado Bilingüe,302
2021,Administración de Empresas y Derecho,Secretariado Computacional,24
2021,Administración de Empresas y Derecho,Secretariado Ejecutivo,178
2021,Administración de Empresas y Derecho,Técnico Agente o Visitador Médico,6
2021,Administración de Empresas y Derecho,Técnico en Administración de Empresas,30816
2021,Administración de Empresas y Derecho,Técnico en Administración de Recursos Humanos y Personal,4958
2021,Administración de Empresas y Derecho,Técnico en Administración de Ventas,344
2021,Administración de Empresas y Derecho,Técnico en Administración en Marketing,1156
2021,Administración de Empresas y Derecho,Técnico en Administración Financiera y Finanzas,1556
2021,Administración de Empresas y Derecho,Técnico en Administración Pública o Municipal,3701
2021,Administración de Empresas y Derecho,Técnico en Comercio Exterior,2225
2021,Administración de Empresas y Derecho,Técnico en Contabilidad Computacional,1
2021,Administración de Empresas y Derecho,Técnico en Contabilidad General,8367
2021,Administración de Empresas y Derecho,Técnico en Contabilidad Tributaria,155
2021,Administración de Empresas y Derecho,Técnico en Gestión y Control de Calidad,123
2021,Administración de Empresas y Derecho,Técnico en Logística,9906
2021,Administración de Empresas y Derecho,Técnico en Producción de Eventos,187
2021,Administración de Empresas y Derecho,Técnico en Publicidad,43
2021,Administración de Empresas y Derecho,Técnico en Relaciones Públicas,300
2021,Administración de Empresas y Derecho,Técnico Jurídico,3672
2021,"Agricultura, Silvicultura, Pesca y Veterinaria",Agronomía,7301
2021,"Agricultura, Silvicultura, Pesca y Veterinaria",Doctorado en Agropecuaria,324
2021,"Agricultura, Silvicultura, Pesca y Veterinaria",Ingeniería Agrícola,4342
2021,"Agricultura, Silvicultura, Pesca y Veterinaria",Ingeniería en Acuicultura y Pesca,51
2021,"Agricultura, Silvicultura, Pesca y Veterinaria",Ingeniería en Vitivinicultura,10
2021,"Agricultura, Silvicultura, Pesca y Veterinaria",Ingeniería Forestal,663
2021,"Agricultura, Silvicultura, Pesca y Veterinaria",Magister en Administración y Comercio,31
2021,"Agricultura, Silvicultura, Pesca y Veterinaria",Magister en Agropecuaria,446
2021,"Agricultura, Silvicultura, Pesca y Veterinaria",Medicina Veterinaria,14378
2021,"Agricultura, Silvicultura, Pesca y Veterinaria",Postítulo en Agropecuaria,299
2021,"Agricultura, Silvicultura, Pesca y Veterinaria",Técnico Agropecuario,5092
2021,"Agricultura, Silvicultura, Pesca y Veterinaria",Técnico en Acuicultura y Pesca,357
2021,"Agricultura, Silvicultura, Pesca y Veterinaria",Técnico en Vitivinicultura y/o Enología,74
2021,"Agricultura, Silvicultura, Pesca y Veterinaria",Técnico Veterinario,3322
2021,Artes y Humanidades,Actuación y Teatro,1773
2021,Artes y Humanidades,Animación Digital,2061
2021,Artes y Humanidades,Arqueología,354
2021,Artes y Humanidades,Artes y Licenciatura en Artes,3138
2021,Artes y Humanidades,Bachillerato y/o Licenciatura en Humanidades,672
2021,Artes y Humanidades,Comunicación Audiovisual y/o Multimedia,3137
2021,Artes y Humanidades,Diseño,5214
2021,Artes y Humanidades,Diseño de Ambientes e Interiores,757
2021,Artes y Humanidades,Diseño de Vestuario,1621
2021,Artes y Humanidades,Diseño Gráfico,7521
2021,Artes y Humanidades,Diseño Teatral,112
2021,Artes y Humanidades,Doctorado en Arte y Arquitectura,24
2021,Artes y Humanidades,Doctorado en Ciencias Sociales,152
2021,Artes y Humanidades,Doctorado en Humanidades,679
2021,Artes y Humanidades,Filosofía,646
2021,Artes y Humanidades,Fotografía,571
2021,Artes y Humanidades,Historia,1697
2021,Artes y Humanidades,Licenciatura en Letras y Literatura,2064
2021,Artes y Humanidades,Magister en Arte y Arquitectura,596
2021,Artes y Humanidades,Magister en Ciencias Sociales,319
2021,Artes y Humanidades,Magister en Humanidades,1284
2021,Artes y Humanidades,"Música, Canto o Danza",4630
2021,Artes y Humanidades,Otros Profesionales de Arte y Arquitectura,1098
2021,Artes y Humanidades,Otros Profesionales de Humanidades,112
2021,Artes y Humanidades,Otros Técnicos de Arte y Arquitectura,920
2021,Artes y Humanidades,Postítulo en Arte y Arquitectura,303
2021,Artes y Humanidades,Postítulo en Ciencias Sociales,22
2021,Artes y Humanidades,Postítulo en Humanidades,638
2021,Artes y Humanidades,Realizador de Cine y Televisión,1549
2021,Artes y Humanidades,Técnico en Ambientes e Interiores,125
2021,Artes y Humanidades,Técnico en Comunicación Audiovisual,942
2021,Artes y Humanidades,Técnico en Diseño de Vestuario,147
2021,Artes y Humanidades,Técnico en Diseño Gráfico,880
2021,Artes y Humanidades,Técnico en Fotografía,212
2021,Artes y Humanidades,Técnico en Producción de Videojuegos,58
2021,Artes y Humanidades,Técnico en Producción Gráfica y Multimedia,578
2021,Artes y Humanidades,Técnico en Sonido,1337
2021,Artes y Humanidades,Técnico en Traducción e Interpretariado,828
2021,Artes y Humanidades,Traducción e Interpretación,3432
2021,"Ciencias naturales, matemáticas y estadística",Analista Químico,447
2021,"Ciencias naturales, matemáticas y estadística",Bachillerato y/o Licenciatura en Ciencias Básicas,4011
2021,"Ciencias naturales, matemáticas y estadística",Biología,1184
2021,"Ciencias naturales, matemáticas y estadística",Biología Marina y Ecología Marina,1497
2021,"Ciencias naturales, matemáticas y estadística",Bioquímica,2579
2021,"Ciencias naturales, matemáticas y estadística",Biotecnología,501
2021,"Ciencias naturales, matemáticas y estadística",Doctorado en Ciencias Básicas,2103
2021,"Ciencias naturales, matemáticas y estadística",Doctorado en Tecnología,162
2021,"Ciencias naturales, matemáticas y estadística",Física y Astronomía,2221
2021,"Ciencias naturales, matemáticas y estadística",Geología,3971
2021,"Ciencias naturales, matemáticas y estadística",Ingeniería Civil en Geomática y Geomensura,70
2021,"Ciencias naturales, matemáticas y estadística",Ingeniería Civil Matemática y Estadística,902
2021,"Ciencias naturales, matemáticas y estadística",Ingeniería en Geomensura y Cartografía,1577
2021,"Ciencias naturales, matemáticas y estadística",Ingeniería en Matemática y Estadística,770
2021,"Ciencias naturales, matemáticas y estadística",Ingeniería en Recursos Renovables,1746
2021,"Ciencias naturales, matemáticas y estadística",Magister en Ciencias Básicas,2102
2021,"Ciencias naturales, matemáticas y estadística",Magister en Tecnología,278
2021,"Ciencias naturales, matemáticas y estadística",Matemática y/o Estadística,603
2021,"Ciencias naturales, matemáticas y estadística",Otras Ingenierías,331
2021,"Ciencias naturales, matemáticas y estadística",Otras Ingenierías Civiles,34
2021,"Ciencias naturales, matemáticas y estadística",Otros Profesionales de Ciencias Básicas,93
2021,"Ciencias naturales, matemáticas y estadística",Otros Técnicos de Ciencias Básicas,27
2021,"Ciencias naturales, matemáticas y estadística",Postítulo en Ciencias Básicas,970
2021,"Ciencias naturales, matemáticas y estadística",Postítulo en Tecnología,133
2021,"Ciencias naturales, matemáticas y estadística",Química Ambiental,343
2021,"Ciencias naturales, matemáticas y estadística","Química, Licenciado en Química",984
2021,"Ciencias naturales, matemáticas y estadística",Técnico en Análisis de Datos,10
2021,"Ciencias naturales, matemáticas y estadística",Técnico en Geología,390
2021,"Ciencias naturales, matemáticas y estadística",Técnico en Geominería,143
2021,"Ciencias naturales, matemáticas y estadística",Técnico en Medio Ambiente (Control y Gestión),800
2021,"Ciencias naturales, matemáticas y estadística",Técnico en Química (Análisis e Industrial),771
2021,"Ciencias Sociales, Periodismo e Información",Antropología,2189
2021,"Ciencias Sociales, Periodismo e Información",Bachillerato y/o Licenciatura en Ciencias Sociales,1426
2021,"Ciencias Sociales, Periodismo e Información",Bibliotecología,468
2021,"Ciencias Sociales, Periodismo e Información",Ciencias Políticas,1864
2021,"Ciencias Sociales, Periodismo e Información",Doctorado en Ciencias Sociales,856
2021,"Ciencias Sociales, Periodismo e Información",Geografía,1596
2021,"Ciencias Sociales, Periodismo e Información",Magister en Ciencias Sociales,5433
2021,"Ciencias Sociales, Periodismo e Información",Magister en Humanidades,15
2021,"Ciencias Sociales, Periodismo e Información",Otros Profesionales de Ciencias Sociales,539
2021,"Ciencias Sociales, Periodismo e Información",Periodismo,7563
2021,"Ciencias Sociales, Periodismo e Información",Postítulo en Ciencias Sociales,2616
2021,"Ciencias Sociales, Periodismo e Información",Postítulo en Humanidades,6
2021,"Ciencias Sociales, Periodismo e Información",Psicología,41630
2021,"Ciencias Sociales, Periodismo e Información",Sociología,3300
2021,"Ciencias Sociales, Periodismo e Información",Técnico en Bibliotecas y Centros de Documentación,256
2021,"Ciencias Sociales, Periodismo e Información",Técnico en Comunicación Social,121
2021,Educación,Bachillerato y/o Licenciatura en Educación,1425
2021,Educación,Doctorado en Educación,347
2021,Educación,Magister en Educación,9619
2021,Educación,Otros Técnicos de Educación,792
2021,Educación,Pedagogía en Artes y Música,2939
2021,Educación,Pedagogía en Ciencias,3338
2021,Educación,Pedagogía en Educación Básica,8079
2021,Educación,Pedagogía en Educación de Párvulos,8178
2021,Educación,Pedagogía en Educación Diferencial,9507
2021,Educación,Pedagogía en Educación Física,8016
2021,Educación,Pedagogía en Educación Media,191
2021,Educación,Pedagogía en Educación Técnico Profesional,248
2021,Educación,Pedagogía en Filosofía y Religión,775
2021,Educación,"Pedagogía en Historia, Geografía y Ciencias Sociales",3667
2021,Educación,Pedagogía en Idiomas,7920
2021,Educación,"Pedagogía en Lenguaje, Comunicación y/o Castellano",4469
2021,Educación,Pedagogía en Matemáticas y Computación,4220
2021,Educación,Postítulo en Educación,6896
2021,Educación,Programas de Formación Pedagógica,976
2021,Educación,Psicopedagogía,10964
2021,Educación,Técnico Asistente del Educador de Párvulos,25494
2021,Educación,Técnico Asistente del Educador Diferencial,10586
2021,"Ingeniería, Industria y Construcción",Arquitectura,14468
2021,"Ingeniería, Industria y Construcción",Bachillerato y/o Licenciatura en Tecnología,271
2021,"Ingeniería, Industria y Construcción",Construcción Civil,13614
2021,"Ingeniería, Industria y Construcción",Diseño Industrial,1311
2021,"Ingeniería, Industria y Construcción",Doctorado en Arte y Arquitectura,82
2021,"Ingeniería, Industria y Construcción",Doctorado en Tecnología,1114
2021,"Ingeniería, Industria y Construcción",Ingeniería Agroindustrial,166
2021,"Ingeniería, Industria y Construcción",Ingeniería Civil Agrícola,144
2021,"Ingeniería, Industria y Construcción",Ingeniería Civil Ambiental,1156
2021,"Ingeniería, Industria y Construcción",Ingeniería Civil Bioquímica,345
2021,"Ingeniería, Industria y Construcción",Ingeniería Civil Eléctrica,4607
2021,"Ingeniería, Industria y Construcción",Ingeniería Civil Electrónica,2441
2021,"Ingeniería, Industria y Construcción",Ingeniería Civil en Biomédica,823
2021,"Ingeniería, Industria y Construcción",Ingeniería Civil en Biotecnología y/o Bioingeniería,423
2021,"Ingeniería, Industria y Construcción",Ingeniería Civil en Energía,80
2021,"Ingeniería, Industria y Construcción",Ingeniería Civil en Geografía,119
2021,"Ingeniería, Industria y Construcción",Ingeniería Civil en Industrias Forestales,72
2021,"Ingeniería, Industria y Construcción",Ingeniería Civil en Materiales,127
2021,"Ingeniería, Industria y Construcción",Ingeniería Civil en Minas,5255
2021,"Ingeniería, Industria y Construcción",Ingeniería Civil en Obras Civiles,3207
2021,"Ingeniería, Industria y Construcción",Ingeniería Civil en Sonido y Acústica,125
2021,"Ingeniería, Industria y Construcción",Ingeniería Civil en Telemática,506
2021,"Ingeniería, Industria y Construcción",Ingeniería Civil Industrial,30026
2021,"Ingeniería, Industria y Construcción",Ingeniería Civil Mecánica,5000
2021,"Ingeniería, Industria y Construcción",Ingeniería Civil Metalúrgica,1893
2021,"Ingeniería, Industria y Construcción",Ingeniería Civil Química,3098
2021,"Ingeniería, Industria y Construcción","Ingeniería Civil, plan común y licenciatura en Ciencias de la Ingeniería",18241
2021,"Ingeniería, Industria y Construcción",Ingeniería en Alimentos,1000
2021,"Ingeniería, Industria y Construcción","Ingeniería en Automatización, Instrumentación y Control",3506
2021,"Ingeniería, Industria y Construcción",Ingeniería en Biotecnología y Bioingeniería,2227
2021,"Ingeniería, Industria y Construcción",Ingeniería en Construcción,13375
2021,"Ingeniería, Industria y Construcción",Ingeniería en Electricidad,8912
2021,"Ingeniería, Industria y Construcción",Ingeniería en Electrónica,747
2021,"Ingeniería, Industria y Construcción",Ingeniería en Energía,235
2021,"Ingeniería, Industria y Construcción",Ingeniería en Geomensura y Cartografía,24
2021,"Ingeniería, Industria y Construcción",Ingeniería en Industria de la Madera,1
2021,"Ingeniería, Industria y Construcción",Ingeniería en Mecánica Automotriz,15895
2021,"Ingeniería, Industria y Construcción",Ingeniería en Mecatrónica,124
2021,"Ingeniería, Industria y Construcción",Ingeniería en Medio Ambiente,2733
2021,"Ingeniería, Industria y Construcción",Ingeniería en Metalurgia,918
2021,"Ingeniería, Industria y Construcción",Ingeniería en Minas,4675
2021,"Ingeniería, Industria y Construcción",Ingeniería en Proyectos Estructurales,101
2021,"Ingeniería, Industria y Construcción",Ingeniería en Química,1424
2021,"Ingeniería, Industria y Construcción",Ingeniería en Refrigeración y Climatización,440
2021,"Ingeniería, Industria y Construcción",Ingeniería en Sonido,1444
2021,"Ingeniería, Industria y Construcción",Ingeniería en Telecomunicaciones,2027
2021,"Ingeniería, Industria y Construcción",Ingeniería Industrial,11649
2021,"Ingeniería, Industria y Construcción",Ingeniería Mecánica,5967
2021,"Ingeniería, Industria y Construcción",Ingeniería Naval,221
2021,"Ingeniería, Industria y Construcción",Magister en Arte y Arquitectura,583
2021,"Ingeniería, Industria y Construcción",Magister en Tecnología,3335
2021,"Ingeniería, Industria y Construcción",Otras Ingenierías,604
2021,"Ingeniería, Industria y Construcción",Otras Ingenierías Civiles,1673
2021,"Ingeniería, Industria y Construcción",Otros Profesionales de Arte y Arquitectura,8
2021,"Ingeniería, Industria y Construcción",Otros Profesionales de Tecnología,720
2021,"Ingeniería, Industria y Construcción",Otros Técnicos de Tecnología,166
2021,"Ingeniería, Industria y Construcción",Paisajismo,56
2021,"Ingeniería, Industria y Construcción",Postítulo en Arte y Arquitectura,151
2021,"Ingeniería, Industria y Construcción",Postítulo en Tecnología,762
2021,"Ingeniería, Industria y Construcción",Química Industrial,242
2021,"Ingeniería, Industria y Construcción",Técnico en Agroindustria,118
2021,"Ingeniería, Industria y Construcción",Técnico en Alimentos,824
2021,"Ingeniería, Industria y Construcción",Técnico en Construcción y Obras Civiles,11797
2021,"Ingeniería, Industria y Construcción",Técnico en Dibujo Arquitectónico,1132
2021,"Ingeniería, Industria y Construcción",Técnico en Dibujo Técnico,93
2021,"Ingeniería, Industria y Construcción",Técnico en Diseño de Áreas Verdes y Paisajismo,98
2021,"Ingeniería, Industria y Construcción",Técnico en Diseño Industrial,33
2021,"Ingeniería, Industria y Construcción",Técnico en Electricidad y Electricidad Industrial,11063
2021,"Ingeniería, Industria y Construcción",Técnico en Electromecánica,1561
2021,"Ingeniería, Industria y Construcción",Técnico en Electrónica y Electrónica Industrial,575
2021,"Ingeniería, Industria y Construcción",Técnico en Energía,1001
2021,"Ingeniería, Industria y Construcción","Técnico en Instrumentación, Automatización y Control Industrial",7431
2021,"Ingeniería, Industria y Construcción",Técnico en Mantenimiento Industrial,5593
2021,"Ingeniería, Industria y Construcción",Técnico en Mecánica Automotriz,10496
2021,"Ingeniería, Industria y Construcción",Técnico en Mecánica Industrial,1754
2021,"Ingeniería, Industria y Construcción",Técnico en Mecatrónica,126
2021,"Ingeniería, Industria y Construcción",Técnico en Medio Ambiente (Control y Gestión),122
2021,"Ingeniería, Industria y Construcción",Técnico en Metalurgia,393
2021,"Ingeniería, Industria y Construcción",Técnico en Minería,3964
2021,"Ingeniería, Industria y Construcción",Técnico en Procesos Industriales,226
2021,"Ingeniería, Industria y Construcción",Técnico en Proyecto y Diseño Mecánico,51
2021,"Ingeniería, Industria y Construcción",Técnico en Proyectos de Ingeniería,52
2021,"Ingeniería, Industria y Construcción",Técnico en Refrigeración y Climatización,196
2021,"Ingeniería, Industria y Construcción",Técnico en Telecomunicaciones,1600
2021,"Ingeniería, Industria y Construcción",Técnico en Topografía,2146
2021,"Ingeniería, Industria y Construcción",Técnico en Vitivinicultura y/o Enología,127
2021,Salud y Bienestar,Bachillerato y/o Licenciatura en Salud,1129
2021,Salud y Bienestar,Doctorado en Salud,473
2021,Salud y Bienestar,Enfermería,38826
2021,Salud y Bienestar,Fonoaudiología,11154
2021,Salud y Bienestar,Kinesiología,21957
2021,Salud y Bienestar,Magister en Ciencias Sociales,195
2021,Salud y Bienestar,Magister en Salud,3445
2021,Salud y Bienestar,Medicina,17843
2021,Salud y Bienestar,Naturopatía,186
2021,Salud y Bienestar,Nutrición y Dietética,15416
2021,Salud y Bienestar,Obstetricia y Puericultura,11801
2021,Salud y Bienestar,Odontología,14480
2021,Salud y Bienestar,Orientación Familiar y Relaciones Humanas,1
2021,Salud y Bienestar,Otros Profesionales de Ciencias Sociales,11
2021,Salud y Bienestar,Otros Profesionales de Salud,62
2021,Salud y Bienestar,Otros Técnicos de Ciencias Sociales,679
2021,Salud y Bienestar,Otros Técnicos de Salud,8
2021,Salud y Bienestar,Postítulo en Ciencias Sociales,595
2021,Salud y Bienestar,Postítulo en Salud,13799
2021,Salud y Bienestar,Química y Farmacia,8052
2021,Salud y Bienestar,Técnico Dental y Asistente de Odontología,7273
2021,Salud y Bienestar,Técnico en Enfermería,47183
2021,Salud y Bienestar,Técnico en Farmacia,2802
2021,Salud y Bienestar,Técnico en Laboratorio Clínico,2484
2021,Salud y Bienestar,Técnico en Masoterapia,1475
2021,Salud y Bienestar,Técnico en Nutrición y Dietética,182
2021,Salud y Bienestar,Técnico en Óptica,62
2021,Salud y Bienestar,Técnico en Podología,2234
2021,Salud y Bienestar,Técnico en Prevención y Rehabilitación,1597
2021,Salud y Bienestar,Técnico en Radiología y Radioterapia,781
2021,Salud y Bienestar,Técnico en Servicio Social,13438
2021,Salud y Bienestar,Técnico en Terapias Naturales y Naturopatía,454
2021,Salud y Bienestar,Técnico Laboratorista Dental,1042
2021,Salud y Bienestar,Tecnología Médica,16158
2021,Salud y Bienestar,Terapia Ocupacional,15562
2021,Salud y Bienestar,Trabajo Social,31199
2021,Servicios,Administración Gastronómica,6652
2021,Servicios,Administración Turística y Hotelera,7301
2021,Servicios,Doctorado en Educación,5
2021,Servicios,Ingeniería en Prevención de Riesgos,9296
2021,Servicios,Ingeniería en Seguridad Privada,2786
2021,Servicios,Ingeniería en Transporte y Tránsito,187
2021,Servicios,Ingeniería Marina y Marítimo Portuaria,568
2021,Servicios,Magister en Administración y Comercio,1
2021,Servicios,Magister en Educación,593
2021,Servicios,Magister en Tecnología,245
2021,Servicios,Otras Ingenierías,211
2021,Servicios,Otras Ingenierías Civiles,115
2021,Servicios,Otros Profesionales de Arte y Arquitectura,1290
2021,Servicios,Otros Profesionales de Educación,1833
2021,Servicios,Otros Técnicos de Tecnología,89
2021,Servicios,Postítulo en Educación,20
2021,Servicios,Postítulo en Tecnología,499
2021,Servicios,"Técnico en Deporte, Recreación y Preparación Física",9239
2021,Servicios,Técnico en Gastronomía y Cocina,10396
2021,Servicios,Técnico en Peluquería y Estética,6559
2021,Servicios,Técnico en Prevención de Riesgos,3339
2021,Servicios,Técnico en Seguridad Privada,124
2021,Servicios,Técnico en Transporte Marítimo y Puertos,309
2021,Servicios,Técnico en Turismo y Hotelería,5014
2021,Tecnología de la Información y la Comunicación (TIC),Doctorado en Tecnología,116
2021,Tecnología de la Información y la Comunicación (TIC),Ingeniería Civil en Computación e Informática,11936
2021,Tecnología de la Información y la Comunicación (TIC),Ingeniería en Computación e Informática,21443
2021,Tecnología de la Información y la Comunicación (TIC),Ingeniería en Conectividad y Redes,3686
2021,Tecnología de la Información y la Comunicación (TIC),Magister en Tecnología,777
2021,Tecnología de la Información y la Comunicación (TIC),Otras Ingenierías,4
2021,Tecnología de la Información y la Comunicación (TIC),Otras Ingenierías Civiles,143
2021,Tecnología de la Información y la Comunicación (TIC),Otros Profesionales de Tecnología,721
2021,Tecnología de la Información y la Comunicación (TIC),Postítulo en Tecnología,506
2021,Tecnología de la Información y la Comunicación (TIC),Técnico en Administración de Redes y Soporte,1834
2021,Tecnología de la Información y la Comunicación (TIC),Técnico en Análisis de Sistemas,89
2021,Tecnología de la Información y la Comunicación (TIC),Técnico en Computación e Informática,13193
2021,Tecnología de la Información y la Comunicación (TIC),"Técnico en Producción, Desarrollo y Diseño Web",233
2022,Administración de Empresas y Derecho,Administración de Empresas e Ing. Asociadas,34363
2022,Administración de Empresas y Derecho,Administración Pública,11504
2022,Administración de Empresas y Derecho,Bachillerato y/o Licenciatura en Administración y Comercio,42
2022,Administración de Empresas y Derecho,Bachillerato y/o Licenciatura en Derecho,35
2022,Administración de Empresas y Derecho,Contador Auditor,24531
2022,Administración de Empresas y Derecho,Derecho,46021
2022,Administración de Empresas y Derecho,Doctorado en Administración y Comercio,48
2022,Administración de Empresas y Derecho,Doctorado en Derecho,214
2022,Administración de Empresas y Derecho,Ingeniería Comercial,46505
2022,Administración de Empresas y Derecho,Ingeniería en Comercio Exterior,4281
2022,Administración de Empresas y Derecho,Ingeniería en Control de Gestión,4007
2022,Administración de Empresas y Derecho,Ingeniería en Finanzas,4366
2022,Administración de Empresas y Derecho,Ingeniería en Gestión Pública,1925
2022,Administración de Empresas y Derecho,Ingeniería en Gestión y Control de Calidad,557
2022,Administración de Empresas y Derecho,Ingeniería en Logística,7067
2022,Administración de Empresas y Derecho,Ingeniería en Marketing,3025
2022,Administración de Empresas y Derecho,Ingeniería en Recursos Humanos,6856
2022,Administración de Empresas y Derecho,Magister en Administración y Comercio,12984
2022,Administración de Empresas y Derecho,Magister en Ciencias Sociales,709
2022,Administración de Empresas y Derecho,Magister en Derecho,3345
2022,Administración de Empresas y Derecho,Otros Profesionales de Administración y Comercio,54
2022,Administración de Empresas y Derecho,Otros Técnicos de Administración y Comercio,402
2022,Administración de Empresas y Derecho,Otros Técnicos de Ciencias Sociales,66
2022,Administración de Empresas y Derecho,Postítulo en Administración y Comercio,5611
2022,Administración de Empresas y Derecho,Postítulo en Ciencias Sociales,530
2022,Administración de Empresas y Derecho,Postítulo en Derecho,1586
2022,Administración de Empresas y Derecho,Publicidad,4142
2022,Administración de Empresas y Derecho,Relaciones Públicas,1184
2022,Administración de Empresas y Derecho,Secretariado Bilingüe,211
2022,Administración de Empresas y Derecho,Secretariado Ejecutivo,153
2022,Administración de Empresas y Derecho,Técnico en Administración de Empresas,29878
2022,Administración de Empresas y Derecho,Técnico en Administración de Recursos Humanos y Personal,4435
2022,Administración de Empresas y Derecho,Técnico en Administración de Ventas,345
2022,Administración de Empresas y Derecho,Técnico en Administración en Marketing,1777
2022,Administración de Empresas y Derecho,Técnico en Administración Financiera y Finanzas,1119
2022,Administración de Empresas y Derecho,Técnico en Administración Pública o Municipal,3935
2022,Administración de Empresas y Derecho,Técnico en Comercio Exterior,2446
2022,Administración de Empresas y Derecho,Técnico en Contabilidad General,8266
2022,Administración de Empresas y Derecho,Técnico en Contabilidad Tributaria,150
2022,Administración de Empresas y Derecho,Técnico en Gestión y Control de Calidad,146
2022,Administración de Empresas y Derecho,Técnico en Logística,10599
2022,Administración de Empresas y Derecho,Técnico en Producción de Eventos,126
2022,Administración de Empresas y Derecho,Técnico en Publicidad,57
2022,Administración de Empresas y Derecho,Técnico en Relaciones Públicas,221
2022,Administración de Empresas y Derecho,Técnico Jurídico,4018
2022,"Agricultura, Silvicultura, Pesca y Veterinaria",Agronomía,7142
2022,"Agricultura, Silvicultura, Pesca y Veterinaria",Doctorado en Agropecuaria,317
2022,"Agricultura, Silvicultura, Pesca y Veterinaria",Ingeniería Agrícola,4197
2022,"Agricultura, Silvicultura, Pesca y Veterinaria",Ingeniería en Acuicultura y Pesca,40
2022,"Agricultura, Silvicultura, Pesca y Veterinaria",Ingeniería en Vitivinicultura,5
2022,"Agricultura, Silvicultura, Pesca y Veterinaria",Ingeniería Forestal,598
2022,"Agricultura, Silvicultura, Pesca y Veterinaria",Magister en Administración y Comercio,47
2022,"Agricultura, Silvicultura, Pesca y Veterinaria",Magister en Agropecuaria,447
2022,"Agricultura, Silvicultura, Pesca y Veterinaria",Medicina Veterinaria,15711
2022,"Agricultura, Silvicultura, Pesca y Veterinaria",Postítulo en Administración y Comercio,44
2022,"Agricultura, Silvicultura, Pesca y Veterinaria",Postítulo en Agropecuaria,374
2022,"Agricultura, Silvicultura, Pesca y Veterinaria",Técnico Agropecuario,4889
2022,"Agricultura, Silvicultura, Pesca y Veterinaria",Técnico en Acuicultura y Pesca,383
2022,"Agricultura, Silvicultura, Pesca y Veterinaria",Técnico en Vitivinicultura y/o Enología,57
2022,"Agricultura, Silvicultura, Pesca y Veterinaria",Técnico Veterinario,3835
2022,Artes y Humanidades,Actuación y Teatro,1865
2022,Artes y Humanidades,Animación Digital,2445
2022,Artes y Humanidades,Arqueología,372
2022,Artes y Humanidades,Artes y Licenciatura en Artes,3237
2022,Artes y Humanidades,Bachillerato y/o Licenciatura en Humanidades,680
2022,Artes y Humanidades,Comunicación Audiovisual y/o Multimedia,3477
2022,Artes y Humanidades,Diseño,5458
2022,Artes y Humanidades,Diseño de Ambientes e Interiores,822
2022,Artes y Humanidades,Diseño de Vestuario,1596
2022,Artes y Humanidades,Diseño Gráfico,7427
2022,Artes y Humanidades,Diseño Teatral,119
2022,Artes y Humanidades,Doctorado en Arte y Arquitectura,25
2022,Artes y Humanidades,Doctorado en Ciencias Sociales,169
2022,Artes y Humanidades,Doctorado en Humanidades,701
2022,Artes y Humanidades,Filosofía,632
2022,Artes y Humanidades,Fotografía,520
2022,Artes y Humanidades,Historia,1649
2022,Artes y Humanidades,Licenciatura en Letras y Literatura,2087
2022,Artes y Humanidades,Magister en Arte y Arquitectura,705
2022,Artes y Humanidades,Magister en Ciencias Sociales,310
2022,Artes y Humanidades,Magister en Humanidades,1379
2022,Artes y Humanidades,"Música, Canto o Danza",4737
2022,Artes y Humanidades,Otros Profesionales de Arte y Arquitectura,1221
2022,Artes y Humanidades,Otros Profesionales de Humanidades,90
2022,Artes y Humanidades,Otros Técnicos de Arte y Arquitectura,1062
2022,Artes y Humanidades,Otros Técnicos de Humanidades,30
2022,Artes y Humanidades,Postítulo en Arte y Arquitectura,319
2022,Artes y Humanidades,Postítulo en Ciencias Sociales,13
2022,Artes y Humanidades,Postítulo en Humanidades,583
2022,Artes y Humanidades,Realizador de Cine y Televisión,1556
2022,Artes y Humanidades,Técnico en Ambientes e Interiores,108
2022,Artes y Humanidades,Técnico en Comunicación Audiovisual,788
2022,Artes y Humanidades,Técnico en Diseño de Vestuario,337
2022,Artes y Humanidades,Técnico en Diseño Gráfico,1073
2022,Artes y Humanidades,Técnico en Fotografía,94
2022,Artes y Humanidades,Técnico en Producción de Videojuegos,89
2022,Artes y Humanidades,Técnico en Producción Gráfica y Multimedia,1367
2022,Artes y Humanidades,Técnico en Sonido,1399
2022,Artes y Humanidades,Técnico en Traducción e Interpretariado,742
2022,Artes y Humanidades,Traducción e Interpretación,3599
2022,"Ciencias naturales, matemáticas y estadística",Analista Químico,440
2022,"Ciencias naturales, matemáticas y estadística",Bachillerato y/o Licenciatura en Ciencias Básicas,3653
2022,"Ciencias naturales, matemáticas y estadística",Biología,1255
2022,"Ciencias naturales, matemáticas y estadística",Biología Marina y Ecología Marina,1624
2022,"Ciencias naturales, matemáticas y estadística",Bioquímica,2712
2022,"Ciencias naturales, matemáticas y estadística",Biotecnología,506
2022,"Ciencias naturales, matemáticas y estadística",Doctorado en Ciencias Básicas,2160
2022,"Ciencias naturales, matemáticas y estadística",Doctorado en Tecnología,140
2022,"Ciencias naturales, matemáticas y estadística",Física y Astronomía,2463
2022,"Ciencias naturales, matemáticas y estadística",Geología,3916
2022,"Ciencias naturales, matemáticas y estadística",Ingeniería Civil en Geomática y Geomensura,79
2022,"Ciencias naturales, matemáticas y estadística",Ingeniería Civil Matemática y Estadística,983
2022,"Ciencias naturales, matemáticas y estadística",Ingeniería en Geomensura y Cartografía,1470
2022,"Ciencias naturales, matemáticas y estadística",Ingeniería en Matemática y Estadística,833
2022,"Ciencias naturales, matemáticas y estadística",Ingeniería en Recursos Renovables,1687
2022,"Ciencias naturales, matemáticas y estadística",Magister en Ciencias Básicas,2299
2022,"Ciencias naturales, matemáticas y estadística",Magister en Tecnología,293
2022,"Ciencias naturales, matemáticas y estadística",Matemática y/o Estadística,630
2022,"Ciencias naturales, matemáticas y estadística",Otras Ingenierías,359
2022,"Ciencias naturales, matemáticas y estadística",Otras Ingenierías Civiles,38
2022,"Ciencias naturales, matemáticas y estadística",Otros Profesionales de Ciencias Básicas,97
2022,"Ciencias naturales, matemáticas y estadística",Otros Técnicos de Ciencias Básicas,13
2022,"Ciencias naturales, matemáticas y estadística",Postítulo en Ciencias Básicas,1070
2022,"Ciencias naturales, matemáticas y estadística",Postítulo en Tecnología,123
2022,"Ciencias naturales, matemáticas y estadística",Química Ambiental,308
2022,"Ciencias naturales, matemáticas y estadística","Química, Licenciado en Química",968
2022,"Ciencias naturales, matemáticas y estadística",Técnico en Análisis de Datos,97
2022,"Ciencias naturales, matemáticas y estadística",Técnico en Geología,271
2022,"Ciencias naturales, matemáticas y estadística",Técnico en Geominería,128
2022,"Ciencias naturales, matemáticas y estadística",Técnico en Medio Ambiente (Control y Gestión),905
2022,"Ciencias naturales, matemáticas y estadística",Técnico en Química (Análisis e Industrial),561
2022,"Ciencias Sociales, Periodismo e Información",Antropología,2121
2022,"Ciencias Sociales, Periodismo e Información",Bachillerato y/o Licenciatura en Ciencias Sociales,1417
2022,"Ciencias Sociales, Periodismo e Información",Bibliotecología,425
2022,"Ciencias Sociales, Periodismo e Información",Ciencias Políticas,1799
2022,"Ciencias Sociales, Periodismo e Información",Doctorado en Ciencias Sociales,852
2022,"Ciencias Sociales, Periodismo e Información",Geografía,1377
2022,"Ciencias Sociales, Periodismo e Información",Magister en Ciencias Sociales,5812
2022,"Ciencias Sociales, Periodismo e Información",Magister en Humanidades,19
2022,"Ciencias Sociales, Periodismo e Información",Otros Profesionales de Ciencias Sociales,602
2022,"Ciencias Sociales, Periodismo e Información",Periodismo,7368
2022,"Ciencias Sociales, Periodismo e Información",Postítulo en Ciencias Sociales,1869
2022,"Ciencias Sociales, Periodismo e Información",Psicología,44901
2022,"Ciencias Sociales, Periodismo e Información",Sociología,3078
2022,"Ciencias Sociales, Periodismo e Información",Técnico en Bibliotecas y Centros de Documentación,223
2022,"Ciencias Sociales, Periodismo e Información",Técnico en Comunicación Social,115
2022,Educación,Bachillerato y/o Licenciatura en Educación,972
2022,Educación,Doctorado en Educación,398
2022,Educación,Magister en Educación,10117
2022,Educación,Otros Técnicos de Educación,617
2022,Educación,Pedagogía en Artes y Música,2604
2022,Educación,Pedagogía en Ciencias,2952
2022,Educación,Pedagogía en Educación Básica,7259
2022,Educación,Pedagogía en Educación de Párvulos,7996
2022,Educación,Pedagogía en Educación Diferencial,8762
2022,Educación,Pedagogía en Educación Física,7202
2022,Educación,Pedagogía en Educación Media,198
2022,Educación,Pedagogía en Educación Técnico Profesional,194
2022,Educación,Pedagogía en Filosofía y Religión,679
2022,Educación,"Pedagogía en Historia, Geografía y Ciencias Sociales",3362
2022,Educación,Pedagogía en Idiomas,7628
2022,Educación,"Pedagogía en Lenguaje, Comunicación y/o Castellano",4293
2022,Educación,Pedagogía en Matemáticas y Computación,4031
2022,Educación,Postítulo en Educación,5943
2022,Educación,Programas de Formación Pedagógica,1007
2022,Educación,Psicopedagogía,11336
2022,Educación,Técnico Asistente del Educador de Párvulos,22674
2022,Educación,Técnico Asistente del Educador Diferencial,9851
2022,"Ingeniería, Industria y Construcción",Arquitectura,15114
2022,"Ingeniería, Industria y Construcción",Bachillerato y/o Licenciatura en Tecnología,217
2022,"Ingeniería, Industria y Construcción",Construcción Civil,13190
2022,"Ingeniería, Industria y Construcción",Diseño Industrial,1279
2022,"Ingeniería, Industria y Construcción",Doctorado en Arte y Arquitectura,75
2022,"Ingeniería, Industria y Construcción",Doctorado en Tecnología,1112
2022,"Ingeniería, Industria y Construcción",Ingeniería Agroindustrial,136
2022,"Ingeniería, Industria y Construcción",Ingeniería Civil Agrícola,140
2022,"Ingeniería, Industria y Construcción",Ingeniería Civil Ambiental,1246
2022,"Ingeniería, Industria y Construcción",Ingeniería Civil Bioquímica,346
2022,"Ingeniería, Industria y Construcción",Ingeniería Civil Eléctrica,4773
2022,"Ingeniería, Industria y Construcción",Ingeniería Civil Electrónica,2512
2022,"Ingeniería, Industria y Construcción",Ingeniería Civil en Biomédica,899
2022,"Ingeniería, Industria y Construcción",Ingeniería Civil en Biotecnología y/o Bioingeniería,496
2022,"Ingeniería, Industria y Construcción",Ingeniería Civil en Energía,68
2022,"Ingeniería, Industria y Construcción",Ingeniería Civil en Geografía,100
2022,"Ingeniería, Industria y Construcción",Ingeniería Civil en Industrias Forestales,51
2022,"Ingeniería, Industria y Construcción",Ingeniería Civil en Materiales,112
2022,"Ingeniería, Industria y Construcción",Ingeniería Civil en Minas,5488
2022,"Ingeniería, Industria y Construcción",Ingeniería Civil en Obras Civiles,3084
2022,"Ingeniería, Industria y Construcción",Ingeniería Civil en Sonido y Acústica,128
2022,"Ingeniería, Industria y Construcción",Ingeniería Civil en Telemática,547
2022,"Ingeniería, Industria y Construcción",Ingeniería Civil Industrial,31506
2022,"Ingeniería, Industria y Construcción",Ingeniería Civil Mecánica,4968
2022,"Ingeniería, Industria y Construcción",Ingeniería Civil Metalúrgica,1813
2022,"Ingeniería, Industria y Construcción",Ingeniería Civil Química,3195
2022,"Ingeniería, Industria y Construcción","Ingeniería Civil, plan común y licenciatura en Ciencias de la Ingeniería",18177
2022,"Ingeniería, Industria y Construcción",Ingeniería en Alimentos,901
2022,"Ingeniería, Industria y Construcción","Ingeniería en Automatización, Instrumentación y Control",4248
2022,"Ingeniería, Industria y Construcción",Ingeniería en Biotecnología y Bioingeniería,2305
2022,"Ingeniería, Industria y Construcción",Ingeniería en Construcción,12434
2022,"Ingeniería, Industria y Construcción",Ingeniería en Electricidad,9919
2022,"Ingeniería, Industria y Construcción",Ingeniería en Electrónica,686
2022,"Ingeniería, Industria y Construcción",Ingeniería en Energía,447
2022,"Ingeniería, Industria y Construcción",Ingeniería en Geomensura y Cartografía,12
2022,"Ingeniería, Industria y Construcción",Ingeniería en Mecánica Automotriz,16381
2022,"Ingeniería, Industria y Construcción",Ingeniería en Mecatrónica,130
2022,"Ingeniería, Industria y Construcción",Ingeniería en Medio Ambiente,2621
2022,"Ingeniería, Industria y Construcción",Ingeniería en Metalurgia,895
2022,"Ingeniería, Industria y Construcción",Ingeniería en Minas,4509
2022,"Ingeniería, Industria y Construcción",Ingeniería en Proyectos Estructurales,87
2022,"Ingeniería, Industria y Construcción",Ingeniería en Química,1228
2022,"Ingeniería, Industria y Construcción",Ingeniería en Refrigeración y Climatización,339
2022,"Ingeniería, Industria y Construcción",Ingeniería en Sonido,1475
2022,"Ingeniería, Industria y Construcción",Ingeniería en Telecomunicaciones,1728
2022,"Ingeniería, Industria y Construcción",Ingeniería Industrial,13825
2022,"Ingeniería, Industria y Construcción",Ingeniería Mecánica,4490
2022,"Ingeniería, Industria y Construcción",Ingeniería Naval,229
2022,"Ingeniería, Industria y Construcción",Magister en Arte y Arquitectura,614
2022,"Ingeniería, Industria y Construcción",Magister en Tecnología,3326
2022,"Ingeniería, Industria y Construcción",Otras Ingenierías,784
2022,"Ingeniería, Industria y Construcción",Otras Ingenierías Civiles,1666
2022,"Ingeniería, Industria y Construcción",Otros Profesionales de Arte y Arquitectura,12
2022,"Ingeniería, Industria y Construcción",Otros Profesionales de Tecnología,599
2022,"Ingeniería, Industria y Construcción",Otros Técnicos de Tecnología,253
2022,"Ingeniería, Industria y Construcción",Paisajismo,54
2022,"Ingeniería, Industria y Construcción",Postítulo en Arte y Arquitectura,162
2022,"Ingeniería, Industria y Construcción",Postítulo en Tecnología,616
2022,"Ingeniería, Industria y Construcción",Química Industrial,212
2022,"Ingeniería, Industria y Construcción",Técnico en Agroindustria,103
2022,"Ingeniería, Industria y Construcción",Técnico en Alimentos,685
2022,"Ingeniería, Industria y Construcción",Técnico en Biotecnología Industrial,55
2022,"Ingeniería, Industria y Construcción",Técnico en Construcción y Obras Civiles,11454
2022,"Ingeniería, Industria y Construcción",Técnico en Dibujo Arquitectónico,1000
2022,"Ingeniería, Industria y Construcción",Técnico en Dibujo Técnico,112
2022,"Ingeniería, Industria y Construcción",Técnico en Diseño de Áreas Verdes y Paisajismo,112
2022,"Ingeniería, Industria y Construcción",Técnico en Diseño Industrial,6
2022,"Ingeniería, Industria y Construcción",Técnico en Electricidad y Electricidad Industrial,11422
2022,"Ingeniería, Industria y Construcción",Técnico en Electromecánica,1379
2022,"Ingeniería, Industria y Construcción",Técnico en Electrónica y Electrónica Industrial,451
2022,"Ingeniería, Industria y Construcción",Técnico en Energía,1240
2022,"Ingeniería, Industria y Construcción",Técnico en Industria Forestal o de la Madera,1
2022,"Ingeniería, Industria y Construcción","Técnico en Instrumentación, Automatización y Control Industrial",7005
2022,"Ingeniería, Industria y Construcción",Técnico en Mantenimiento Industrial,5581
2022,"Ingeniería, Industria y Construcción",Técnico en Mecánica Automotriz,10446
2022,"Ingeniería, Industria y Construcción",Técnico en Mecánica Industrial,1538
2022,"Ingeniería, Industria y Construcción",Técnico en Mecatrónica,118
2022,"Ingeniería, Industria y Construcción",Técnico en Medio Ambiente (Control y Gestión),70
2022,"Ingeniería, Industria y Construcción",Técnico en Metalurgia,310
2022,"Ingeniería, Industria y Construcción",Técnico en Minería,4346
2022,"Ingeniería, Industria y Construcción",Técnico en Procesos Industriales,159
2022,"Ingeniería, Industria y Construcción",Técnico en Proyecto y Diseño Mecánico,23
2022,"Ingeniería, Industria y Construcción",Técnico en Proyectos de Ingeniería,34
2022,"Ingeniería, Industria y Construcción",Técnico en Refrigeración y Climatización,261
2022,"Ingeniería, Industria y Construcción",Técnico en Telecomunicaciones,1517
2022,"Ingeniería, Industria y Construcción",Técnico en Topografía,2134
2022,"Ingeniería, Industria y Construcción",Técnico en Vitivinicultura y/o Enología,105
2022,Salud y Bienestar,Bachillerato y/o Licenciatura en Salud,1212
2022,Salud y Bienestar,Doctorado en Ciencias Sociales,4
2022,Salud y Bienestar,Doctorado en Salud,520
2022,Salud y Bienestar,Enfermería,37532
2022,Salud y Bienestar,Fonoaudiología,9629
2022,Salud y Bienestar,Kinesiología,21861
2022,Salud y Bienestar,Magister en Ciencias Sociales,221
2022,Salud y Bienestar,Magister en Salud,3482
2022,Salud y Bienestar,Medicina,18774
2022,Salud y Bienestar,Naturopatía,284
2022,Salud y Bienestar,Nutrición y Dietética,14654
2022,Salud y Bienestar,Obstetricia y Puericultura,12425
2022,Salud y Bienestar,Odontología,14202
2022,Salud y Bienestar,Otros Profesionales de Ciencias Sociales,5
2022,Salud y Bienestar,Otros Profesionales de Salud,61
2022,Salud y Bienestar,Otros Técnicos de Ciencias Sociales,510
2022,Salud y Bienestar,Postítulo en Ciencias Sociales,424
2022,Salud y Bienestar,Postítulo en Salud,15307
2022,Salud y Bienestar,Química y Farmacia,8546
2022,Salud y Bienestar,Técnico Dental y Asistente de Odontología,7069
2022,Salud y Bienestar,Técnico en Enfermería,48766
2022,Salud y Bienestar,Técnico en Farmacia,3028
2022,Salud y Bienestar,Técnico en Laboratorio Clínico,2270
2022,Salud y Bienestar,Técnico en Masoterapia,1616
2022,Salud y Bienestar,Técnico en Nutrición y Dietética,250
2022,Salud y Bienestar,Técnico en Óptica,45
2022,Salud y Bienestar,Técnico en Podología,3262
2022,Salud y Bienestar,Técnico en Prevención y Rehabilitación,1349
2022,Salud y Bienestar,Técnico en Radiología y Radioterapia,675
2022,Salud y Bienestar,Técnico en Servicio Social,12843
2022,Salud y Bienestar,Técnico en Terapias Naturales y Naturopatía,430
2022,Salud y Bienestar,Técnico Laboratorista Dental,1101
2022,Salud y Bienestar,Tecnología Médica,15809
2022,Salud y Bienestar,Terapia Ocupacional,14781
2022,Salud y Bienestar,Trabajo Social,32821
2022,Servicios,Administración Gastronómica,6801
2022,Servicios,Administración Turística y Hotelera,6605
2022,Servicios,Doctorado en Educación,3
2022,Servicios,Ingeniería en Prevención de Riesgos,8863
2022,Servicios,Ingeniería en Seguridad Privada,2989
2022,Servicios,Ingeniería en Transporte y Tránsito,155
2022,Servicios,Ingeniería Marina y Marítimo Portuaria,636
2022,Servicios,Magister en Educación,550
2022,Servicios,Magister en Tecnología,276
2022,Servicios,Otras Ingenierías,226
2022,Servicios,Otras Ingenierías Civiles,103
2022,Servicios,Otros Profesionales de Arte y Arquitectura,1909
2022,Servicios,Otros Profesionales de Educación,1889
2022,Servicios,Otros Profesionales de Tecnología,2
2022,Servicios,Otros Técnicos de Tecnología,121
2022,Servicios,Postítulo en Administración y Comercio,208
2022,Servicios,Postítulo en Educación,12
2022,Servicios,Postítulo en Tecnología,315
2022,Servicios,"Técnico en Deporte, Recreación y Preparación Física",8915
2022,Servicios,Técnico en Gastronomía y Cocina,11298
2022,Servicios,Técnico en Peluquería y Estética,7727
2022,Servicios,Técnico en Prevención de Riesgos,4056
2022,Servicios,Técnico en Seguridad Privada,151
2022,Servicios,Técnico en Transporte Marítimo y Puertos,361
2022,Servicios,Técnico en Turismo y Hotelería,4403
2022,Tecnología de la Información y la Comunicación (TIC),Doctorado en Tecnología,137
2022,Tecnología de la Información y la Comunicación (TIC),Ingeniería Civil en Computación e Informática,13353
2022,Tecnología de la Información y la Comunicación (TIC),Ingeniería en Computación e Informática,23583
2022,Tecnología de la Información y la Comunicación (TIC),Ingeniería en Conectividad y Redes,3975
2022,Tecnología de la Información y la Comunicación (TIC),Magister en Tecnología,775
2022,Tecnología de la Información y la Comunicación (TIC),Otras Ingenierías,2
2022,Tecnología de la Información y la Comunicación (TIC),Otras Ingenierías Civiles,132
2022,Tecnología de la Información y la Comunicación (TIC),Otros Profesionales de Tecnología,725
2022,Tecnología de la Información y la Comunicación (TIC),Postítulo en Tecnología,442
2022,Tecnología de la Información y la Comunicación (TIC),Técnico en Administración de Redes y Soporte,1614
2022,Tecnología de la Información y la Comunicación (TIC),Técnico en Análisis de Sistemas,117
2022,Tecnología de la Información y la Comunicación (TIC),Técnico en Computación e Informática,14123
2022,Tecnología de la Información y la Comunicación (TIC),"Técnico en Producción, Desarrollo y Diseño Web",257
2023,Administración de Empresas y Derecho,Administración de Empresas e Ing. Asociadas,33393
2023,Administración de Empresas y Derecho,Administración Pública,12194
2023,Administración de Empresas y Derecho,Bachillerato y/o Licenciatura en Administración y Comercio,148
2023,Administración de Empresas y Derecho,Bachillerato y/o Licenciatura en Derecho,94
2023,Administración de Empresas y Derecho,Contador Auditor,23871
2023,Administración de Empresas y Derecho,Derecho,47080
2023,Administración de Empresas y Derecho,Doctorado en Administración y Comercio,69
2023,Administración de Empresas y Derecho,Doctorado en Derecho,234
2023,Administración de Empresas y Derecho,Ingeniería Comercial,46187
2023,Administración de Empresas y Derecho,Ingeniería en Comercio Exterior,4426
2023,Administración de Empresas y Derecho,Ingeniería en Control de Gestión,4016
2023,Administración de Empresas y Derecho,Ingeniería en Finanzas,5000
2023,Administración de Empresas y Derecho,Ingeniería en Gestión Pública,1949
2023,Administración de Empresas y Derecho,Ingeniería en Gestión y Control de Calidad,759
2023,Administración de Empresas y Derecho,Ingeniería en Logística,8902
2023,Administración de Empresas y Derecho,Ingeniería en Marketing,3307
2023,Administración de Empresas y Derecho,Ingeniería en Recursos Humanos,7021
2023,Administración de Empresas y Derecho,Magister en Administración y Comercio,12919
2023,Administración de Empresas y Derecho,Magister en Ciencias Sociales,655
2023,Administración de Empresas y Derecho,Magister en Derecho,2983
2023,Administración de Empresas y Derecho,Otros Profesionales de Administración y Comercio,47
2023,Administración de Empresas y Derecho,Otros Técnicos de Administración y Comercio,495
2023,Administración de Empresas y Derecho,Otros Técnicos de Ciencias Sociales,83
2023,Administración de Empresas y Derecho,Postítulo en Administración y Comercio,5970
2023,Administración de Empresas y Derecho,Postítulo en Ciencias Sociales,447
2023,Administración de Empresas y Derecho,Postítulo en Derecho,2052
2023,Administración de Empresas y Derecho,Publicidad,4318
2023,Administración de Empresas y Derecho,Relaciones Públicas,1001
2023,Administración de Empresas y Derecho,Secretariado Bilingüe,189
2023,Administración de Empresas y Derecho,Secretariado Ejecutivo,166
2023,Administración de Empresas y Derecho,Técnico en Administración de Empresas,28794
2023,Administración de Empresas y Derecho,Técnico en Administración de Recursos Humanos y Personal,4480
2023,Administración de Empresas y Derecho,Técnico en Administración de Ventas,280
2023,Administración de Empresas y Derecho,Técnico en Administración en Marketing,1645
2023,Administración de Empresas y Derecho,Técnico en Administración Financiera y Finanzas,814
2023,Administración de Empresas y Derecho,Técnico en Administración Pública o Municipal,4085
2023,Administración de Empresas y Derecho,Técnico en Comercio Exterior,2663
2023,Administración de Empresas y Derecho,Técnico en Contabilidad General,8113
2023,Administración de Empresas y Derecho,Técnico en Contabilidad Tributaria,159
2023,Administración de Empresas y Derecho,Técnico en Gestión y Control de Calidad,172
2023,Administración de Empresas y Derecho,Técnico en Logística,11407
2023,Administración de Empresas y Derecho,Técnico en Producción de Eventos,92
2023,Administración de Empresas y Derecho,Técnico en Publicidad,55
2023,Administración de Empresas y Derecho,Técnico en Relaciones Públicas,197
2023,Administración de Empresas y Derecho,Técnico Jurídico,3835
2023,"Agricultura, Silvicultura, Pesca y Veterinaria",Agronomía,7059
2023,"Agricultura, Silvicultura, Pesca y Veterinaria",Doctorado en Agropecuaria,310
2023,"Agricultura, Silvicultura, Pesca y Veterinaria",Ingeniería Agrícola,4358
2023,"Agricultura, Silvicultura, Pesca y Veterinaria",Ingeniería de Ejecución Forestal,18
2023,"Agricultura, Silvicultura, Pesca y Veterinaria",Ingeniería en Acuicultura y Pesca,45
2023,"Agricultura, Silvicultura, Pesca y Veterinaria",Ingeniería Forestal,614
2023,"Agricultura, Silvicultura, Pesca y Veterinaria",Magister en Administración y Comercio,42
2023,"Agricultura, Silvicultura, Pesca y Veterinaria",Magister en Agropecuaria,466
2023,"Agricultura, Silvicultura, Pesca y Veterinaria",Medicina Veterinaria,17957
2023,"Agricultura, Silvicultura, Pesca y Veterinaria",Postítulo en Administración y Comercio,36
2023,"Agricultura, Silvicultura, Pesca y Veterinaria",Postítulo en Agropecuaria,421
2023,"Agricultura, Silvicultura, Pesca y Veterinaria",Técnico Agropecuario,4833
2023,"Agricultura, Silvicultura, Pesca y Veterinaria",Técnico en Acuicultura y Pesca,363
2023,"Agricultura, Silvicultura, Pesca y Veterinaria",Técnico en Vitivinicultura y/o Enología,49
2023,"Agricultura, Silvicultura, Pesca y Veterinaria",Técnico Veterinario,4596
2023,Artes y Humanidades,Actuación y Teatro,1900
2023,Artes y Humanidades,Animación Digital,3024
2023,Artes y Humanidades,Arqueología,411
2023,Artes y Humanidades,Artes y Licenciatura en Artes,3421
2023,Artes y Humanidades,Bachillerato y/o Licenciatura en Humanidades,737
2023,Artes y Humanidades,Comunicación Audiovisual y/o Multimedia,3738
2023,Artes y Humanidades,Diseño,5890
2023,Artes y Humanidades,Diseño de Ambientes e Interiores,886
2023,Artes y Humanidades,Diseño de Vestuario,1682
2023,Artes y Humanidades,Diseño Gráfico,7791
2023,Artes y Humanidades,Diseño Teatral,139
2023,Artes y Humanidades,Doctorado en Arte y Arquitectura,34
2023,Artes y Humanidades,Doctorado en Ciencias Sociales,163
2023,Artes y Humanidades,Doctorado en Humanidades,712
2023,Artes y Humanidades,Filosofía,686
2023,Artes y Humanidades,Fotografía,478
2023,Artes y Humanidades,Historia,1658
2023,Artes y Humanidades,Licenciatura en Letras y Literatura,2094
2023,Artes y Humanidades,Magister en Arte y Arquitectura,547
2023,Artes y Humanidades,Magister en Ciencias Sociales,313
2023,Artes y Humanidades,Magister en Humanidades,1405
2023,Artes y Humanidades,"Música, Canto o Danza",4905
2023,Artes y Humanidades,Otros Profesionales de Arte y Arquitectura,1382
2023,Artes y Humanidades,Otros Profesionales de Humanidades,84
2023,Artes y Humanidades,Otros Técnicos de Arte y Arquitectura,1181
2023,Artes y Humanidades,Otros Técnicos de Humanidades,71
2023,Artes y Humanidades,Postítulo en Arte y Arquitectura,302
2023,Artes y Humanidades,Postítulo en Ciencias Sociales,17
2023,Artes y Humanidades,Postítulo en Humanidades,570
2023,Artes y Humanidades,Realizador de Cine y Televisión,1613
2023,Artes y Humanidades,Técnico en Ambientes e Interiores,99
2023,Artes y Humanidades,Técnico en Comunicación Audiovisual,710
2023,Artes y Humanidades,Técnico en Diseño de Vestuario,604
2023,Artes y Humanidades,Técnico en Diseño Gráfico,2090
2023,Artes y Humanidades,Técnico en Fotografía,81
2023,Artes y Humanidades,Técnico en Producción de Videojuegos,115
2023,Artes y Humanidades,Técnico en Producción Gráfica y Multimedia,1250
2023,Artes y Humanidades,Técnico en Sonido,1271
2023,Artes y Humanidades,Técnico en Traducción e Interpretariado,668
2023,Artes y Humanidades,Traducción e Interpretación,3772
2023,"Ciencias naturales, matemáticas y estadística",Analista Químico,387
2023,"Ciencias naturales, matemáticas y estadística",Bachillerato y/o Licenciatura en Ciencias Básicas,3775
2023,"Ciencias naturales, matemáticas y estadística",Biología,1338
2023,"Ciencias naturales, matemáticas y estadística",Biología Marina y Ecología Marina,1781
2023,"Ciencias naturales, matemáticas y estadística",Bioquímica,2831
2023,"Ciencias naturales, matemáticas y estadística",Biotecnología,501
2023,"Ciencias naturales, matemáticas y estadística",Doctorado en Ciencias Básicas,2239
2023,"Ciencias naturales, matemáticas y estadística",Doctorado en Tecnología,199
2023,"Ciencias naturales, matemáticas y estadística",Física y Astronomía,2524
2023,"Ciencias naturales, matemáticas y estadística",Geología,4042
2023,"Ciencias naturales, matemáticas y estadística",Ingeniería Civil en Geomática y Geomensura,104
2023,"Ciencias naturales, matemáticas y estadística",Ingeniería Civil Matemática y Estadística,1003
2023,"Ciencias naturales, matemáticas y estadística",Ingeniería en Geomensura y Cartografía,1319
2023,"Ciencias naturales, matemáticas y estadística",Ingeniería en Matemática y Estadística,878
2023,"Ciencias naturales, matemáticas y estadística",Ingeniería en Recursos Renovables,1750
2023,"Ciencias naturales, matemáticas y estadística",Magister en Ciencias Básicas,2439
2023,"Ciencias naturales, matemáticas y estadística",Magister en Tecnología,309
2023,"Ciencias naturales, matemáticas y estadística",Matemática y/o Estadística,613
2023,"Ciencias naturales, matemáticas y estadística",Otras Ingenierías,344
2023,"Ciencias naturales, matemáticas y estadística",Otras Ingenierías Civiles,96
2023,"Ciencias naturales, matemáticas y estadística",Otros Profesionales de Ciencias Básicas,105
2023,"Ciencias naturales, matemáticas y estadística",Otros Técnicos de Ciencias Básicas,10
2023,"Ciencias naturales, matemáticas y estadística",Postítulo en Ciencias Básicas,736
2023,"Ciencias naturales, matemáticas y estadística",Postítulo en Tecnología,125
2023,"Ciencias naturales, matemáticas y estadística",Química Ambiental,302
2023,"Ciencias naturales, matemáticas y estadística","Química, Licenciado en Química",983
2023,"Ciencias naturales, matemáticas y estadística",Técnico en Análisis de Datos,207
2023,"Ciencias naturales, matemáticas y estadística",Técnico en Geología,252
2023,"Ciencias naturales, matemáticas y estadística",Técnico en Geominería,112
2023,"Ciencias naturales, matemáticas y estadística",Técnico en Medio Ambiente (Control y Gestión),976
2023,"Ciencias naturales, matemáticas y estadística",Técnico en Química (Análisis e Industrial),496
2023,"Ciencias Sociales, Periodismo e Información",Antropología,2268
2023,"Ciencias Sociales, Periodismo e Información",Bachillerato y/o Licenciatura en Ciencias Sociales,1551
2023,"Ciencias Sociales, Periodismo e Información",Bibliotecología,414
2023,"Ciencias Sociales, Periodismo e Información",Ciencias Políticas,1749
2023,"Ciencias Sociales, Periodismo e Información",Doctorado en Ciencias Sociales,868
2023,"Ciencias Sociales, Periodismo e Información",Geografía,1351
2023,"Ciencias Sociales, Periodismo e Información",Magister en Ciencias Sociales,5268
2023,"Ciencias Sociales, Periodismo e Información",Magister en Humanidades,15
2023,"Ciencias Sociales, Periodismo e Información",Otros Profesionales de Ciencias Sociales,616
2023,"Ciencias Sociales, Periodismo e Información",Otros Técnicos de Ciencias Sociales,40
2023,"Ciencias Sociales, Periodismo e Información",Periodismo,7637
2023,"Ciencias Sociales, Periodismo e Información",Postítulo en Ciencias Sociales,2377
2023,"Ciencias Sociales, Periodismo e Información",Postítulo en Humanidades,4
2023,"Ciencias Sociales, Periodismo e Información",Psicología,48651
2023,"Ciencias Sociales, Periodismo e Información",Sociología,2881
2023,"Ciencias Sociales, Periodismo e Información",Técnico en Bibliotecas y Centros de Documentación,222
2023,"Ciencias Sociales, Periodismo e Información",Técnico en Comunicación Social,114
2023,Educación,Bachillerato y/o Licenciatura en Educación,599
2023,Educación,Doctorado en Educación,359
2023,Educación,Magister en Educación,8577
2023,Educación,Otros Técnicos de Educación,827
2023,Educación,Pedagogía en Artes y Música,2464
2023,Educación,Pedagogía en Ciencias,2769
2023,Educación,Pedagogía en Educación Básica,7313
2023,Educación,Pedagogía en Educación de Párvulos,9434
2023,Educación,Pedagogía en Educación Diferencial,8415
2023,Educación,Pedagogía en Educación Física,7253
2023,Educación,Pedagogía en Educación Media,380
2023,Educación,Pedagogía en Educación Técnico Profesional,151
2023,Educación,Pedagogía en Filosofía y Religión,609
2023,Educación,"Pedagogía en Historia, Geografía y Ciencias Sociales",3323
2023,Educación,Pedagogía en Idiomas,7962
2023,Educación,"Pedagogía en Lenguaje, Comunicación y/o Castellano",4422
2023,Educación,Pedagogía en Matemáticas y Computación,3723
2023,Educación,Postítulo en Educación,7051
2023,Educación,Programas de Formación Pedagógica,656
2023,Educación,Psicopedagogía,11204
2023,Educación,Técnico Asistente del Educador de Párvulos,21987
2023,Educación,Técnico Asistente del Educador Diferencial,9592
2023,"Ingeniería, Industria y Construcción",Arquitectura,16041
2023,"Ingeniería, Industria y Construcción",Bachillerato y/o Licenciatura en Tecnología,215
2023,"Ingeniería, Industria y Construcción",Construcción Civil,12571
2023,"Ingeniería, Industria y Construcción",Diseño Industrial,1266
2023,"Ingeniería, Industria y Construcción",Doctorado en Arte y Arquitectura,83
2023,"Ingeniería, Industria y Construcción",Doctorado en Tecnología,1155
2023,"Ingeniería, Industria y Construcción",Ingeniería Agroindustrial,123
2023,"Ingeniería, Industria y Construcción",Ingeniería Civil Agrícola,135
2023,"Ingeniería, Industria y Construcción",Ingeniería Civil Ambiental,1212
2023,"Ingeniería, Industria y Construcción",Ingeniería Civil Bioquímica,304
2023,"Ingeniería, Industria y Construcción",Ingeniería Civil Eléctrica,4664
2023,"Ingeniería, Industria y Construcción",Ingeniería Civil Electrónica,2393
2023,"Ingeniería, Industria y Construcción",Ingeniería Civil en Biomédica,920
2023,"Ingeniería, Industria y Construcción",Ingeniería Civil en Biotecnología y/o Bioingeniería,611
2023,"Ingeniería, Industria y Construcción",Ingeniería Civil en Energía,93
2023,"Ingeniería, Industria y Construcción",Ingeniería Civil en Geografía,84
2023,"Ingeniería, Industria y Construcción",Ingeniería Civil en Industrias Forestales,42
2023,"Ingeniería, Industria y Construcción",Ingeniería Civil en Materiales,97
2023,"Ingeniería, Industria y Construcción",Ingeniería Civil en Minas,5602
2023,"Ingeniería, Industria y Construcción",Ingeniería Civil en Obras Civiles,3040
2023,"Ingeniería, Industria y Construcción",Ingeniería Civil en Sonido y Acústica,124
2023,"Ingeniería, Industria y Construcción",Ingeniería Civil en Telemática,604
2023,"Ingeniería, Industria y Construcción",Ingeniería Civil Industrial,32276
2023,"Ingeniería, Industria y Construcción",Ingeniería Civil Mecánica,4717
2023,"Ingeniería, Industria y Construcción",Ingeniería Civil Metalúrgica,1729
2023,"Ingeniería, Industria y Construcción",Ingeniería Civil Química,2999
2023,"Ingeniería, Industria y Construcción","Ingeniería Civil, plan común y licenciatura en Ciencias de la Ingeniería",18191
2023,"Ingeniería, Industria y Construcción",Ingeniería en Alimentos,849
2023,"Ingeniería, Industria y Construcción","Ingeniería en Automatización, Instrumentación y Control",5016
2023,"Ingeniería, Industria y Construcción",Ingeniería en Biotecnología y Bioingeniería,2280
2023,"Ingeniería, Industria y Construcción",Ingeniería en Construcción,11939
2023,"Ingeniería, Industria y Construcción",Ingeniería en Electricidad,12116
2023,"Ingeniería, Industria y Construcción",Ingeniería en Electrónica,676
2023,"Ingeniería, Industria y Construcción",Ingeniería en Energía,545
2023,"Ingeniería, Industria y Construcción",Ingeniería en Geomensura y Cartografía,2
2023,"Ingeniería, Industria y Construcción",Ingeniería en Mecánica Automotriz,17835
2023,"Ingeniería, Industria y Construcción",Ingeniería en Mecatrónica,264
2023,"Ingeniería, Industria y Construcción",Ingeniería en Medio Ambiente,2471
2023,"Ingeniería, Industria y Construcción",Ingeniería en Metalurgia,868
2023,"Ingeniería, Industria y Construcción",Ingeniería en Minas,5413
2023,"Ingeniería, Industria y Construcción",Ingeniería en Proyectos Estructurales,68
2023,"Ingeniería, Industria y Construcción",Ingeniería en Química,992
2023,"Ingeniería, Industria y Construcción",Ingeniería en Refrigeración y Climatización,199
2023,"Ingeniería, Industria y Construcción",Ingeniería en Sonido,1803
2023,"Ingeniería, Industria y Construcción",Ingeniería en Telecomunicaciones,1495
2023,"Ingeniería, Industria y Construcción",Ingeniería Industrial,16085
2023,"Ingeniería, Industria y Construcción",Ingeniería Mecánica,3444
2023,"Ingeniería, Industria y Construcción",Ingeniería Naval,226
2023,"Ingeniería, Industria y Construcción",Magister en Arte y Arquitectura,587
2023,"Ingeniería, Industria y Construcción",Magister en Tecnología,3454
2023,"Ingeniería, Industria y Construcción",Otras Ingenierías,979
2023,"Ingeniería, Industria y Construcción",Otras Ingenierías Civiles,1564
2023,"Ingeniería, Industria y Construcción",Otros Profesionales de Arte y Arquitectura,11
2023,"Ingeniería, Industria y Construcción",Otros Profesionales de Tecnología,631
2023,"Ingeniería, Industria y Construcción",Otros Técnicos de Tecnología,374
2023,"Ingeniería, Industria y Construcción",Paisajismo,66
2023,"Ingeniería, Industria y Construcción",Postítulo en Arte y Arquitectura,195
2023,"Ingeniería, Industria y Construcción",Postítulo en Tecnología,696
2023,"Ingeniería, Industria y Construcción",Química Industrial,192
2023,"Ingeniería, Industria y Construcción",Técnico en Agroindustria,74
2023,"Ingeniería, Industria y Construcción",Técnico en Alimentos,578
2023,"Ingeniería, Industria y Construcción",Técnico en Biotecnología Industrial,80
2023,"Ingeniería, Industria y Construcción",Técnico en Construcción y Obras Civiles,10638
2023,"Ingeniería, Industria y Construcción",Técnico en Dibujo Arquitectónico,1023
2023,"Ingeniería, Industria y Construcción",Técnico en Dibujo Técnico,112
2023,"Ingeniería, Industria y Construcción",Técnico en Diseño de Áreas Verdes y Paisajismo,114
2023,"Ingeniería, Industria y Construcción",Técnico en Diseño Industrial,2
2023,"Ingeniería, Industria y Construcción",Técnico en Electricidad y Electricidad Industrial,12623
2023,"Ingeniería, Industria y Construcción",Técnico en Electromecánica,1230
2023,"Ingeniería, Industria y Construcción",Técnico en Electrónica y Electrónica Industrial,392
2023,"Ingeniería, Industria y Construcción",Técnico en Energía,1341
2023,"Ingeniería, Industria y Construcción",Técnico en Industria Forestal o de la Madera,1
2023,"Ingeniería, Industria y Construcción","Técnico en Instrumentación, Automatización y Control Industrial",7163
2023,"Ingeniería, Industria y Construcción",Técnico en Mantenimiento Industrial,5804
2023,"Ingeniería, Industria y Construcción",Técnico en Mecánica Automotriz,11540
2023,"Ingeniería, Industria y Construcción",Técnico en Mecánica Industrial,1522
2023,"Ingeniería, Industria y Construcción",Técnico en Mecatrónica,213
2023,"Ingeniería, Industria y Construcción",Técnico en Medio Ambiente (Control y Gestión),48
2023,"Ingeniería, Industria y Construcción",Técnico en Metalurgia,342
2023,"Ingeniería, Industria y Construcción",Técnico en Minería,5149
2023,"Ingeniería, Industria y Construcción",Técnico en Procesos Industriales,82
2023,"Ingeniería, Industria y Construcción",Técnico en Proyecto y Diseño Mecánico,8
2023,"Ingeniería, Industria y Construcción",Técnico en Proyectos de Ingeniería,43
2023,"Ingeniería, Industria y Construcción",Técnico en Refrigeración y Climatización,425
2023,"Ingeniería, Industria y Construcción",Técnico en Telecomunicaciones,1484
2023,"Ingeniería, Industria y Construcción",Técnico en Topografía,2089
2023,"Ingeniería, Industria y Construcción",Técnico en Vitivinicultura y/o Enología,68
2023,Salud y Bienestar,Bachillerato y/o Licenciatura en Salud,1633
2023,Salud y Bienestar,Doctorado en Ciencias Sociales,7
2023,Salud y Bienestar,Doctorado en Salud,525
2023,Salud y Bienestar,Enfermería,36998
2023,Salud y Bienestar,Fonoaudiología,9002
2023,Salud y Bienestar,Kinesiología,22632
2023,Salud y Bienestar,Magister en Ciencias Sociales,221
2023,Salud y Bienestar,Magister en Salud,3291
2023,Salud y Bienestar,Medicina,19655
2023,Salud y Bienestar,Naturopatía,351
2023,Salud y Bienestar,Nutrición y Dietética,14265
2023,Salud y Bienestar,Obstetricia y Puericultura,12660
2023,Salud y Bienestar,Odontología,14368
2023,Salud y Bienestar,Otros Profesionales de Ciencias Sociales,5
2023,Salud y Bienestar,Otros Profesionales de Salud,84
2023,Salud y Bienestar,Otros Técnicos de Ciencias Sociales,345
2023,Salud y Bienestar,Postítulo en Ciencias Sociales,513
2023,Salud y Bienestar,Postítulo en Salud,17236
2023,Salud y Bienestar,Química y Farmacia,9403
2023,Salud y Bienestar,Técnico Dental y Asistente de Odontología,7180
2023,Salud y Bienestar,Técnico en Enfermería,48974
2023,Salud y Bienestar,Técnico en Farmacia,3564
2023,Salud y Bienestar,Técnico en Laboratorio Clínico,2382
2023,Salud y Bienestar,Técnico en Masoterapia,1702
2023,Salud y Bienestar,Técnico en Nutrición y Dietética,287
2023,Salud y Bienestar,Técnico en Óptica,111
2023,Salud y Bienestar,Técnico en Podología,3932
2023,Salud y Bienestar,Técnico en Prevención y Rehabilitación,1260
2023,Salud y Bienestar,Técnico en Radiología y Radioterapia,694
2023,Salud y Bienestar,Técnico en Servicio Social,11999
2023,Salud y Bienestar,Técnico en Terapias Naturales y Naturopatía,486
2023,Salud y Bienestar,Técnico Laboratorista Dental,1279
2023,Salud y Bienestar,Tecnología Médica,15988
2023,Salud y Bienestar,Terapia Ocupacional,14429
2023,Salud y Bienestar,Trabajo Social,32925
2023,Servicios,Administración Gastronómica,7232
2023,Servicios,Administración Turística y Hotelera,6387
2023,Servicios,Doctorado en Educación,8
2023,Servicios,Ingeniería en Prevención de Riesgos,8929
2023,Servicios,Ingeniería en Seguridad Privada,2979
2023,Servicios,Ingeniería en Transporte y Tránsito,99
2023,Servicios,Ingeniería Marina y Marítimo Portuaria,696
2023,Servicios,Magister en Educación,369
2023,Servicios,Magister en Tecnología,338
2023,Servicios,Otras Ingenierías,226
2023,Servicios,Otras Ingenierías Civiles,107
2023,Servicios,Otros Profesionales de Arte y Arquitectura,2344
2023,Servicios,Otros Profesionales de Educación,2125
2023,Servicios,Otros Técnicos de Tecnología,139
2023,Servicios,Postítulo en Administración y Comercio,26
2023,Servicios,Postítulo en Educación,14
2023,Servicios,Postítulo en Tecnología,363
2023,Servicios,"Técnico en Deporte, Recreación y Preparación Física",9048
2023,Servicios,Técnico en Gastronomía y Cocina,12276
2023,Servicios,Técnico en Peluquería y Estética,8168
2023,Servicios,Técnico en Prevención de Riesgos,4814
2023,Servicios,Técnico en Seguridad Privada,224
2023,Servicios,Técnico en Transporte Marítimo y Puertos,415
2023,Servicios,Técnico en Turismo y Hotelería,4065
2023,Tecnología de la Información y la Comunicación (TIC),Bachillerato y/o Licenciatura en Tecnología,77
2023,Tecnología de la Información y la Comunicación (TIC),Doctorado en Tecnología,137
2023,Tecnología de la Información y la Comunicación (TIC),Ingeniería Civil en Computación e Informática,14342
2023,Tecnología de la Información y la Comunicación (TIC),Ingeniería en Computación e Informática,27253
2023,Tecnología de la Información y la Comunicación (TIC),Ingeniería en Conectividad y Redes,4626
2023,Tecnología de la Información y la Comunicación (TIC),Magister en Tecnología,1003
2023,Tecnología de la Información y la Comunicación (TIC),Otras Ingenierías,2
2023,Tecnología de la Información y la Comunicación (TIC),Otras Ingenierías Civiles,137
2023,Tecnología de la Información y la Comunicación (TIC),Otros Profesionales de Tecnología,757
2023,Tecnología de la Información y la Comunicación (TIC),Postítulo en Tecnología,575
2023,Tecnología de la Información y la Comunicación (TIC),Técnico en Administración de Redes y Soporte,2076
2023,Tecnología de la Información y la Comunicación (TIC),Técnico en Análisis de Sistemas,181
2023,Tecnología de la Información y la Comunicación (TIC),Técnico en Computación e Informática,15087
2023,Tecnología de la Información y la Comunicación (TIC),"Técnico en Producción, Desarrollo y Diseño Web",303
2024,Administración de Empresas y Derecho,Administración de Empresas e Ing. Asociadas,33215
2024,Administración de Empresas y Derecho,Administración Pública,13282
2024,Administración de Empresas y Derecho,Bachillerato y/o Licenciatura en Administración y Comercio,299
2024,Administración de Empresas y Derecho,Bachillerato y/o Licenciatura en Derecho,41
2024,Administración de Empresas y Derecho,Contador Auditor,24106
2024,Administración de Empresas y Derecho,Derecho,48148
2024,Administración de Empresas y Derecho,Doctorado en Administración y Comercio,73
2024,Administración de Empresas y Derecho,Doctorado en Derecho,239
2024,Administración de Empresas y Derecho,Ingeniería Comercial,45854
2024,Administración de Empresas y Derecho,Ingeniería en Comercio Exterior,4935
2024,Administración de Empresas y Derecho,Ingeniería en Control de Gestión,4335
2024,Administración de Empresas y Derecho,Ingeniería en Finanzas,5229
2024,Administración de Empresas y Derecho,Ingeniería en Gestión Pública,1523
2024,Administración de Empresas y Derecho,Ingeniería en Gestión y Control de Calidad,812
2024,Administración de Empresas y Derecho,Ingeniería en Logística,10992
2024,Administración de Empresas y Derecho,Ingeniería en Marketing,3928
2024,Administración de Empresas y Derecho,Ingeniería en Recursos Humanos,7516
2024,Administración de Empresas y Derecho,Magister en Administración y Comercio,12460
2024,Administración de Empresas y Derecho,Magister en Ciencias Sociales,678
2024,Administración de Empresas y Derecho,Magister en Derecho,3150
2024,Administración de Empresas y Derecho,Otros Profesionales de Administración y Comercio,26
2024,Administración de Empresas y Derecho,Otros Técnicos de Administración y Comercio,484
2024,Administración de Empresas y Derecho,Otros Técnicos de Ciencias Sociales,57
2024,Administración de Empresas y Derecho,Postítulo en Administración y Comercio,14288
2024,Administración de Empresas y Derecho,Postítulo en Ciencias Sociales,399
2024,Administración de Empresas y Derecho,Postítulo en Derecho,3796
2024,Administración de Empresas y Derecho,Publicidad,4461
2024,Administración de Empresas y Derecho,Relaciones Públicas,914
2024,Administración de Empresas y Derecho,Secretariado Bilingüe,241
2024,Administración de Empresas y Derecho,Secretariado Ejecutivo,148
2024,Administración de Empresas y Derecho,Técnico en Administración de Empresas,27548
2024,Administración de Empresas y Derecho,Técnico en Administración de Recursos Humanos y Personal,3676
2024,Administración de Empresas y Derecho,Técnico en Administración de Ventas,221
2024,Administración de Empresas y Derecho,Técnico en Administración en Marketing,1584
2024,Administración de Empresas y Derecho,Técnico en Administración Financiera y Finanzas,425
2024,Administración de Empresas y Derecho,Técnico en Administración Pública o Municipal,4293
2024,Administración de Empresas y Derecho,Técnico en Comercio Exterior,2602
2024,Administración de Empresas y Derecho,Técnico en Contabilidad General,7494
2024,Administración de Empresas y Derecho,Técnico en Contabilidad Tributaria,231
2024,Administración de Empresas y Derecho,Técnico en Gestión y Control de Calidad,156
2024,Administración de Empresas y Derecho,Técnico en Logística,11940
2024,Administración de Empresas y Derecho,Técnico en Producción de Eventos,84
2024,Administración de Empresas y Derecho,Técnico en Publicidad,40
2024,Administración de Empresas y Derecho,Técnico en Relaciones Públicas,194
2024,Administración de Empresas y Derecho,Técnico Jurídico,3145
2024,"Agricultura, Silvicultura, Pesca y Veterinaria",Agronomía,6955
2024,"Agricultura, Silvicultura, Pesca y Veterinaria",Doctorado en Agropecuaria,334
2024,"Agricultura, Silvicultura, Pesca y Veterinaria",Ingeniería Agrícola,4501
2024,"Agricultura, Silvicultura, Pesca y Veterinaria",Ingeniería de Ejecución Forestal,7
2024,"Agricultura, Silvicultura, Pesca y Veterinaria",Ingeniería en Acuicultura y Pesca,56
2024,"Agricultura, Silvicultura, Pesca y Veterinaria",Ingeniería Forestal,603
2024,"Agricultura, Silvicultura, Pesca y Veterinaria",Magister en Administración y Comercio,36
2024,"Agricultura, Silvicultura, Pesca y Veterinaria",Magister en Agropecuaria,449
2024,"Agricultura, Silvicultura, Pesca y Veterinaria",Medicina Veterinaria,19634
2024,"Agricultura, Silvicultura, Pesca y Veterinaria",Postítulo en Administración y Comercio,40
2024,"Agricultura, Silvicultura, Pesca y Veterinaria",Postítulo en Agropecuaria,398
2024,"Agricultura, Silvicultura, Pesca y Veterinaria",Técnico Agropecuario,4629
2024,"Agricultura, Silvicultura, Pesca y Veterinaria",Técnico en Acuicultura y Pesca,389
2024,"Agricultura, Silvicultura, Pesca y Veterinaria",Técnico en Vitivinicultura y/o Enología,45
2024,"Agricultura, Silvicultura, Pesca y Veterinaria",Técnico Veterinario,5237
2024,Artes y Humanidades,Actuación y Teatro,1816
2024,Artes y Humanidades,Animación Digital,3580
2024,Artes y Humanidades,Arqueología,485
2024,Artes y Humanidades,Artes y Licenciatura en Artes,3416
2024,Artes y Humanidades,Bachillerato y/o Licenciatura en Humanidades,746
2024,Artes y Humanidades,Comunicación Audiovisual y/o Multimedia,3844
2024,Artes y Humanidades,Diseño,6327
2024,Artes y Humanidades,Diseño de Ambientes e Interiores,973
2024,Artes y Humanidades,Diseño de Vestuario,1858
2024,Artes y Humanidades,Diseño Gráfico,8316
2024,Artes y Humanidades,Diseño Teatral,128
2024,Artes y Humanidades,Doctorado en Arte y Arquitectura,44
2024,Artes y Humanidades,Doctorado en Ciencias Sociales,173
2024,Artes y Humanidades,Doctorado en Humanidades,714
2024,Artes y Humanidades,Filosofía,669
2024,Artes y Humanidades,Fotografía,442
2024,Artes y Humanidades,Historia,1596
2024,Artes y Humanidades,Licenciatura en Letras y Literatura,2069
2024,Artes y Humanidades,Magister en Arte y Arquitectura,597
2024,Artes y Humanidades,Magister en Ciencias Sociales,277
2024,Artes y Humanidades,Magister en Humanidades,1357
2024,Artes y Humanidades,"Música, Canto o Danza",4965
2024,Artes y Humanidades,Otros Profesionales de Arte y Arquitectura,1416
2024,Artes y Humanidades,Otros Profesionales de Humanidades,78
2024,Artes y Humanidades,Otros Técnicos de Arte y Arquitectura,1181
2024,Artes y Humanidades,Otros Técnicos de Humanidades,92
2024,Artes y Humanidades,Postítulo en Arte y Arquitectura,439
2024,Artes y Humanidades,Postítulo en Ciencias Sociales,6
2024,Artes y Humanidades,Postítulo en Humanidades,539
2024,Artes y Humanidades,Realizador de Cine y Televisión,1667
2024,Artes y Humanidades,Técnico en Ambientes e Interiores,83
2024,Artes y Humanidades,Técnico en Comunicación Audiovisual,675
2024,Artes y Humanidades,Técnico en Diseño de Vestuario,796
2024,Artes y Humanidades,Técnico en Diseño Gráfico,2857
2024,Artes y Humanidades,Técnico en Fotografía,78
2024,Artes y Humanidades,Técnico en Producción de Videojuegos,130
2024,Artes y Humanidades,Técnico en Producción Gráfica y Multimedia,708
2024,Artes y Humanidades,Técnico en Sonido,1113
2024,Artes y Humanidades,Técnico en Traducción e Interpretariado,544
2024,Artes y Humanidades,Traducción e Interpretación,4033
2024,"Ciencias naturales, matemáticas y estadística",Analista Químico,372
2024,"Ciencias naturales, matemáticas y estadística",Bachillerato y/o Licenciatura en Ciencias Básicas,3483
2024,"Ciencias naturales, matemáticas y estadística",Biología,1353
2024,"Ciencias naturales, matemáticas y estadística",Biología Marina y Ecología Marina,1948
2024,"Ciencias naturales, matemáticas y estadística",Bioquímica,2886
2024,"Ciencias naturales, matemáticas y estadística",Biotecnología,525
2024,"Ciencias naturales, matemáticas y estadística",Doctorado en Ciencias Básicas,2343
2024,"Ciencias naturales, matemáticas y estadística",Doctorado en Tecnología,203
2024,"Ciencias naturales, matemáticas y estadística",Física y Astronomía,2528
2024,"Ciencias naturales, matemáticas y estadística",Geología,4099
2024,"Ciencias naturales, matemáticas y estadística",Ingeniería Civil en Geomática y Geomensura,123
2024,"Ciencias naturales, matemáticas y estadística",Ingeniería Civil Matemática y Estadística,1044
2024,"Ciencias naturales, matemáticas y estadística",Ingeniería en Geomensura y Cartografía,1412
2024,"Ciencias naturales, matemáticas y estadística",Ingeniería en Matemática y Estadística,970
2024,"Ciencias naturales, matemáticas y estadística",Ingeniería en Recursos Renovables,1718
2024,"Ciencias naturales, matemáticas y estadística",Magister en Ciencias Básicas,2878
2024,"Ciencias naturales, matemáticas y estadística",Magister en Tecnología,327
2024,"Ciencias naturales, matemáticas y estadística",Matemática y/o Estadística,621
2024,"Ciencias naturales, matemáticas y estadística",Otras Ingenierías,327
2024,"Ciencias naturales, matemáticas y estadística",Otras Ingenierías Civiles,173
2024,"Ciencias naturales, matemáticas y estadística",Otros Profesionales de Ciencias Básicas,130
2024,"Ciencias naturales, matemáticas y estadística",Postítulo en Ciencias Básicas,1035
2024,"Ciencias naturales, matemáticas y estadística",Postítulo en Tecnología,132
2024,"Ciencias naturales, matemáticas y estadística",Química Ambiental,250
2024,"Ciencias naturales, matemáticas y estadística","Química, Licenciado en Química",947
2024,"Ciencias naturales, matemáticas y estadística",Técnico en Análisis de Datos,343
2024,"Ciencias naturales, matemáticas y estadística",Técnico en Geología,247
2024,"Ciencias naturales, matemáticas y estadística",Técnico en Geominería,126
2024,"Ciencias naturales, matemáticas y estadística",Técnico en Medio Ambiente (Control y Gestión),914
2024,"Ciencias naturales, matemáticas y estadística",Técnico en Química (Análisis e Industrial),498
2024,"Ciencias Sociales, Periodismo e Información",Antropología,2258
2024,"Ciencias Sociales, Periodismo e Información",Bachillerato y/o Licenciatura en Ciencias Sociales,1628
2024,"Ciencias Sociales, Periodismo e Información",Bibliotecología,426
2024,"Ciencias Sociales, Periodismo e Información",Ciencias Políticas,1696
2024,"Ciencias Sociales, Periodismo e Información",Comunicación Social,66
2024,"Ciencias Sociales, Periodismo e Información",Doctorado en Ciencias Sociales,879
2024,"Ciencias Sociales, Periodismo e Información",Geografía,1214
2024,"Ciencias Sociales, Periodismo e Información",Magister en Ciencias Sociales,4999
2024,"Ciencias Sociales, Periodismo e Información",Magister en Humanidades,18
2024,"Ciencias Sociales, Periodismo e Información",Otros Profesionales de Ciencias Sociales,627
2024,"Ciencias Sociales, Periodismo e Información",Otros Técnicos de Ciencias Sociales,64
2024,"Ciencias Sociales, Periodismo e Información",Periodismo,7556
2024,"Ciencias Sociales, Periodismo e Información",Postítulo en Ciencias Sociales,3247
2024,"Ciencias Sociales, Periodismo e Información",Postítulo en Humanidades,1
2024,"Ciencias Sociales, Periodismo e Información",Psicología,52886
2024,"Ciencias Sociales, Periodismo e Información",Sociología,2624
2024,"Ciencias Sociales, Periodismo e Información",Técnico en Bibliotecas y Centros de Documentación,205
2024,"Ciencias Sociales, Periodismo e Información",Técnico en Comunicación Social,112
2024,Educación,Bachillerato y/o Licenciatura en Educación,443
2024,Educación,Doctorado en Educación,388
2024,Educación,Magister en Educación,8418
2024,Educación,Otros Técnicos de Educación,956
2024,Educación,Pedagogía en Artes y Música,2349
2024,Educación,Pedagogía en Ciencias,2550
2024,Educación,Pedagogía en Educación Básica,7557
2024,Educación,Pedagogía en Educación de Párvulos,10495
2024,Educación,Pedagogía en Educación Diferencial,9449
2024,Educación,Pedagogía en Educación Física,7402
2024,Educación,Pedagogía en Educación Media,578
2024,Educación,Pedagogía en Educación Técnico Profesional,173
2024,Educación,Pedagogía en Filosofía y Religión,581
2024,Educación,"Pedagogía en Historia, Geografía y Ciencias Sociales",3168
2024,Educación,Pedagogía en Idiomas,8017
2024,Educación,"Pedagogía en Lenguaje, Comunicación y/o Castellano",4433
2024,Educación,Pedagogía en Matemáticas y Computación,3355
2024,Educación,Postítulo en Educación,7555
2024,Educación,Programas de Formación Pedagógica,811
2024,Educación,Psicopedagogía,10691
2024,Educación,Técnico Asistente del Educador de Párvulos,21713
2024,Educación,Técnico Asistente del Educador Diferencial,9220
2024,"Ingeniería, Industria y Construcción",Arquitectura,16887
2024,"Ingeniería, Industria y Construcción",Bachillerato y/o Licenciatura en Tecnología,295
2024,"Ingeniería, Industria y Construcción",Construcción Civil,11504
2024,"Ingeniería, Industria y Construcción",Diseño Industrial,1316
2024,"Ingeniería, Industria y Construcción",Doctorado en Arte y Arquitectura,86
2024,"Ingeniería, Industria y Construcción",Doctorado en Tecnología,1205
2024,"Ingeniería, Industria y Construcción",Ingeniería Agroindustrial,89
2024,"Ingeniería, Industria y Construcción",Ingeniería Civil Agrícola,139
2024,"Ingeniería, Industria y Construcción",Ingeniería Civil Ambiental,1217
2024,"Ingeniería, Industria y Construcción",Ingeniería Civil Bioquímica,312
2024,"Ingeniería, Industria y Construcción",Ingeniería Civil Eléctrica,4700
2024,"Ingeniería, Industria y Construcción",Ingeniería Civil Electrónica,2401
2024,"Ingeniería, Industria y Construcción",Ingeniería Civil en Biomédica,888
2024,"Ingeniería, Industria y Construcción",Ingeniería Civil en Biotecnología y/o Bioingeniería,635
2024,"Ingeniería, Industria y Construcción",Ingeniería Civil en Energía,131
2024,"Ingeniería, Industria y Construcción",Ingeniería Civil en Geografía,60
2024,"Ingeniería, Industria y Construcción",Ingeniería Civil en Industrias Forestales,17
2024,"Ingeniería, Industria y Construcción",Ingeniería Civil en Materiales,90
2024,"Ingeniería, Industria y Construcción",Ingeniería Civil en Minas,5820
2024,"Ingeniería, Industria y Construcción",Ingeniería Civil en Obras Civiles,2935
2024,"Ingeniería, Industria y Construcción",Ingeniería Civil en Sonido y Acústica,116
2024,"Ingeniería, Industria y Construcción",Ingeniería Civil en Telemática,643
2024,"Ingeniería, Industria y Construcción",Ingeniería Civil Industrial,33281
2024,"Ingeniería, Industria y Construcción",Ingeniería Civil Mecánica,4621
2024,"Ingeniería, Industria y Construcción",Ingeniería Civil Metalúrgica,1689
2024,"Ingeniería, Industria y Construcción",Ingeniería Civil Química,2852
2024,"Ingeniería, Industria y Construcción","Ingeniería Civil, plan común y licenciatura en Ciencias de la Ingeniería",18057
2024,"Ingeniería, Industria y Construcción",Ingeniería en Alimentos,817
2024,"Ingeniería, Industria y Construcción","Ingeniería en Automatización, Instrumentación y Control",5671
2024,"Ingeniería, Industria y Construcción",Ingeniería en Biotecnología y Bioingeniería,2253
2024,"Ingeniería, Industria y Construcción",Ingeniería en Construcción,11744
2024,"Ingeniería, Industria y Construcción",Ingeniería en Electricidad,14599
2024,"Ingeniería, Industria y Construcción",Ingeniería en Electrónica,596
2024,"Ingeniería, Industria y Construcción",Ingeniería en Energía,642
2024,"Ingeniería, Industria y Construcción",Ingeniería en Geomensura y Cartografía,1
2024,"Ingeniería, Industria y Construcción",Ingeniería en Industria de la Madera,1
2024,"Ingeniería, Industria y Construcción",Ingeniería en Mecánica Automotriz,20081
2024,"Ingeniería, Industria y Construcción",Ingeniería en Mecatrónica,356
2024,"Ingeniería, Industria y Construcción",Ingeniería en Medio Ambiente,2335
2024,"Ingeniería, Industria y Construcción",Ingeniería en Metalurgia,894
2024,"Ingeniería, Industria y Construcción",Ingeniería en Minas,6325
2024,"Ingeniería, Industria y Construcción",Ingeniería en Proyectos Estructurales,63
2024,"Ingeniería, Industria y Construcción",Ingeniería en Química,900
2024,"Ingeniería, Industria y Construcción",Ingeniería en Refrigeración y Climatización,166
2024,"Ingeniería, Industria y Construcción",Ingeniería en Sonido,2076
2024,"Ingeniería, Industria y Construcción",Ingeniería en Telecomunicaciones,1335
2024,"Ingeniería, Industria y Construcción",Ingeniería Industrial,17847
2024,"Ingeniería, Industria y Construcción",Ingeniería Mecánica,2299
2024,"Ingeniería, Industria y Construcción",Ingeniería Naval,225
2024,"Ingeniería, Industria y Construcción",Magister en Arte y Arquitectura,591
2024,"Ingeniería, Industria y Construcción",Magister en Tecnología,3472
2024,"Ingeniería, Industria y Construcción",Otras Ingenierías,1199
2024,"Ingeniería, Industria y Construcción",Otras Ingenierías Civiles,1565
2024,"Ingeniería, Industria y Construcción",Otros Profesionales de Arte y Arquitectura,14
2024,"Ingeniería, Industria y Construcción",Otros Profesionales de Tecnología,677
2024,"Ingeniería, Industria y Construcción",Otros Técnicos de Tecnología,397
2024,"Ingeniería, Industria y Construcción",Paisajismo,71
2024,"Ingeniería, Industria y Construcción",Postítulo en Arte y Arquitectura,265
2024,"Ingeniería, Industria y Construcción",Postítulo en Tecnología,1543
2024,"Ingeniería, Industria y Construcción",Química Industrial,211
2024,"Ingeniería, Industria y Construcción",Técnico en Agroindustria,114
2024,"Ingeniería, Industria y Construcción",Técnico en Alimentos,504
2024,"Ingeniería, Industria y Construcción",Técnico en Biotecnología Industrial,97
2024,"Ingeniería, Industria y Construcción",Técnico en Construcción y Obras Civiles,9627
2024,"Ingeniería, Industria y Construcción",Técnico en Dibujo Arquitectónico,905
2024,"Ingeniería, Industria y Construcción",Técnico en Dibujo Técnico,134
2024,"Ingeniería, Industria y Construcción",Técnico en Diseño de Áreas Verdes y Paisajismo,105
2024,"Ingeniería, Industria y Construcción",Técnico en Diseño Industrial,1
2024,"Ingeniería, Industria y Construcción",Técnico en Electricidad y Electricidad Industrial,13903
2024,"Ingeniería, Industria y Construcción",Técnico en Electromecánica,1156
2024,"Ingeniería, Industria y Construcción",Técnico en Electrónica y Electrónica Industrial,346
2024,"Ingeniería, Industria y Construcción",Técnico en Energía,1315
2024,"Ingeniería, Industria y Construcción","Técnico en Instrumentación, Automatización y Control Industrial",6794
2024,"Ingeniería, Industria y Construcción",Técnico en Mantenimiento Industrial,6250
2024,"Ingeniería, Industria y Construcción",Técnico en Mecánica Automotriz,12349
2024,"Ingeniería, Industria y Construcción",Técnico en Mecánica Industrial,1633
2024,"Ingeniería, Industria y Construcción",Técnico en Mecatrónica,334
2024,"Ingeniería, Industria y Construcción",Técnico en Medio Ambiente (Control y Gestión),44
2024,"Ingeniería, Industria y Construcción",Técnico en Metalurgia,421
2024,"Ingeniería, Industria y Construcción",Técnico en Minería,5701
2024,"Ingeniería, Industria y Construcción",Técnico en Procesos Industriales,54
2024,"Ingeniería, Industria y Construcción",Técnico en Proyecto y Diseño Mecánico,4
2024,"Ingeniería, Industria y Construcción",Técnico en Proyectos de Ingeniería,56
2024,"Ingeniería, Industria y Construcción",Técnico en Refrigeración y Climatización,504
2024,"Ingeniería, Industria y Construcción",Técnico en Telecomunicaciones,1447
2024,"Ingeniería, Industria y Construcción",Técnico en Topografía,1941
2024,"Ingeniería, Industria y Construcción",Técnico en Vitivinicultura y/o Enología,94
2024,Salud y Bienestar,Bachillerato y/o Licenciatura en Salud,1763
2024,Salud y Bienestar,Doctorado en Ciencias Sociales,15
2024,Salud y Bienestar,Doctorado en Salud,580
2024,Salud y Bienestar,Enfermería,36309
2024,Salud y Bienestar,Fonoaudiología,8473
2024,Salud y Bienestar,Kinesiología,23860
2024,Salud y Bienestar,Magister en Ciencias Sociales,228
2024,Salud y Bienestar,Magister en Salud,3107
2024,Salud y Bienestar,Medicina,20490
2024,Salud y Bienestar,Naturopatía,388
2024,Salud y Bienestar,Nutrición y Dietética,14125
2024,Salud y Bienestar,Obstetricia y Puericultura,12793
2024,Salud y Bienestar,Odontología,14434
2024,Salud y Bienestar,Otros Profesionales de Ciencias Sociales,4
2024,Salud y Bienestar,Otros Profesionales de Salud,131
2024,Salud y Bienestar,Otros Técnicos de Ciencias Sociales,226
2024,Salud y Bienestar,Postítulo en Ciencias Sociales,691
2024,Salud y Bienestar,Postítulo en Salud,20065
2024,Salud y Bienestar,Química y Farmacia,10351
2024,Salud y Bienestar,Técnico Dental y Asistente de Odontología,6801
2024,Salud y Bienestar,Técnico en Enfermería,46721
2024,Salud y Bienestar,Técnico en Farmacia,3999
2024,Salud y Bienestar,Técnico en Laboratorio Clínico,2337
2024,Salud y Bienestar,Técnico en Masoterapia,1468
2024,Salud y Bienestar,Técnico en Nutrición y Dietética,267
2024,Salud y Bienestar,Técnico en Óptica,216
2024,Salud y Bienestar,Técnico en Podología,4408
2024,Salud y Bienestar,Técnico en Prevención y Rehabilitación,1124
2024,Salud y Bienestar,Técnico en Radiología y Radioterapia,651
2024,Salud y Bienestar,Técnico en Servicio Social,10035
2024,Salud y Bienestar,Técnico en Terapias Naturales y Naturopatía,470
2024,Salud y Bienestar,Técnico Laboratorista Dental,1208
2024,Salud y Bienestar,Tecnología Médica,16135
2024,Salud y Bienestar,Terapia Ocupacional,14235
2024,Salud y Bienestar,Trabajo Social,32883
2024,Servicios,Administración Gastronómica,7911
2024,Servicios,Administración Turística y Hotelera,6125
2024,Servicios,Doctorado en Educación,14
2024,Servicios,Ingeniería en Prevención de Riesgos,8914
2024,Servicios,Ingeniería en Seguridad Privada,3187
2024,Servicios,Ingeniería en Transporte y Tránsito,70
2024,Servicios,Ingeniería Marina y Marítimo Portuaria,679
2024,Servicios,Magister en Educación,209
2024,Servicios,Magister en Tecnología,350
2024,Servicios,Otras Ingenierías,214
2024,Servicios,Otras Ingenierías Civiles,110
2024,Servicios,Otros Profesionales de Arte y Arquitectura,2512
2024,Servicios,Otros Profesionales de Educación,2394
2024,Servicios,Otros Profesionales de Tecnología,1
2024,Servicios,Otros Técnicos de Tecnología,175
2024,Servicios,Postítulo en Administración y Comercio,20
2024,Servicios,Postítulo en Educación,40
2024,Servicios,Postítulo en Tecnología,555
2024,Servicios,"Técnico en Deporte, Recreación y Preparación Física",9437
2024,Servicios,Técnico en Gastronomía y Cocina,12743
2024,Servicios,Técnico en Peluquería y Estética,7673
2024,Servicios,Técnico en Prevención de Riesgos,5150
2024,Servicios,Técnico en Seguridad Privada,423
2024,Servicios,Técnico en Transporte Marítimo y Puertos,579
2024,Servicios,Técnico en Turismo y Hotelería,3830
2024,Tecnología de la Información y la Comunicación (TIC),Bachillerato y/o Licenciatura en Tecnología,179
2024,Tecnología de la Información y la Comunicación (TIC),Doctorado en Tecnología,182
2024,Tecnología de la Información y la Comunicación (TIC),Ingeniería Civil en Computación e Informática,16063
2024,Tecnología de la Información y la Comunicación (TIC),Ingeniería en Computación e Informática,31121
2024,Tecnología de la Información y la Comunicación (TIC),Ingeniería en Conectividad y Redes,5461
2024,Tecnología de la Información y la Comunicación (TIC),Magister en Tecnología,986
2024,Tecnología de la Información y la Comunicación (TIC),Otras Ingenierías,1
2024,Tecnología de la Información y la Comunicación (TIC),Otras Ingenierías Civiles,206
2024,Tecnología de la Información y la Comunicación (TIC),Otros Profesionales de Tecnología,743
2024,Tecnología de la Información y la Comunicación (TIC),Postítulo en Tecnología,1373
2024,Tecnología de la Información y la Comunicación (TIC),Técnico en Administración de Redes y Soporte,2252
2024,Tecnología de la Información y la Comunicación (TIC),Técnico en Análisis de Sistemas,166
2024,Tecnología de la Información y la Comunicación (TIC),Técnico en Computación e Informática,15571
2024,Tecnología de la Información y la Comunicación (TIC),"Técnico en Producción, Desarrollo y Diseño Web",260
